/*
 Navicat Premium Data Transfer

 Source Server         : Local Database - 5.7.42
 Source Server Type    : MySQL
 Source Server Version : 50742 (5.7.42)
 Source Host           : localhost:3306
 Source Schema         : caro2o

 Target Server Type    : MySQL
 Target Server Version : 50742 (5.7.42)
 File Encoding         : 65001

 Date: 17/11/2023 23:26:03
*/

SET NAMES utf8mb4;
SET FOREIGN_KEY_CHECKS = 0;

-- ----------------------------
-- Table structure for act_evt_log
-- ----------------------------
DROP TABLE IF EXISTS `act_evt_log`;
CREATE TABLE `act_evt_log`  (
  `LOG_NR_` bigint(20) NOT NULL AUTO_INCREMENT,
  `TYPE_` varchar(64) CHARACTER SET utf8 COLLATE utf8_bin NULL DEFAULT NULL,
  `PROC_DEF_ID_` varchar(64) CHARACTER SET utf8 COLLATE utf8_bin NULL DEFAULT NULL,
  `PROC_INST_ID_` varchar(64) CHARACTER SET utf8 COLLATE utf8_bin NULL DEFAULT NULL,
  `EXECUTION_ID_` varchar(64) CHARACTER SET utf8 COLLATE utf8_bin NULL DEFAULT NULL,
  `TASK_ID_` varchar(64) CHARACTER SET utf8 COLLATE utf8_bin NULL DEFAULT NULL,
  `TIME_STAMP_` timestamp(3) NOT NULL DEFAULT CURRENT_TIMESTAMP(3) ON UPDATE CURRENT_TIMESTAMP(3),
  `USER_ID_` varchar(255) CHARACTER SET utf8 COLLATE utf8_bin NULL DEFAULT NULL,
  `DATA_` longblob NULL,
  `LOCK_OWNER_` varchar(255) CHARACTER SET utf8 COLLATE utf8_bin NULL DEFAULT NULL,
  `LOCK_TIME_` timestamp(3) NULL DEFAULT NULL,
  `IS_PROCESSED_` tinyint(4) NULL DEFAULT 0,
  PRIMARY KEY (`LOG_NR_`) USING BTREE
) ENGINE = InnoDB AUTO_INCREMENT = 1 CHARACTER SET = utf8 COLLATE = utf8_bin ROW_FORMAT = Dynamic;

-- ----------------------------
-- Records of act_evt_log
-- ----------------------------

-- ----------------------------
-- Table structure for act_ge_bytearray
-- ----------------------------
DROP TABLE IF EXISTS `act_ge_bytearray`;
CREATE TABLE `act_ge_bytearray`  (
  `ID_` varchar(64) CHARACTER SET utf8 COLLATE utf8_bin NOT NULL,
  `REV_` int(11) NULL DEFAULT NULL,
  `NAME_` varchar(255) CHARACTER SET utf8 COLLATE utf8_bin NULL DEFAULT NULL,
  `DEPLOYMENT_ID_` varchar(64) CHARACTER SET utf8 COLLATE utf8_bin NULL DEFAULT NULL,
  `BYTES_` longblob NULL,
  `GENERATED_` tinyint(4) NULL DEFAULT NULL,
  PRIMARY KEY (`ID_`) USING BTREE,
  INDEX `ACT_FK_BYTEARR_DEPL`(`DEPLOYMENT_ID_`) USING BTREE,
  CONSTRAINT `ACT_FK_BYTEARR_DEPL` FOREIGN KEY (`DEPLOYMENT_ID_`) REFERENCES `act_re_deployment` (`ID_`) ON DELETE RESTRICT ON UPDATE RESTRICT
) ENGINE = InnoDB CHARACTER SET = utf8 COLLATE = utf8_bin ROW_FORMAT = Dynamic;

-- ----------------------------
-- Records of act_ge_bytearray
-- ----------------------------
INSERT INTO `act_ge_bytearray` VALUES ('10005', 1, 'bus_car_package_audit.bpmn', '10004', 0x3C3F786D6C2076657273696F6E3D22312E302220656E636F64696E673D225554462D3822207374616E64616C6F6E653D22796573223F3E0D0A3C646566696E6974696F6E7320786D6C6E733D22687474703A2F2F7777772E6F6D672E6F72672F737065632F42504D4E2F32303130303532342F4D4F44454C220D0A20202020202020202020202020786D6C6E733A6F6D6764693D22687474703A2F2F7777772E6F6D672E6F72672F737065632F44442F32303130303532342F4449220D0A20202020202020202020202020786D6C6E733A61637469766974693D22687474703A2F2F61637469766974692E6F72672F62706D6E220D0A20202020202020202020202020786D6C6E733A6F6D6764633D22687474703A2F2F7777772E6F6D672E6F72672F737065632F44442F32303130303532342F4443220D0A20202020202020202020202020786D6C6E733A746E733D22687474703A2F2F7777772E61637469766974692E6F72672F74657374220D0A20202020202020202020202020786D6C6E733A7873643D22687474703A2F2F7777772E77332E6F72672F323030312F584D4C536368656D61220D0A20202020202020202020202020786D6C6E733A62706D6E64693D22687474703A2F2F7777772E6F6D672E6F72672F737065632F42504D4E2F32303130303532342F4449220D0A20202020202020202020202020786D6C6E733A7873693D22687474703A2F2F7777772E77332E6F72672F323030312F584D4C536368656D612D696E7374616E6365220D0A2020202020202020202020202065787072657373696F6E4C616E67756167653D22687474703A2F2F7777772E77332E6F72672F313939392F5850617468220D0A2020202020202020202020202069643D226D31363830393336393539313636220D0A202020202020202020202020206E616D653D22220D0A202020202020202020202020207461726765744E616D6573706163653D22687474703A2F2F7777772E61637469766974692E6F72672F74657374220D0A20202020202020202020202020747970654C616E67756167653D22687474703A2F2F7777772E77332E6F72672F323030312F584D4C536368656D61223E0D0A2020203C70726F6365737320786D6C6E733D22222069643D226361725F7061636B6167655F617564697422206973436C6F7365643D2266616C73652220697345786563757461626C653D2274727565220D0A2020202020202020202020206E616D653D22E69C8DE58AA1E5A597E9A490E5AEA1E6A0B8220D0A20202020202020202020202070726F63657373547970653D224E6F6E65223E0D0A2020202020203C73746172744576656E742069643D225F3222206E616D653D22E5BC80E5A78B222F3E0D0A2020202020203C757365725461736B2061637469766974693A61737369676E65653D22247B73686F704F776E657249647D222061637469766974693A6578636C75736976653D2274727565222069643D225F3322206E616D653D22E5BA97E995BF222F3E0D0A2020202020203C6578636C7573697665476174657761792067617465776179446972656374696F6E3D22556E737065636966696564222069643D225F3422206E616D653D22E5BA97E995BFE5AEA1E689B9E698AFE590A6E9809AE8BF87222F3E0D0A2020202020203C656E644576656E742069643D225F3522206E616D653D22E7BB93E69D9F222F3E0D0A2020202020203C6578636C7573697665476174657761792067617465776179446972656374696F6E3D22556E737065636966696564222069643D225F3622206E616D653D22E68A98E689A3E98791E9A29DE588A4E696AD222F3E0D0A2020202020203C73657175656E6365466C6F772069643D225F372220736F757263655265663D225F3222207461726765745265663D225F33222F3E0D0A2020202020203C73657175656E6365466C6F772069643D225F382220736F757263655265663D225F3322207461726765745265663D225F34222F3E0D0A2020202020203C73657175656E6365466C6F772069643D225F3922206E616D653D22E5BA97E995BFE5AEA1E689B9E68B92E7BB9D2220736F757263655265663D225F3422207461726765745265663D225F35223E0D0A2020202020202020203C636F6E646974696F6E45787072657373696F6E207873693A747970653D2274466F726D616C45787072657373696F6E223E247B2173686F704F776E657241756469747D3C2F636F6E646974696F6E45787072657373696F6E3E0D0A2020202020203C2F73657175656E6365466C6F773E0D0A2020202020203C73657175656E6365466C6F772069643D225F313022206E616D653D22E5BA97E995BFE5AEA1E689B9E9809AE8BF872220736F757263655265663D225F3422207461726765745265663D225F36223E0D0A2020202020202020203C636F6E646974696F6E45787072657373696F6E207873693A747970653D2274466F726D616C45787072657373696F6E223E247B73686F704F776E657241756469747D3C2F636F6E646974696F6E45787072657373696F6E3E0D0A2020202020203C2F73657175656E6365466C6F773E0D0A2020202020203C73657175656E6365466C6F772069643D225F313122206E616D653D22E98791E9A29D20266C743B20353030302220736F757263655265663D225F3622207461726765745265663D225F35223E0D0A2020202020202020203C636F6E646974696F6E45787072657373696F6E207873693A747970653D2274466F726D616C45787072657373696F6E223E247B646973636F756E74416D6F756E7420266C743B20353030307D3C2F636F6E646974696F6E45787072657373696F6E3E0D0A2020202020203C2F73657175656E6365466C6F773E0D0A2020202020203C757365725461736B2061637469766974693A61737369676E65653D22247B66696E616E63616C49647D222061637469766974693A6578636C75736976653D2274727565222069643D225F313222206E616D653D22E8B4A2E58AA1222F3E0D0A2020202020203C73657175656E6365466C6F772069643D225F313322206E616D653D22E98791E9A29D202667743B3D20353030302220736F757263655265663D225F3622207461726765745265663D225F3132223E0D0A2020202020202020203C636F6E646974696F6E45787072657373696F6E207873693A747970653D2274466F726D616C45787072657373696F6E223E247B646973636F756E74416D6F756E74202667743B3D20353030307D3C2F636F6E646974696F6E45787072657373696F6E3E0D0A2020202020203C2F73657175656E6365466C6F773E0D0A2020202020203C73657175656E6365466C6F772069643D225F313422206E616D653D22E8B4A2E58AA1E5AEA1E6A0B8E5AE8CE688902220736F757263655265663D225F313222207461726765745265663D225F35222F3E0D0A2020203C2F70726F636573733E0D0A2020203C62706D6E64693A42504D4E4469616772616D20786D6C6E733D22220D0A2020202020202020202020202020202020202020202020646F63756D656E746174696F6E3D226261636B67726F756E643D234646464646463B636F756E743D313B686F72697A6F6E74616C636F756E743D313B6F7269656E746174696F6E3D303B77696474683D3834322E343B6865696768743D313139352E323B696D61676561626C6557696474683D3833322E343B696D61676561626C654865696768743D313138352E323B696D61676561626C65583D352E303B696D61676561626C65593D352E30220D0A202020202020202020202020202020202020202020202069643D224469616772616D2D5F31220D0A20202020202020202020202020202020202020202020206E616D653D224E6577204469616772616D223E0D0A2020202020203C62706D6E64693A42504D4E506C616E652062706D6E456C656D656E743D226361725F7061636B6167655F6175646974223E0D0A2020202020202020203C62706D6E64693A42504D4E53686170652062706D6E456C656D656E743D225F32222069643D2253686170652D5F32223E0D0A2020202020202020202020203C6F6D6764633A426F756E6473206865696768743D2233322E30222077696474683D2233322E302220783D2233302E302220793D223235302E30222F3E0D0A2020202020202020202020203C62706D6E64693A42504D4E4C6162656C3E0D0A2020202020202020202020202020203C6F6D6764633A426F756E6473206865696768743D2233322E30222077696474683D2233322E302220783D22302E302220793D22302E30222F3E0D0A2020202020202020202020203C2F62706D6E64693A42504D4E4C6162656C3E0D0A2020202020202020203C2F62706D6E64693A42504D4E53686170653E0D0A2020202020202020203C62706D6E64693A42504D4E53686170652062706D6E456C656D656E743D225F33222069643D2253686170652D5F33223E0D0A2020202020202020202020203C6F6D6764633A426F756E6473206865696768743D2235352E30222077696474683D2238352E302220783D223138302E302220793D223234302E30222F3E0D0A2020202020202020202020203C62706D6E64693A42504D4E4C6162656C3E0D0A2020202020202020202020202020203C6F6D6764633A426F756E6473206865696768743D2235352E30222077696474683D2238352E302220783D22302E302220793D22302E30222F3E0D0A2020202020202020202020203C2F62706D6E64693A42504D4E4C6162656C3E0D0A2020202020202020203C2F62706D6E64693A42504D4E53686170653E0D0A2020202020202020203C62706D6E64693A42504D4E53686170652062706D6E456C656D656E743D225F34222069643D2253686170652D5F34222069734D61726B657256697369626C653D2266616C7365223E0D0A2020202020202020202020203C6F6D6764633A426F756E6473206865696768743D2233322E30222077696474683D2233322E302220783D223339302E302220793D223235302E30222F3E0D0A2020202020202020202020203C62706D6E64693A42504D4E4C6162656C3E0D0A2020202020202020202020202020203C6F6D6764633A426F756E6473206865696768743D2233322E30222077696474683D2233322E302220783D22302E302220793D22302E30222F3E0D0A2020202020202020202020203C2F62706D6E64693A42504D4E4C6162656C3E0D0A2020202020202020203C2F62706D6E64693A42504D4E53686170653E0D0A2020202020202020203C62706D6E64693A42504D4E53686170652062706D6E456C656D656E743D225F35222069643D2253686170652D5F35223E0D0A2020202020202020202020203C6F6D6764633A426F756E6473206865696768743D2233322E30222077696474683D2233322E302220783D223537302E302220793D223134352E30222F3E0D0A2020202020202020202020203C62706D6E64693A42504D4E4C6162656C3E0D0A2020202020202020202020202020203C6F6D6764633A426F756E6473206865696768743D2233322E30222077696474683D2233322E302220783D22302E302220793D22302E30222F3E0D0A2020202020202020202020203C2F62706D6E64693A42504D4E4C6162656C3E0D0A2020202020202020203C2F62706D6E64693A42504D4E53686170653E0D0A2020202020202020203C62706D6E64693A42504D4E53686170652062706D6E456C656D656E743D225F36222069643D2253686170652D5F36222069734D61726B657256697369626C653D2266616C7365223E0D0A2020202020202020202020203C6F6D6764633A426F756E6473206865696768743D2233322E30222077696474683D2233322E302220783D223339302E302220793D223134352E30222F3E0D0A2020202020202020202020203C62706D6E64693A42504D4E4C6162656C3E0D0A2020202020202020202020202020203C6F6D6764633A426F756E6473206865696768743D2233322E30222077696474683D2233322E302220783D22302E302220793D22302E30222F3E0D0A2020202020202020202020203C2F62706D6E64693A42504D4E4C6162656C3E0D0A2020202020202020203C2F62706D6E64693A42504D4E53686170653E0D0A2020202020202020203C62706D6E64693A42504D4E53686170652062706D6E456C656D656E743D225F3132222069643D2253686170652D5F3132223E0D0A2020202020202020202020203C6F6D6764633A426F756E6473206865696768743D2235352E30222077696474683D2238352E302220783D223336352E302220793D2232352E30222F3E0D0A2020202020202020202020203C62706D6E64693A42504D4E4C6162656C3E0D0A2020202020202020202020202020203C6F6D6764633A426F756E6473206865696768743D2235352E30222077696474683D2238352E302220783D22302E302220793D22302E30222F3E0D0A2020202020202020202020203C2F62706D6E64693A42504D4E4C6162656C3E0D0A2020202020202020203C2F62706D6E64693A42504D4E53686170653E0D0A2020202020202020203C62706D6E64693A42504D4E456467652062706D6E456C656D656E743D225F3133222069643D2242504D4E456467655F5F31332220736F75726365456C656D656E743D225F362220746172676574456C656D656E743D225F3132223E0D0A2020202020202020202020203C6F6D6764693A776179706F696E7420783D223430362E302220793D223134352E30222F3E0D0A2020202020202020202020203C6F6D6764693A776179706F696E7420783D223430362E302220793D2238302E30222F3E0D0A2020202020202020202020203C62706D6E64693A42504D4E4C6162656C3E0D0A2020202020202020202020202020203C6F6D6764633A426F756E6473206865696768743D22302E30222077696474683D22302E302220783D22302E302220793D22302E30222F3E0D0A2020202020202020202020203C2F62706D6E64693A42504D4E4C6162656C3E0D0A2020202020202020203C2F62706D6E64693A42504D4E456467653E0D0A2020202020202020203C62706D6E64693A42504D4E456467652062706D6E456C656D656E743D225F3134222069643D2242504D4E456467655F5F31342220736F75726365456C656D656E743D225F31322220746172676574456C656D656E743D225F35223E0D0A2020202020202020202020203C6F6D6764693A776179706F696E7420783D223435302E302220793D2235322E35222F3E0D0A2020202020202020202020203C6F6D6764693A776179706F696E7420783D223538352E302220793D223130352E30222F3E0D0A2020202020202020202020203C6F6D6764693A776179706F696E7420783D223538352E302220793D223134352E30333132383035373733323837222F3E0D0A2020202020202020202020203C62706D6E64693A42504D4E4C6162656C3E0D0A2020202020202020202020202020203C6F6D6764633A426F756E6473206865696768743D22302E30222077696474683D22302E302220783D22302E302220793D22302E30222F3E0D0A2020202020202020202020203C2F62706D6E64693A42504D4E4C6162656C3E0D0A2020202020202020203C2F62706D6E64693A42504D4E456467653E0D0A2020202020202020203C62706D6E64693A42504D4E456467652062706D6E456C656D656E743D225F37222069643D2242504D4E456467655F5F372220736F75726365456C656D656E743D225F322220746172676574456C656D656E743D225F33223E0D0A2020202020202020202020203C6F6D6764693A776179706F696E7420783D2236322E302220793D223236362E30222F3E0D0A2020202020202020202020203C6F6D6764693A776179706F696E7420783D223138302E302220793D223236372E35222F3E0D0A2020202020202020202020203C62706D6E64693A42504D4E4C6162656C3E0D0A2020202020202020202020202020203C6F6D6764633A426F756E6473206865696768743D22302E30222077696474683D22302E302220783D22302E302220793D22302E30222F3E0D0A2020202020202020202020203C2F62706D6E64693A42504D4E4C6162656C3E0D0A2020202020202020203C2F62706D6E64693A42504D4E456467653E0D0A2020202020202020203C62706D6E64693A42504D4E456467652062706D6E456C656D656E743D225F38222069643D2242504D4E456467655F5F382220736F75726365456C656D656E743D225F332220746172676574456C656D656E743D225F34223E0D0A2020202020202020202020203C6F6D6764693A776179706F696E7420783D223236352E302220793D223236372E35222F3E0D0A2020202020202020202020203C6F6D6764693A776179706F696E7420783D223339302E302220793D223236362E30222F3E0D0A2020202020202020202020203C62706D6E64693A42504D4E4C6162656C3E0D0A2020202020202020202020202020203C6F6D6764633A426F756E6473206865696768743D22302E30222077696474683D22302E302220783D22302E302220793D22302E30222F3E0D0A2020202020202020202020203C2F62706D6E64693A42504D4E4C6162656C3E0D0A2020202020202020203C2F62706D6E64693A42504D4E456467653E0D0A2020202020202020203C62706D6E64693A42504D4E456467652062706D6E456C656D656E743D225F39222069643D2242504D4E456467655F5F392220736F75726365456C656D656E743D225F342220746172676574456C656D656E743D225F35223E0D0A2020202020202020202020203C6F6D6764693A776179706F696E7420783D223431382E302220793D223237302E30222F3E0D0A2020202020202020202020203C6F6D6764693A776179706F696E7420783D223538352E302220793D223237302E30222F3E0D0A2020202020202020202020203C6F6D6764693A776179706F696E7420783D223538352E302220793D223137362E39363837313934323236373133222F3E0D0A2020202020202020202020203C62706D6E64693A42504D4E4C6162656C3E0D0A2020202020202020202020202020203C6F6D6764633A426F756E6473206865696768743D22302E30222077696474683D22302E302220783D22302E302220793D22302E30222F3E0D0A2020202020202020202020203C2F62706D6E64693A42504D4E4C6162656C3E0D0A2020202020202020203C2F62706D6E64693A42504D4E456467653E0D0A2020202020202020203C62706D6E64693A42504D4E456467652062706D6E456C656D656E743D225F3131222069643D2242504D4E456467655F5F31312220736F75726365456C656D656E743D225F362220746172676574456C656D656E743D225F35223E0D0A2020202020202020202020203C6F6D6764693A776179706F696E7420783D223432322E302220793D223136312E30222F3E0D0A2020202020202020202020203C6F6D6764693A776179706F696E7420783D223537302E302220793D223136312E30222F3E0D0A2020202020202020202020203C62706D6E64693A42504D4E4C6162656C3E0D0A2020202020202020202020202020203C6F6D6764633A426F756E6473206865696768743D22302E30222077696474683D22302E302220783D22302E302220793D22302E30222F3E0D0A2020202020202020202020203C2F62706D6E64693A42504D4E4C6162656C3E0D0A2020202020202020203C2F62706D6E64693A42504D4E456467653E0D0A2020202020202020203C62706D6E64693A42504D4E456467652062706D6E456C656D656E743D225F3130222069643D2242504D4E456467655F5F31302220736F75726365456C656D656E743D225F342220746172676574456C656D656E743D225F36223E0D0A2020202020202020202020203C6F6D6764693A776179706F696E7420783D223430362E302220793D223235302E30222F3E0D0A2020202020202020202020203C6F6D6764693A776179706F696E7420783D223430362E302220793D223137372E30222F3E0D0A2020202020202020202020203C62706D6E64693A42504D4E4C6162656C3E0D0A2020202020202020202020202020203C6F6D6764633A426F756E6473206865696768743D22302E30222077696474683D22302E302220783D22302E302220793D22302E30222F3E0D0A2020202020202020202020203C2F62706D6E64693A42504D4E4C6162656C3E0D0A2020202020202020203C2F62706D6E64693A42504D4E456467653E0D0A2020202020203C2F62706D6E64693A42504D4E506C616E653E0D0A2020203C2F62706D6E64693A42504D4E4469616772616D3E0D0A3C2F646566696E6974696F6E733E, 0);
INSERT INTO `act_ge_bytearray` VALUES ('7502', 1, 'bus_car_package_audit.png', '7501', 0x89504E470D0A1A0A0000000D49484452000000F00000021208020000007D24D565000027A449444154785EED9D5B8F1BC799F7F96D78DB1F821F81BCD04406880516BA59E39D3800A96556C9E662F1BE40B0BBC65C84A08DCDC52E76E558E30360308C36D06B7962CBF1611D1F46A447632B9393838C932007D93126D6689FAA22ABABAB9ADD4D76B3E6A9E6FF8707444F7575B3AAFAD7C5A78B84D47804408D68D80500840C8406B50242835A01A141AD80D0A0564068502B2034A815101AD40A080D6A058406B50242835A01A141AD80D0A0564068502B2034A815101AD40A080D6A058406B50242835A01A18B727272723B7CA81776C7EA05842E0AA9707CEFCEECEE7EB87122B13B562F20745120741040E8A240E82080D04581D04100A18B02A18300421705420701842E0A840E02085D143E424F0FF7FAEDEE687CC3296C59855640681053ADD0E4DF6838C88B6E276A44BDC1E4D07277D06934FB96D0E36ED46876867BEE7BE980D020A65AA1CD102E465D6DAD986BA34667B874AEB5EACF0B87AD467BE056360342839865427FF7CEDFBFFDFEBFBBE5C56355A127BD66D44BCCC4F2107BCE76034283986542FFD3FFFF9BFFF7F2DF3EFFE6FF3D3CFC9EBBB74814145A6729B4376ACB9CA4DD8CE4AC2CCEB0989E69BBE364292A203488C9105AC593077FF7F24FBEE356C88D82421B7B5B2359594FD564B6393D8BF46351C70C080D62728556B14606922DF464BC674EB766E5515B54935A0F44B545A8A74937A586D020A6A0D04532107B89A3D78AA256DF59DC50BB1A0DA166ACFBB0A566659D3793D68D06E51EF20C526855ADE13C38426810535C6815C53390EC19DA0A9D5DA4AE7564078406311B143A399B66082D56A01735F53A9DFA4AC598E0D594DF450E0DB2282E746ECA6185B5849C25B4B19AA112E845FDE443E192C91B4283988242AFF150A8D554912134C58472E84864CC5163BE8E01A14D20745172852E9E639821B388C4125BB6D02A28936E2CBEE886D02610BA281942AF9A639831E9352D7773859EDF03E341A7D1887A7B10DA0442176599D06BE4183AC41A9CB35A9C2DB4A9AF4AA95549472DF3190F85101A64B14CE8B5633AEC76923FC998972F179A768DDA2DFB777698A10D207451AA157AD2EB2EFB2D915A86737FD92C6CEED93F83D6E5C96F13699E4EB955203488A956E80B09080D6220741040E8A240E82080D04581D04100A18B02A18300421705420701842E0A840E02085D14081D0410BA28A4C2D34F3DB91332101AC49CE05FF00F0108CD88FDFD7DBB08AC088466C4A54B97EC22B022109A1110BA3C109A1110BA3C109A1110BA3C109A1110BA3C109A1110BA3C109A1110BA3C109A1110BA3C109A1110BA3C109A1110BA3C109A1110BA3C109A1110BA3C109A1110BA3C109A1110BA3C109A1110BA3C109A1110BA3C109A1110BA3C109A1110BA3C109A1110BA3C109A1110BA3C109A1110BA3C109A1110BA3C109A1110BA3C109A1110BA3C109A1110BA3C109A1110BA3C109A1110BA3C109A1110BA3C109A1110BA3C109A1110BA3C109A1110BA3C109A1110BA3C109A1110BA3C109A1110BA3C109A1110BA3C109A1110BA3C109A1110BA3C109A1110BA3C109A1110BA3C109A1110BA3C109A1110BA3C10FA22393E3EBE79F3E6C3870FD59F5A682AA172DA1B5705C580D017C9F9F9F9EEEEEED5AB578F8E8E1E2D84A66D2AA172DA6B1F00F280D017CC783C268F77767686C3216DD02B6DD30695DB55410120F405F3E0C1836EB77B29099550B95D151400425F3CA3D1C8129A4AEC4AA01810FAE2B97FFFBE253495D895403120340BAE5DBBA66DA66D7B37280C8466C1C1C181169AB6EDDDA030109A0567676757AE5C219BE995B6EDDDA030109A0BD7AF5F27A1E9D5DE0156014273E1F4F4F4F2E5CBF46AEF00AB00A11971EBD62DBB08AC08842ECAC9C9C9EDF0A15ED81DAB1710BA28A4C2F1BD3BB3BBFBE1C689C4EE58BD80D04581D04100A18B02A18300421705420701842E0A840E02085D14081D0410BA28103A082074513C083D1D763BEDC1E4F086BBCBA9D98AD26A4E8629853A203488F12034C5A8DD68B40766C964BCE75623A11B51D7725714361A512F71B819101AC4542EF4F470D0895AFDE1606444BFDDA4A9372E6937A5A3B6D3AED0D371376A343A43BBA619101AC4B8423FFEF2BBB9E15AA54308DD68F6C78959363B67888F4D0A3D1DD3BD619FCA0D080D623620F45EDFB190520E773E76C3145ACCCD516B9467F30C4203136F427786F96A6AA127C356C1E7C819840626DE84A6A7BA450EDDED34EC67C4F9B15268AAB06C629EA495436810B301A15372E88C199A6E80F861B1D76C380F94C69325DD07F69967101A986C46E8D628992D64089D38D6C8A127344F23E55800A18BB239A1E5B724DDF9E41A9929472B727292F9B1E643219D272D2D7103428398EA8516AB13424A7751795E216D0A9FEF4A1E32E9B5B257A05540681053BDD024A59C59B5D97685C242ABE7CBDCF53E080D622A177AD26BAA74B902A1C77B93F19E4857DA4BD73D66101A98542BB4FCDE3BF1CD48DA924537CA137A321EF4DB74AC989BC53288FAAA5C9C6DCFBD43203488A95668CA7AF5D3DE9A3974A3498F8C6EEA3C19763B915CB67376416810E30ABD7690A923636D4EAC722CFF895C6AA82C2523BB480D080D622A14FAA202428318081D0410BA28103A0820745120741040E8A240E82080D04581D04100A18B02A18300421705420701842E0A840E02085D1452E1E9A79EDC0919080D624EF02FF887008466C4FEFEBE5D0456044233E2D2A54B7611581108CD08085D1E08CD08085D1E08CD08085D1E08CD08085D1E08CD08085D1E08CD08085D1E08CD08085D1E08CD08085D1E08CD08085D1E08CD08085D1E08CD08085D1E08CD08085D1E08CD08085D1E08CD08085D1E08CD08085D1E08CD08085D1E08CD08085D1E08CD08085D1E08CD08085D1E08CD08085D1E08CD08085D1E08CD08085D1E08CD08085D1E08CD08085D1E08CD08085D1E08CD08085D1E08CD08085D1E08CD08085D1E08CD08085D1E08CD08085D1E08CD08085D1E08CD08085D1E08CD08085D1E08CD08085D1E08CD08085D1E08CD08085D1E08CD08085D1E08CD08085D1E08CD08085D1E08CD08085D1E087D911C1F1FDFBC79F3E1C387EA4F2D34955039ED8DAB826240E88BE4FCFC7C7777F7EAD5AB4747478F1642D336955039EDB50F007940E80B663C1E93C73B3B3BC3E19036E895B66983CAEDAAA00010FA8279F0E041B7DBBD94844AA8DCAE0A0A00A12F9ED16864094D257625500C087DF1DCBF7FDF129A4AEC4AA018109A05D7AE5DD336D3B6BD1B140642B3E0E0E0400B4DDBF66E501808CD82B3B3B32B57AE90CDF44ADBF66E501808CD85EBD7AF93D0F46AEF00AB00A1B9707A7A7AF9F2657AB577805580D08CB875EB965D0456848BD0272727B701B87D9B4CB0E5580546421FDFBB33BBBB8FD8E63891D872AC028446300A088DA855406844AD0242236A15101A51AB80D0885A05845E21A6C36EA73D981CDE707739355B515ACDC930A5D08DE9B8F81B753BBD42356B13A35EAB3FDC73CB5540E8D562D46E34DA03B364324E195C12BA11752DCF4461A311F512872F0B7AA3A89772662BCC3722B9F5959E1E0EFA99A28B0AEDEE68384846B71335FB63FBA8E9E19E533325FAED66147547C6E113637B3A4E3B49AF15A50D546779DF69643A43BB853A20F4D2A04BDE89683270AE59DB286937A5A3F6E8BB42D3A41B35E84AD835554CC4AC63BF114DBD45AEBDBEC1127253E31B296AC6078A0AAD9175B6C3BD3E7579F951C99A291DB7AB894F2ABBCD7A0A901F44E226B43B95797208BD66A43A513467480A3D1D0F5267BEF95E71FD96EED531E991E2CEB5B784D6DB69BE260E54BD4BDE457286CE3A4A87F8A4A23B392F2F526A5AFEA9D120D1CDB9DC0AEAACF549A863DB857EFD8DE7FEED7B2FBEF9D673EA4FDAA03FA9D0AD6945AA67EB640234379325CB2F1EA50AEED44B73BF399D930423E32AC639005D78FA946F8BD7C9CA42DB1552BBEC06D9263EA6E8956E3023CFC90E7943C69F3F0D9DF0A47EF21CEE51BA929AA5C8C95BDE7BF28EB2DEA5E642BFF3CEFE779F7DF195D712FAD29F5448BBACCA56A45EDDECE9213E7621344956F0F1CE0A723457AC997AA3BC195AE5FD8E316B0AAD6C165D93428BA3C622F35E964D9907EAA133B7CD661789EC4B5067A13F78FFB9FF78FEC51FDC7ADEED3615D22EAAE0EED2917A75E50C6D7C4037EC67C4F9B15268AAB06C62369F9654C88777731E4AE4D0CB8CB185166FDA8A44A634F795EE28EB416D5E7969CA6177D938440C88FE80D2422F76D18419E7DFF167887CEA503740AED0E651FA236ED44BB47F4B859EDEDD7FF6A5179E1BA7D8AC82765185A9531E9F212D87CE18CDF8620C5526603FE7E9E88B04D43EB3798DE51BC515526FADF92E6983F868EEA5A41C7DB15C60CFCD710512DD99A1C5790E6FA84F7C73D7442C59261227536815F211D96EA7AE2637F408C4DB62AC9C49C1F9B4894F9B7109663516FAA5FF7EFE3F5F7CE1EE074BE7E0BB87FB54E1A51F2E353EF543397B34E3638D1C9A54C8C86575AC27B478786A88B95C58B85C82B8BEC8C5F3C3BAE5E851D89DE35DA16769CF18A6D0B933B40EAB5074534FD89997A0BE42FF500A7D6877584771A1A772ED697EA5E74F242AE8D33C451A71AC21B4388F73C1DC302730F94666CA61670234258B498E548EE2E9CD11DABE1BCD904F998B84214DA9AAA2FC0C2DFE3C1CE867E22D15BA829443AC4EC8CF5FC3CE4485E5D258874C7AADD40CD88C5567E8914C00EC1CBAB8D054795141B5D6989E9B6257DA8D2A3A62AD8E1BB75CAA6795CCD0666CA9D0B3F20F858B31D566DB15964B63096D3D4EA5C64A33B48EB58536B5C8B0C78AD43463367FBBF41642E83571859ECD97ED5E586FD94E0F7A05428FE9194B7EFBB5FCDB046B9DCE9EA1DBE989F832A127E3AE6E9B7C5A4D58287AD41E887C5ABE45863D56542BB41A169AF5DD77779B24D7A4E5306EB3D0B375BF58518B00F324587E3392B664D18DF2842669FAEDF98F698458EAAB727136FB3B3F2BD65E879E8A77A4DB26BED9A6E2771DD672C47C9758BBA0074AC79E65B192D0B22562B5512CC60FF746BD388DA16189C756FC22C03A507C61D9777E84244E18A52C1099517FA1D70BF1E30A3D4126A75B1D393374A319A52D1E0B87D455717699B1A6D091F87990C8FB8DB6594FA566D7C45EA99DBCCD9A51BBD54984FD7922844EF94993BAB7ADC7D681F8264F2F5ACB07E84E4F1EAB26661D8B33A8F7126FA1A792F951E62103354FABA00327C91642E894309FA9C59F34ACC57E22171F22B39465D94591C8157A22BE306F8A5BC314DA4833D46436AFB3F88586F52545E284E44A4F2C3677C48FE684B8EE3DBCE20C6D7F0A89EFC9DBC2510AF15B9098785EB0EE37EBA8E481294FAE109A695056902DF44C6954ECB74455C5B2E51A91D5A4DD00FE0342236A15101A51AB80D0885A058446D42A2034A25601A111B50A088DA855406844ADA256423FFDD4933B60BBA995D0F63FE50EB6929A08CD81FDFD7DBB68FB087D102074CCA54B97ECA2ED23F44180D031A15FCB4A087D1020744CE8D7B212421F04081D13FAB5AC84D0070142C7847E2D2B21F44180D031A15FCB4A087D1020744CE8D7B212421F04081D13FAB5AC84D0070142C7847E2D2B21F44180D031A15FCB4A087D1020744CE8D7B212421F04081D13FAB5AC84D0070142C7847E2D2B21F44180D031A15FCB4A087D1020744CE8D7B212421F04081D13FAB5AC84D0070142C7847E2D2B21F44180D031A15FCB4A087D1020744CE8D7B212421F04081D13FAB5AC84D0070142C7847E2D2B21F44180D031A15FCB4A087D1020744CE8D7B212421F04081D13FAB5AC84D0070142C7847E2D2B21F44180D031A15FCB4A087D1020744CE8D7B212421F04081D13FAB5AC84D0070142C7847E2D2B21F44180D031A15FCB4A087D1020744CE8D7B212421F04081D13FAB5AC84D0070142C7847E2D2B21F44180D031A15FCB4A087D1020744CE8D7B212421F04081D13FAB5AC84D0070142C7847E2D2B21F44180D031A15FCB4A087D1020744CE8D7B212421F04081D13FAB5AC84D0070142C7847E2D2B21F441D86AA19F7DF6D94F3EF944FFA9AF2515D22E5DBE5540E88039383878ECB1C79E79E6992FBEF8E291BC96B4417F5221EDB26B6F07103A60CECECEAE5CB94297F0F1C71F7FE38D37D406BD5221EDB26B6F07103A6CAE5FBF7EC9810AED7A5BC325081D34A7A7A75FF9CA574C9BE94F2AB4EB6D0D103A78BEFDED6F9B42D39F768D6D024207CF7BEFBD670A4D7FDA35B609081D3CE7E7E7BBBBBBCA66DAA03FED1ADB0484AE03E3F158094D1BF6BE2D0342D781070F1E7425B461EFDB3220744D1849ECD2ED0342D784FB12BB74FBD86AA16F03C6D857AB18DB2EF4ECEE3E826140E87580D06C0342AF0384661B107A1D2034DB80D0EB00A1D906845E0708CD3620F43A4068B601A1D76113428F7ACDCE70CF2D57311D0FFABD94BDA376D651B9313D1C74A2D6687CC3DDE5C6A4D7EA2F6A527B46433BFABD56A73D981CDA679B0EBB515AB9D875B8D76FB7FA695D106D6B77D38F12A33170CB67107A3D362274BBD1196A5DF694641371E55A51D46844CD288A7D328F8AD2442F18935EB3D168F617EF9B1DC230AA9C6C436AA17DE0B0D568CFFD9BD887EFF5A3F870799FCCBB236FB658E809DD33342CC36EA74D43D1ECB453466306A1D763E34293015197E6BCC9782F758AD24146AE2DB47491DE746FD46E8D96BF8B70AE271A236422F9E61BF3432CEDCCD033BA167A3AEE468DA6EEE6FCE4A6D0A2492D9A7DE97ED667969F4237644FD367653320F43AF8107A31A5658725B4B8F63D330DA0D97DE9F449EF38F76CF987FB4C4C8DAD28D9184A213A8B372547F5B6157AF2D6DDD1AD8D77B9420B89652234DFA60AE2E62978EB42E8754815FAF5379EFBB7EFBDF8E65BCFA93F6983FEA442B7A60EBA9CE2935425A011250F83BE946C9227747C147DFEB6BBA35EABD11057DDBC2BC4F969465C3A7D361BC62E59333D999ED0F4ACA45CD4A7CF0D59DE12378F7A958DE9882E249C531991125ADE36F34EA999981ABC4468D511B9BDB861207436150BFDCE3BFBDF7DF6C5575E4BE84B7F5221ED72C7DD8D8A66E842424FC5CC6D97CFF3815EFAD39B50B32DC5ED89097B923665D2E7839D618F454DD51DBA09E3FB274FE829BD91DC167997BA8B9CB74B0D08BD0E96D01FBCFFDC7F3CFFE20F6E3DEF8E2F15D22EAAE0EEB2C2165A5E4B23BA94EFBA96AF21F46461A4752A595F7C501091587930FC1B8B650AB5AD325A799EF95B6B534DA1CD0F9F91FC3498A740226B97F9F172A17597C573F0FC536820DEAE1D8F097D1A889BC4E905845E0753E8E9DDFD675F7AE1B9718ACD2A681755983AE5562817C5637E2F9172E86BEF1E325B58455A8C646230116B7F4B8596AB5D327FA0FA89BB45467B9E844CD4C39FA1665F98D4A563C592CBE2FED142ABC95B6ED833F4FC0CCE074EB6D07A4A3693A264FEBD744020F43A9842BFF4DFCFFFE78B2FDCFD60E91C7CF7709F2ABCF4C3A5C6CF846A7B626A1459ACBC66C584165E0A0BE33C2143683165CA935B67307D4A0DF27B7E064A67DB2D72DD4A39F4C74286D056B6902BB42C1703A2EE40D10C089D497542FF500A7D688FAC8E0CA1E5CCAA96994994385B301309F7FAA9A3C4672EA91C25528E0CA153A388D0F39AE2E16CB1964C73A7CA018A09EDA6BFF9428B24A7B558F1D0CB76107A2995095D32E5D05FF599E96F229F4EBB7E6285411E65B9922BB4F8CA26916988EC22B1D227A67CFBEDD41A885C81A6987F1D68083D37526F241268BD1423B7E57D2835CD145A2E8DEB0744F94CB9E85AEA80E880D0EBB0D18742798DE30B967DFDF285768EA5F39BDBA64FE64284AE20B3F3816E92B5A86C9E61D90CED96E7CCD0E36E5F3D382ED28FC9587CBDB2B85BB2060442AFC39265BB172A59B6339714C49F99D7CF123A659523ED58FDB160FA345FB64BFF59457C8FC5420FD5F3256937CF74DD1C7D7E5A27EDC9167AFE2061743CD180CC0181D0EBE00A3D5BEB8B1533B48BF62C9B79FD5CA123337FA0043DED58E987FCCAC3F0C9CD7493F56DA155E8795ADF2456B8D3B33AA1B23F55E8C5532CE52AF34F0CF326CF1E1008BD0EA942978CF9B29D714555645F3F57E82233B4D835FFF66EEE93781767913BAE2CDAA07EC5211795B55BC9551475939807CA6F13532C37CE9C145A2CC0EB647D9E738B5BD4F8B549F68040E875A8506831B789850EF9AB37CA147BF6A59ACB64E7A07494F8D159437E4FA1CB33841693A2218A5C5716AFF387C276FC0DB6FA126759DA23BEC35333FAE2E930F5ED4485C5936B6A88D56EF1BBB986FAD27E7E06B1406E1F62FE6C55D681D02970115A85FAB9CF643C7725B14B26A96EB93CAA152DFF51D1E6427F41E3EEA22748F518A7BEE8712BD8F517DF3B2E0BF23EE56676A4D701A1D7A172A1115505845E0708CD3620F43A4068B601A1D70142B30D08BD0E109A6D40E87580D06C0342AF0384661B107A1D2034DB80D0EB40A3B6035802A1D7E136608C7DB58AB1D542FB617F7FDF2E0A19E6DD81D01B27F421B660DE1DE6CDCB0542FB86797798372F1708ED1BE6DD61DEBC5C20B46F98778779F37281D0BE61DE1DE6CDCB0542FB86797798372F1708ED1BE6DD61DEBC5C20B46F98778779F37281D0BE61DE1DE6CDCB0542FB86797798372F1708ED1BE6DD61DEBC5C20B46F98778779F37281D0BE61DE1DE6CDCB0542FB86797798372F1708ED1BE6DD61DEBC5C20B46F98778779F37281D0BE61DE1DE6CDCB0542FB86797798372F1708ED1BE6DD61DEBC5C20B46F98778779F37281D0BE61DE1DE6CDCB0542FB86797798372F1708ED1BE6DD61DEBC5C20B46F98778779F37281D0BE61DE1DE6CDCB0542FB86797798372F1708ED1BE6DD61DEBC5C20B46F98778779F37281D0BE61DE1DE6CDCB0542FB86797798372F1708ED1BE6DD61DEBC5C20B46F98778779F37281D0BE61DE1DE6CDCB0542FB86797798372F1708ED1BE6DD61DEBC5C20B46F98778779F37281D0BE61DE1DE6CDCB0542FB86797798372F1708ED1BE6DD61DEBC5C20B46F98778779F37281D0BE61DE1DE6CDCB05426F9CE3E3E39B376F3E7CF850FDA9BB4325544E7BE3AA0C087DB421F4C6393F3FDFDDDDBD7AF5EAD1D1D1A34577689B4AA89CF6DA075C28A18F3684F6C1783CA65EECECEC0C8743DAA057DAA60D2AB7AB5E34A18F3684F6C183070FBADDEEA5245442E576D58B26F4D186D09E188D4696D05462576240E8A30DA13D71FFFE7D4B682AB12B3120F4D186D0FEB876ED9AB699B6EDDD3C087DB421B43F0E0E0EB4D0B46DEFE641E8A30DA1FD71767676E5CA15EA0EBDD2B6BD9B07A18F3684F6CAF5EBD7A93BF46AEF6043E8A30DA1BD727A7A7AF9F2657AB577B021F4D186D0BEB975EB965DC489D0471B4227383939B91D3ED40BBB6385F139DA9B00422720158EEFDD99DDDD0F374E2476C70AE373B43701844E00A17D8EF62680D00920B4CFD1DE04103A0184F639DA9B00422780D03E477B1340E80410DAE7686F02089D0042FB1CED4D00A113F8177AD46E76867B6EB98AE9E1A013655570034273C7E710572B34E9D86F7747C3C13C7AAD28EA8E0E6F987546ED46679828499C61D86A44ADBE3E833EC978E921109A3B3E87B872A13B8D963658D8D91E587532845E4CCFF60D40279924EF0A332034777C0EB12BF4E32FBF9B1BAE552A4A0A3DE9896463D26BF517F3F174DC8D8C13A60684E68ECF21DE90D09427F4877B4AE8C9D8C81F86837ED4887A03CAA41B51D79C77C9DD4E4FA4CED3C3BD7E5B38AD266C2DF7B280D0DCF139C49B125A4EC3EE0C2D67DC94197A3A1EF4A5CD8BF390D3CDC8493F52034273C7E7107B165A24C469424FC689658DC9B04B360BA17B59D9B30A08CD1D9F43EC5368313D47ADCEF21C5AD619D0DCAC3CA6795A2C71349A51BB3B4A1A6F0684E68ECF21F629B45C819EEF4A3B56E83B5799B4A6A74339378B724A3FC4CC4E28B913874368EEF81CE28D092D1EE64CA1E5F42C9E025DA129C1E8F7BA7DE3CB14B91A9D786414D5449E6DAF99CC20B45DC00F9F43BC19A1F7FA91D05A0B2D1EF264C96CF9B2DDD4580CA1ACA3617E414333F4F2A56808CD1D9F435CB9D0A3E19E5C6E13F3EB74BC3791E9C1482EC3A93ACB8436C3AA33E93523630DC40A08CD1D9F435CADD02A6862162BCD8B058A09A51346D69B2BB4F5ED4CEE21109A3B3E87B872A1757621E7E996481892CF70D976CA0A89F9589E30EBEB1508CD1D9F435CB9D0935E4BFB9AFA6C972DB4C82EACEF629C09DB0A08CD1D9F43EC0A5D26F4D7D7F33F8DC955AC51C82FFF52BF5891C70EC437DE8BB58EF92A5EBBD5891AEE5D610684E68ECF21AE5068A1A0F33BE6A9F515A09C802D3BE5F7DEB1CA895DC39CDF8ECE20B45DC00F9F435CA1D01715109A3B3E871842FB1CED4D00A11340689FA3BD0920740208ED73B43701844E00A17D8EF62680D00920B4CFD1DE04103A0184F639DA9B00422780D03E477B1340E804A4C2D34F3DB91332109A3B3E87F804FF82BFC7D1DE0410DA37FBFBFB761127421F6D08ED1BE6DD61DEBC5C20B46F98778779F37281D0BE61DE1DE6CDCB0542FB86797798372F1708ED1BE6DD61DEBC5C20B46F98778779F37281D0BE61DE1DE6CDCB0542FB86797798372F1708ED1BE6DD61DEBC5C20B46F98778779F37281D0BE61DE1DE6CDCB0542FB86797798372F1708ED1BE6DD61DEBC5C20B46F98778779F37281D0BE61DE1DE6CDCB0542FB86797798372F1708ED1BE6DD61DEBC5C20B46F98778779F37281D0BE61DE1DE6CDCB0542FB86797798372F1708ED1BE6DD61DEBC5C20B46F98778779F37281D0BE61DE1DE6CDCB0542FB86797798372F1708ED1BE6DD61DEBC5C20B46F98778779F37281D0BE61DE1DE6CDCB0542FB86797798372F1708ED1BE6DD61DEBC5C20B46F98778779F37281D0BE61DE1DE6CDCB0542FB86797798372F1708ED1BE6DD61DEBC5C20B46F98778779F37281D0BE61DE1DE6CDCB0542FB86797798372F9730846685DDBE15297F868DC2BC79B90420342BCA5FEFF267D828CC9B970B845E8DF2D7BBFC19360AF3E6E502A157A3FCF52E7F868DC2BC79B940E8D5287FBDCB9F61A3306F5E2E107A35CA5FEFF267D828CC9B970B845E8DF2D7BBFC19360AF3E6E502A157A3FCF5AEE40C1BC57EBFA080D0AB51FE7A7338438D81D0AB515E260E67A831107A35CACBC4E10C350642AF467999389CA1C640E8D5282F138733D41808BD1AE565E270861A03A157A3BC4C1CCE506320740EC7C7C7376FDE7CF8F0A1FA53CB4425544E7BE3AA4BA03A93C924F50C545EF00CDFFFFEF7BFFCF24BF5A73E0395507991336C0F103A87F3F3F3DDDDDDAB57AF1E1D1D3D5AC844DB5442E5B4D73EC081EA7CF5AB5FA5FA1F7EF8E1A3C519689B4AA8BCF8197ABDDE6C367BB438036D53C9134F3C51E40CDB0384CE673C1E93433B3B3BC3E19036E895B66983CAEDAA4BA8EA0CC477BEF31DFD4AD00C6D57DD6E20743E0F1E3CE876BB4A200D9550B95D7509E5CFF0D9679FA59E81CAEDAADB0D842EC46834B264A212BB5226E5CFF0D4534F5967A012BBD2D603A10B71FFFE7D4B262AB12B6552FE0C3FFDE94FAD3350895D69EB81D045B976ED9A3689B6EDDD05F8C637BEA1CF40DBF6EE029867F8E637BF69EF0610BA380707075A26DAB67717E0473FFA913E036DDBBB0BF0EAABAFEA33D0B6BD1B40E8E29C9D9D5DB972854CA257DAB6771780C3196A0F845E81EBD7AF934CF46AEF284CF9333CF3CC3374067AB5770009845E81D3D3D3CB972FD3ABBDA3309F7EFAE9638F3D46AFF68EC2943F43BD81D0AB71EBD62DBB68455E7EF965BB6845CA9FA1C640E804272727B7C3877A61776C6B80D0094885E37B776677F7C38D1389DDB1AD01422780D0A103A11340E8D081D0092074E840E804103A74207402081D3A103A01840E1D089D6043428F8683C9E10DBBB0DDEC0CF7DCCAA9212AF7524EE2068406319B107A7A38E8349AFDB1EDE2A8DDE80CEDC2654195A39E6DFF746C97CC20B45DB0DD2C15FA9D67EE3DF32F1FFDF3D73FFEE61314B4417F52A15D2D2DA6C356D41EB8E5CB849E0C072327FA51236A779385ADA8D170CF0CA1414CAAD04737471F7FEB6B1F7FFDFFD8F1ADAFD12ED74833A6877BFDA8355AA40AD371D2D19EDAEE761A2913B019A933746A406810E30A2D6CFE875D5B651DFFB09BEDF474DCED481185D9ED56DF481296CDD0A901A10B02A113D842FFCFF5F4B9D98C6F7D8DAAB962A918B5BBEA498E128F4634DF5EECCA125A3D052E4B39FA6D916CA43E2342681063094D89B216F7A36F7CF5DE8D7FFDF07FAE53D006FDA977897CDA114B48D96B927642C15E2B8AECE7C26CA12774AC31255B3374C6840DA1418C25B4780A5C587B74E35F4D6FE8CFD8F57FFEBA2BD64CCECA62AD6D7C83EC54EE52E2A19FF9740E4DD3AD3579CF20F4BA40E80496D01FFFE313DADA0FDFFE2FD31BFA53EFA26AAE583AA4D6E9F26504845E0F089DA072A1C522B4B1B2969AF5A68610DA4C9AAD1C5ACCEE103A05089DA0E29463DCED44CD4EBB255FBBFDE11E093DE9893C44AB29A22D526DEB583D43CB85BF66240CEEF61712677CCB08A1418C2574C98742313D47AD51F2FB3C2B9750256E4E32190BFB67D25DAAAF720CBA19DC6F1CAD80D020C612BAFCB29D1BE9422F59EE90898798BC95D08BC5ECF4CA2A203488B1852EFDC58A8EC978D0EFC9ACA3B0D013E33B73FD142867FDAC1F2A416810E30A3D2BF1D5F7849EDE7A22818EDA71E2613DEDC9653B5B689A894722D54E5FD6905975A3D190E7717E9F04A1414CAAD022D6FA7112A5BCE2FBBC6486903A439B25539ACB85A9F6B730CE51AD28B2ABCD20B45DB0DD2C15BABA100F76C9F97832ECEAB4587CF3E2383A938F86D651CB024283180F426F3A20348881D0A103A11340E8D081D0092074E840E804103A74207402081D3A103A01840E1D089D0042870E844E402A3CFDD4933B2103A173D0FF2EFC2BAFBCF2CE3BEF14FFDF7C2B87DA905B521CDD2F456A61A040E82C6E2F2EF6F9F9F9AF7EF5AB9FFCE427C9FDFED02DC928294EF6B1D97B015B56109A78F8F0A1FE1F23FFFAD7BF7EF0C107F427BDD23695BCF1C61B7FF9CB5F68E3CF7FFE331DF5C73FFE91B63FFFFC732AA78D2FBFFCF2F0F0F0D5575FA557DA562751D3C9DB6FBFBDACC2D9D9D9BBEFBE4BEFF2EB5FFFDA958C4AE8BDDE7AEB2DDD8637DF7C53B581DE97B6754DB7DC3D9B59A837525BF5E9A79FD2E7D5C1C1017D64FDE10F7F508580032B084D97F3E73FFFB99EA1EFDDBBF7CB5FFE920A7FF18B5FD036951C1F1F7FF2C927B441D5E862FFEC673FA36DAAA3F752BA42B7C46F7EF39B8F3FFE589F9C667DE5626A850F3FFC902AD0BBD086AB2095CC6633DAFBBBDFFD4EBD0B1D48EFF848BEEF471F7DA46BBAE5EED9CC42BD91DA2AB2995A451F59A7A7A7EA76054C2824B4424D483A87FEF18F7FAC44A4D7D75F7F9D36C8AABB77EFD2C6FBEFBF7FFFFE7D9A59699BE6CEDFFEF6B7AA3E19A08F551B745AFD3FA2A656B873E78E7A179A5F5D05A944CDBB249C6A037D2CBCF7DE7B8F641B7EFFFBDFEB9A6EB9EE97795ABDAD37525B45A7A2099BCE43EFAB4A00130A096D1749F4FF774DD79B66AC47D22AF24FBD9285F431AD5ED52735D5D702A9FA8F92274FAD401BCA277A755B42255A29DD1E329B6E92D75E7BCDB2CD2A77CF6616EA8DD456D179E8938AFEA45CE84F7FFA932A041C585F68F243994A57970C568534FF510642B3326DD30CADE769555F4F751AF3E4A9159485B4F1C5175FB82DA11295C292A37AFA3C3A3AA23C41B5C1C42A77CF6616EA8DD45629E84D29C5D27D071C585F68F2831ED4540E4D89AC2AA40C95A640CA2F1FC9355D9ADE289FD6F5E9014E4940A98B2A344F9E5A8132633A03BD0B6DB82DA112AA497BE9294D67CC94E1A81C3759D72E77CF6616EA8DD456D1632565CF24BA7A3A54858003EB0B4D1327CDC7F4994BAF3A0FFEFCF3CFA93EBD3E9269EB6DB90AA17651FA417927D57FFBEDB73FFBEC3355689E3CB50215D2F96916CC58E520BDCC25083AE4F622B736B1CADDB399857A23B555D435FAF31509FEDB6D56E40B1D1CF4ACA6D6010B96833A5143A1E93154ADAB142C0775A28642836D0642835A01A141AD80D0A0564068502B2034A815101AD40A080D6A058406B50242835AF1BFCC34F1162940C78C0000000049454E44AE426082, 0);
INSERT INTO `act_ge_bytearray` VALUES ('7503', 1, 'bus_car_package_audit.bpmn', '7501', 0x3C3F786D6C2076657273696F6E3D22312E302220656E636F64696E673D225554462D3822207374616E64616C6F6E653D22796573223F3E0D0A3C646566696E6974696F6E7320786D6C6E733D22687474703A2F2F7777772E6F6D672E6F72672F737065632F42504D4E2F32303130303532342F4D4F44454C220D0A20202020202020202020202020786D6C6E733A6F6D6764693D22687474703A2F2F7777772E6F6D672E6F72672F737065632F44442F32303130303532342F4449220D0A20202020202020202020202020786D6C6E733A61637469766974693D22687474703A2F2F61637469766974692E6F72672F62706D6E220D0A20202020202020202020202020786D6C6E733A6F6D6764633D22687474703A2F2F7777772E6F6D672E6F72672F737065632F44442F32303130303532342F4443220D0A20202020202020202020202020786D6C6E733A746E733D22687474703A2F2F7777772E61637469766974692E6F72672F74657374220D0A20202020202020202020202020786D6C6E733A7873643D22687474703A2F2F7777772E77332E6F72672F323030312F584D4C536368656D61220D0A20202020202020202020202020786D6C6E733A62706D6E64693D22687474703A2F2F7777772E6F6D672E6F72672F737065632F42504D4E2F32303130303532342F4449220D0A20202020202020202020202020786D6C6E733A7873693D22687474703A2F2F7777772E77332E6F72672F323030312F584D4C536368656D612D696E7374616E6365220D0A2020202020202020202020202065787072657373696F6E4C616E67756167653D22687474703A2F2F7777772E77332E6F72672F313939392F5850617468220D0A2020202020202020202020202069643D226D31363830393336393539313636220D0A202020202020202020202020206E616D653D22220D0A202020202020202020202020207461726765744E616D6573706163653D22687474703A2F2F7777772E61637469766974692E6F72672F74657374220D0A20202020202020202020202020747970654C616E67756167653D22687474703A2F2F7777772E77332E6F72672F323030312F584D4C536368656D61223E0D0A2020203C70726F6365737320786D6C6E733D22222069643D226361725F7061636B6167655F617564697422206973436C6F7365643D2266616C73652220697345786563757461626C653D2274727565220D0A2020202020202020202020206E616D653D22E69C8DE58AA1E5A597E9A490E5AEA1E6A0B8220D0A20202020202020202020202070726F63657373547970653D224E6F6E65223E0D0A2020202020203C73746172744576656E742069643D225F3222206E616D653D22E5BC80E5A78B222F3E0D0A2020202020203C757365725461736B2061637469766974693A61737369676E65653D22247B73686F704F776E657249647D222061637469766974693A6578636C75736976653D2274727565222069643D225F3322206E616D653D22E5BA97E995BF222F3E0D0A2020202020203C6578636C7573697665476174657761792067617465776179446972656374696F6E3D22556E737065636966696564222069643D225F3422206E616D653D22E5BA97E995BFE5AEA1E689B9E698AFE590A6E9809AE8BF87222F3E0D0A2020202020203C656E644576656E742069643D225F3522206E616D653D22E7BB93E69D9F222F3E0D0A2020202020203C6578636C7573697665476174657761792067617465776179446972656374696F6E3D22556E737065636966696564222069643D225F3622206E616D653D22E68A98E689A3E98791E9A29DE588A4E696AD222F3E0D0A2020202020203C73657175656E6365466C6F772069643D225F372220736F757263655265663D225F3222207461726765745265663D225F33222F3E0D0A2020202020203C73657175656E6365466C6F772069643D225F382220736F757263655265663D225F3322207461726765745265663D225F34222F3E0D0A2020202020203C73657175656E6365466C6F772069643D225F3922206E616D653D22E5BA97E995BFE5AEA1E689B9E68B92E7BB9D2220736F757263655265663D225F3422207461726765745265663D225F35223E0D0A2020202020202020203C636F6E646974696F6E45787072657373696F6E207873693A747970653D2274466F726D616C45787072657373696F6E223E247B2173686F704F776E657241756469747D3C2F636F6E646974696F6E45787072657373696F6E3E0D0A2020202020203C2F73657175656E6365466C6F773E0D0A2020202020203C73657175656E6365466C6F772069643D225F313022206E616D653D22E5BA97E995BFE5AEA1E689B9E9809AE8BF872220736F757263655265663D225F3422207461726765745265663D225F36223E0D0A2020202020202020203C636F6E646974696F6E45787072657373696F6E207873693A747970653D2274466F726D616C45787072657373696F6E223E247B73686F704F776E657241756469747D3C2F636F6E646974696F6E45787072657373696F6E3E0D0A2020202020203C2F73657175656E6365466C6F773E0D0A2020202020203C73657175656E6365466C6F772069643D225F313122206E616D653D22E98791E9A29D20266C743B20333030302220736F757263655265663D225F3622207461726765745265663D225F35223E0D0A2020202020202020203C636F6E646974696F6E45787072657373696F6E207873693A747970653D2274466F726D616C45787072657373696F6E223E247B646973636F756E74416D6F756E7420266C743B20333030307D3C2F636F6E646974696F6E45787072657373696F6E3E0D0A2020202020203C2F73657175656E6365466C6F773E0D0A2020202020203C757365725461736B2061637469766974693A61737369676E65653D22247B66696E616E63616C49647D222061637469766974693A6578636C75736976653D2274727565222069643D225F313222206E616D653D22E8B4A2E58AA1222F3E0D0A2020202020203C73657175656E6365466C6F772069643D225F313322206E616D653D22E98791E9A29D202667743B3D20333030302220736F757263655265663D225F3622207461726765745265663D225F3132223E0D0A2020202020202020203C636F6E646974696F6E45787072657373696F6E207873693A747970653D2274466F726D616C45787072657373696F6E223E247B646973636F756E74416D6F756E74202667743B3D20333030307D3C2F636F6E646974696F6E45787072657373696F6E3E0D0A2020202020203C2F73657175656E6365466C6F773E0D0A2020202020203C73657175656E6365466C6F772069643D225F313422206E616D653D22E8B4A2E58AA1E5AEA1E6A0B8E5AE8CE688902220736F757263655265663D225F313222207461726765745265663D225F35222F3E0D0A2020203C2F70726F636573733E0D0A2020203C62706D6E64693A42504D4E4469616772616D20786D6C6E733D22220D0A2020202020202020202020202020202020202020202020646F63756D656E746174696F6E3D226261636B67726F756E643D234646464646463B636F756E743D313B686F72697A6F6E74616C636F756E743D313B6F7269656E746174696F6E3D303B77696474683D3834322E343B6865696768743D313139352E323B696D61676561626C6557696474683D3833322E343B696D61676561626C654865696768743D313138352E323B696D61676561626C65583D352E303B696D61676561626C65593D352E30220D0A202020202020202020202020202020202020202020202069643D224469616772616D2D5F31220D0A20202020202020202020202020202020202020202020206E616D653D224E6577204469616772616D223E0D0A2020202020203C62706D6E64693A42504D4E506C616E652062706D6E456C656D656E743D226361725F7061636B6167655F6175646974223E0D0A2020202020202020203C62706D6E64693A42504D4E53686170652062706D6E456C656D656E743D225F32222069643D2253686170652D5F32223E0D0A2020202020202020202020203C6F6D6764633A426F756E6473206865696768743D2233322E30222077696474683D2233322E302220783D2233302E302220793D223235302E30222F3E0D0A2020202020202020202020203C62706D6E64693A42504D4E4C6162656C3E0D0A2020202020202020202020202020203C6F6D6764633A426F756E6473206865696768743D2233322E30222077696474683D2233322E302220783D22302E302220793D22302E30222F3E0D0A2020202020202020202020203C2F62706D6E64693A42504D4E4C6162656C3E0D0A2020202020202020203C2F62706D6E64693A42504D4E53686170653E0D0A2020202020202020203C62706D6E64693A42504D4E53686170652062706D6E456C656D656E743D225F33222069643D2253686170652D5F33223E0D0A2020202020202020202020203C6F6D6764633A426F756E6473206865696768743D2235352E30222077696474683D2238352E302220783D223138302E302220793D223234302E30222F3E0D0A2020202020202020202020203C62706D6E64693A42504D4E4C6162656C3E0D0A2020202020202020202020202020203C6F6D6764633A426F756E6473206865696768743D2235352E30222077696474683D2238352E302220783D22302E302220793D22302E30222F3E0D0A2020202020202020202020203C2F62706D6E64693A42504D4E4C6162656C3E0D0A2020202020202020203C2F62706D6E64693A42504D4E53686170653E0D0A2020202020202020203C62706D6E64693A42504D4E53686170652062706D6E456C656D656E743D225F34222069643D2253686170652D5F34222069734D61726B657256697369626C653D2266616C7365223E0D0A2020202020202020202020203C6F6D6764633A426F756E6473206865696768743D2233322E30222077696474683D2233322E302220783D223339302E302220793D223235302E30222F3E0D0A2020202020202020202020203C62706D6E64693A42504D4E4C6162656C3E0D0A2020202020202020202020202020203C6F6D6764633A426F756E6473206865696768743D2233322E30222077696474683D2233322E302220783D22302E302220793D22302E30222F3E0D0A2020202020202020202020203C2F62706D6E64693A42504D4E4C6162656C3E0D0A2020202020202020203C2F62706D6E64693A42504D4E53686170653E0D0A2020202020202020203C62706D6E64693A42504D4E53686170652062706D6E456C656D656E743D225F35222069643D2253686170652D5F35223E0D0A2020202020202020202020203C6F6D6764633A426F756E6473206865696768743D2233322E30222077696474683D2233322E302220783D223537302E302220793D223134352E30222F3E0D0A2020202020202020202020203C62706D6E64693A42504D4E4C6162656C3E0D0A2020202020202020202020202020203C6F6D6764633A426F756E6473206865696768743D2233322E30222077696474683D2233322E302220783D22302E302220793D22302E30222F3E0D0A2020202020202020202020203C2F62706D6E64693A42504D4E4C6162656C3E0D0A2020202020202020203C2F62706D6E64693A42504D4E53686170653E0D0A2020202020202020203C62706D6E64693A42504D4E53686170652062706D6E456C656D656E743D225F36222069643D2253686170652D5F36222069734D61726B657256697369626C653D2266616C7365223E0D0A2020202020202020202020203C6F6D6764633A426F756E6473206865696768743D2233322E30222077696474683D2233322E302220783D223339302E302220793D223134352E30222F3E0D0A2020202020202020202020203C62706D6E64693A42504D4E4C6162656C3E0D0A2020202020202020202020202020203C6F6D6764633A426F756E6473206865696768743D2233322E30222077696474683D2233322E302220783D22302E302220793D22302E30222F3E0D0A2020202020202020202020203C2F62706D6E64693A42504D4E4C6162656C3E0D0A2020202020202020203C2F62706D6E64693A42504D4E53686170653E0D0A2020202020202020203C62706D6E64693A42504D4E53686170652062706D6E456C656D656E743D225F3132222069643D2253686170652D5F3132223E0D0A2020202020202020202020203C6F6D6764633A426F756E6473206865696768743D2235352E30222077696474683D2238352E302220783D223336352E302220793D2232352E30222F3E0D0A2020202020202020202020203C62706D6E64693A42504D4E4C6162656C3E0D0A2020202020202020202020202020203C6F6D6764633A426F756E6473206865696768743D2235352E30222077696474683D2238352E302220783D22302E302220793D22302E30222F3E0D0A2020202020202020202020203C2F62706D6E64693A42504D4E4C6162656C3E0D0A2020202020202020203C2F62706D6E64693A42504D4E53686170653E0D0A2020202020202020203C62706D6E64693A42504D4E456467652062706D6E456C656D656E743D225F3133222069643D2242504D4E456467655F5F31332220736F75726365456C656D656E743D225F362220746172676574456C656D656E743D225F3132223E0D0A2020202020202020202020203C6F6D6764693A776179706F696E7420783D223430362E302220793D223134352E30222F3E0D0A2020202020202020202020203C6F6D6764693A776179706F696E7420783D223430362E302220793D2238302E30222F3E0D0A2020202020202020202020203C62706D6E64693A42504D4E4C6162656C3E0D0A2020202020202020202020202020203C6F6D6764633A426F756E6473206865696768743D22302E30222077696474683D22302E302220783D22302E302220793D22302E30222F3E0D0A2020202020202020202020203C2F62706D6E64693A42504D4E4C6162656C3E0D0A2020202020202020203C2F62706D6E64693A42504D4E456467653E0D0A2020202020202020203C62706D6E64693A42504D4E456467652062706D6E456C656D656E743D225F3134222069643D2242504D4E456467655F5F31342220736F75726365456C656D656E743D225F31322220746172676574456C656D656E743D225F35223E0D0A2020202020202020202020203C6F6D6764693A776179706F696E7420783D223435302E302220793D2235322E35222F3E0D0A2020202020202020202020203C6F6D6764693A776179706F696E7420783D223538352E302220793D223130352E30222F3E0D0A2020202020202020202020203C6F6D6764693A776179706F696E7420783D223538352E302220793D223134352E30333132383035373733323837222F3E0D0A2020202020202020202020203C62706D6E64693A42504D4E4C6162656C3E0D0A2020202020202020202020202020203C6F6D6764633A426F756E6473206865696768743D22302E30222077696474683D22302E302220783D22302E302220793D22302E30222F3E0D0A2020202020202020202020203C2F62706D6E64693A42504D4E4C6162656C3E0D0A2020202020202020203C2F62706D6E64693A42504D4E456467653E0D0A2020202020202020203C62706D6E64693A42504D4E456467652062706D6E456C656D656E743D225F37222069643D2242504D4E456467655F5F372220736F75726365456C656D656E743D225F322220746172676574456C656D656E743D225F33223E0D0A2020202020202020202020203C6F6D6764693A776179706F696E7420783D2236322E302220793D223236362E30222F3E0D0A2020202020202020202020203C6F6D6764693A776179706F696E7420783D223138302E302220793D223236372E35222F3E0D0A2020202020202020202020203C62706D6E64693A42504D4E4C6162656C3E0D0A2020202020202020202020202020203C6F6D6764633A426F756E6473206865696768743D22302E30222077696474683D22302E302220783D22302E302220793D22302E30222F3E0D0A2020202020202020202020203C2F62706D6E64693A42504D4E4C6162656C3E0D0A2020202020202020203C2F62706D6E64693A42504D4E456467653E0D0A2020202020202020203C62706D6E64693A42504D4E456467652062706D6E456C656D656E743D225F38222069643D2242504D4E456467655F5F382220736F75726365456C656D656E743D225F332220746172676574456C656D656E743D225F34223E0D0A2020202020202020202020203C6F6D6764693A776179706F696E7420783D223236352E302220793D223236372E35222F3E0D0A2020202020202020202020203C6F6D6764693A776179706F696E7420783D223339302E302220793D223236362E30222F3E0D0A2020202020202020202020203C62706D6E64693A42504D4E4C6162656C3E0D0A2020202020202020202020202020203C6F6D6764633A426F756E6473206865696768743D22302E30222077696474683D22302E302220783D22302E302220793D22302E30222F3E0D0A2020202020202020202020203C2F62706D6E64693A42504D4E4C6162656C3E0D0A2020202020202020203C2F62706D6E64693A42504D4E456467653E0D0A2020202020202020203C62706D6E64693A42504D4E456467652062706D6E456C656D656E743D225F39222069643D2242504D4E456467655F5F392220736F75726365456C656D656E743D225F342220746172676574456C656D656E743D225F35223E0D0A2020202020202020202020203C6F6D6764693A776179706F696E7420783D223431382E302220793D223237302E30222F3E0D0A2020202020202020202020203C6F6D6764693A776179706F696E7420783D223538352E302220793D223237302E30222F3E0D0A2020202020202020202020203C6F6D6764693A776179706F696E7420783D223538352E302220793D223137362E39363837313934323236373133222F3E0D0A2020202020202020202020203C62706D6E64693A42504D4E4C6162656C3E0D0A2020202020202020202020202020203C6F6D6764633A426F756E6473206865696768743D22302E30222077696474683D22302E302220783D22302E302220793D22302E30222F3E0D0A2020202020202020202020203C2F62706D6E64693A42504D4E4C6162656C3E0D0A2020202020202020203C2F62706D6E64693A42504D4E456467653E0D0A2020202020202020203C62706D6E64693A42504D4E456467652062706D6E456C656D656E743D225F3131222069643D2242504D4E456467655F5F31312220736F75726365456C656D656E743D225F362220746172676574456C656D656E743D225F35223E0D0A2020202020202020202020203C6F6D6764693A776179706F696E7420783D223432322E302220793D223136312E30222F3E0D0A2020202020202020202020203C6F6D6764693A776179706F696E7420783D223537302E302220793D223136312E30222F3E0D0A2020202020202020202020203C62706D6E64693A42504D4E4C6162656C3E0D0A2020202020202020202020202020203C6F6D6764633A426F756E6473206865696768743D22302E30222077696474683D22302E302220783D22302E302220793D22302E30222F3E0D0A2020202020202020202020203C2F62706D6E64693A42504D4E4C6162656C3E0D0A2020202020202020203C2F62706D6E64693A42504D4E456467653E0D0A2020202020202020203C62706D6E64693A42504D4E456467652062706D6E456C656D656E743D225F3130222069643D2242504D4E456467655F5F31302220736F75726365456C656D656E743D225F342220746172676574456C656D656E743D225F36223E0D0A2020202020202020202020203C6F6D6764693A776179706F696E7420783D223430362E302220793D223235302E30222F3E0D0A2020202020202020202020203C6F6D6764693A776179706F696E7420783D223430362E302220793D223137372E30222F3E0D0A2020202020202020202020203C62706D6E64693A42504D4E4C6162656C3E0D0A2020202020202020202020202020203C6F6D6764633A426F756E6473206865696768743D22302E30222077696474683D22302E302220783D22302E302220793D22302E30222F3E0D0A2020202020202020202020203C2F62706D6E64693A42504D4E4C6162656C3E0D0A2020202020202020203C2F62706D6E64693A42504D4E456467653E0D0A2020202020203C2F62706D6E64693A42504D4E506C616E653E0D0A2020203C2F62706D6E64693A42504D4E4469616772616D3E0D0A3C2F646566696E6974696F6E733E, 0);

-- ----------------------------
-- Table structure for act_ge_property
-- ----------------------------
DROP TABLE IF EXISTS `act_ge_property`;
CREATE TABLE `act_ge_property`  (
  `NAME_` varchar(64) CHARACTER SET utf8 COLLATE utf8_bin NOT NULL,
  `VALUE_` varchar(300) CHARACTER SET utf8 COLLATE utf8_bin NULL DEFAULT NULL,
  `REV_` int(11) NULL DEFAULT NULL,
  PRIMARY KEY (`NAME_`) USING BTREE
) ENGINE = InnoDB CHARACTER SET = utf8 COLLATE = utf8_bin ROW_FORMAT = Dynamic;

-- ----------------------------
-- Records of act_ge_property
-- ----------------------------
INSERT INTO `act_ge_property` VALUES ('cfg.execution-related-entities-count', 'false', 1);
INSERT INTO `act_ge_property` VALUES ('next.dbid', '27501', 12);
INSERT INTO `act_ge_property` VALUES ('schema.history', 'create(7.0.0.0)', 1);
INSERT INTO `act_ge_property` VALUES ('schema.version', '7.0.0.0', 1);

-- ----------------------------
-- Table structure for act_hi_actinst
-- ----------------------------
DROP TABLE IF EXISTS `act_hi_actinst`;
CREATE TABLE `act_hi_actinst`  (
  `ID_` varchar(64) CHARACTER SET utf8 COLLATE utf8_bin NOT NULL,
  `PROC_DEF_ID_` varchar(64) CHARACTER SET utf8 COLLATE utf8_bin NOT NULL,
  `PROC_INST_ID_` varchar(64) CHARACTER SET utf8 COLLATE utf8_bin NOT NULL,
  `EXECUTION_ID_` varchar(64) CHARACTER SET utf8 COLLATE utf8_bin NOT NULL,
  `ACT_ID_` varchar(255) CHARACTER SET utf8 COLLATE utf8_bin NOT NULL,
  `TASK_ID_` varchar(64) CHARACTER SET utf8 COLLATE utf8_bin NULL DEFAULT NULL,
  `CALL_PROC_INST_ID_` varchar(64) CHARACTER SET utf8 COLLATE utf8_bin NULL DEFAULT NULL,
  `ACT_NAME_` varchar(255) CHARACTER SET utf8 COLLATE utf8_bin NULL DEFAULT NULL,
  `ACT_TYPE_` varchar(255) CHARACTER SET utf8 COLLATE utf8_bin NOT NULL,
  `ASSIGNEE_` varchar(255) CHARACTER SET utf8 COLLATE utf8_bin NULL DEFAULT NULL,
  `START_TIME_` datetime(3) NOT NULL,
  `END_TIME_` datetime(3) NULL DEFAULT NULL,
  `DURATION_` bigint(20) NULL DEFAULT NULL,
  `DELETE_REASON_` varchar(4000) CHARACTER SET utf8 COLLATE utf8_bin NULL DEFAULT NULL,
  `TENANT_ID_` varchar(255) CHARACTER SET utf8 COLLATE utf8_bin NULL DEFAULT '',
  PRIMARY KEY (`ID_`) USING BTREE,
  INDEX `ACT_IDX_HI_ACT_INST_START`(`START_TIME_`) USING BTREE,
  INDEX `ACT_IDX_HI_ACT_INST_END`(`END_TIME_`) USING BTREE,
  INDEX `ACT_IDX_HI_ACT_INST_PROCINST`(`PROC_INST_ID_`, `ACT_ID_`) USING BTREE,
  INDEX `ACT_IDX_HI_ACT_INST_EXEC`(`EXECUTION_ID_`, `ACT_ID_`) USING BTREE
) ENGINE = InnoDB CHARACTER SET = utf8 COLLATE = utf8_bin ROW_FORMAT = Dynamic;

-- ----------------------------
-- Records of act_hi_actinst
-- ----------------------------
INSERT INTO `act_hi_actinst` VALUES ('12509', 'car_package_audit:2:10006', '12501', '12508', '_2', NULL, NULL, '', 'startEvent', NULL, '2023-04-10 11:20:48.580', '2023-04-10 11:20:48.582', 2, NULL, '');
INSERT INTO `act_hi_actinst` VALUES ('12510', 'car_package_audit:2:10006', '12501', '12508', '_3', '12511', NULL, '', 'userTask', '3', '2023-04-10 11:20:48.585', '2023-04-10 11:41:58.066', 1269481, '[admin]', '');
INSERT INTO `act_hi_actinst` VALUES ('15009', 'car_package_audit:2:10006', '15001', '15008', '_2', NULL, NULL, '', 'startEvent', NULL, '2023-04-10 11:48:51.145', '2023-04-10 11:48:51.147', 2, NULL, '');
INSERT INTO `act_hi_actinst` VALUES ('15010', 'car_package_audit:2:10006', '15001', '15008', '_3', '15011', NULL, '', 'userTask', '3', '2023-04-10 11:48:51.151', '2023-04-10 17:25:20.134', 20188983, '[xiaoliu]', '');
INSERT INTO `act_hi_actinst` VALUES ('20009', 'car_package_audit:2:10006', '20001', '20008', '_2', NULL, NULL, '', 'startEvent', NULL, '2023-04-10 17:26:26.304', '2023-04-10 17:26:26.307', 3, NULL, '');
INSERT INTO `act_hi_actinst` VALUES ('20010', 'car_package_audit:2:10006', '20001', '20008', '_3', '20011', NULL, '', 'userTask', '3', '2023-04-10 17:26:26.310', '2023-04-10 17:26:50.434', 24124, NULL, '');
INSERT INTO `act_hi_actinst` VALUES ('20025', 'car_package_audit:2:10006', '20001', '20008', '_4', NULL, NULL, '', 'exclusiveGateway', NULL, '2023-04-10 17:26:50.434', '2023-04-10 17:26:50.438', 4, NULL, '');
INSERT INTO `act_hi_actinst` VALUES ('20026', 'car_package_audit:2:10006', '20001', '20008', '_6', NULL, NULL, '', 'exclusiveGateway', NULL, '2023-04-10 17:26:50.440', '2023-04-10 17:26:50.449', 9, NULL, '');
INSERT INTO `act_hi_actinst` VALUES ('20027', 'car_package_audit:2:10006', '20001', '20008', '_5', NULL, NULL, '', 'endEvent', NULL, '2023-04-10 17:26:50.450', '2023-04-10 17:26:50.451', 1, NULL, '');
INSERT INTO `act_hi_actinst` VALUES ('20036', 'car_package_audit:2:10006', '20028', '20035', '_2', NULL, NULL, '', 'startEvent', NULL, '2023-04-10 17:28:28.333', '2023-04-10 17:28:28.333', 0, NULL, '');
INSERT INTO `act_hi_actinst` VALUES ('20037', 'car_package_audit:2:10006', '20028', '20035', '_3', '20038', NULL, '', 'userTask', '3', '2023-04-10 17:28:28.333', '2023-04-10 17:28:55.371', 27038, NULL, '');
INSERT INTO `act_hi_actinst` VALUES ('20052', 'car_package_audit:2:10006', '20028', '20035', '_4', NULL, NULL, '', 'exclusiveGateway', NULL, '2023-04-10 17:28:55.371', '2023-04-10 17:28:55.371', 0, NULL, '');
INSERT INTO `act_hi_actinst` VALUES ('20053', 'car_package_audit:2:10006', '20028', '20035', '_6', NULL, NULL, '', 'exclusiveGateway', NULL, '2023-04-10 17:28:55.372', '2023-04-10 17:28:55.372', 0, NULL, '');
INSERT INTO `act_hi_actinst` VALUES ('20054', 'car_package_audit:2:10006', '20028', '20035', '_12', '20055', NULL, '', 'userTask', '4', '2023-04-10 17:28:55.374', '2023-04-10 17:30:17.560', 82186, NULL, '');
INSERT INTO `act_hi_actinst` VALUES ('20071', 'car_package_audit:2:10006', '20028', '20035', '_5', NULL, NULL, '', 'endEvent', NULL, '2023-04-10 17:30:17.561', '2023-04-10 17:30:17.561', 0, NULL, '');
INSERT INTO `act_hi_actinst` VALUES ('20080', 'car_package_audit:2:10006', '20072', '20079', '_2', NULL, NULL, '', 'startEvent', NULL, '2023-04-10 21:09:44.544', '2023-04-10 21:09:44.544', 0, NULL, '');
INSERT INTO `act_hi_actinst` VALUES ('20081', 'car_package_audit:2:10006', '20072', '20079', '_3', '20082', NULL, '', 'userTask', '5', '2023-04-10 21:09:44.544', '2023-04-10 21:10:14.552', 30008, '[admin]', '');
INSERT INTO `act_hi_actinst` VALUES ('20098', 'car_package_audit:2:10006', '20090', '20097', '_2', NULL, NULL, '', 'startEvent', NULL, '2023-04-10 22:03:03.111', '2023-04-10 22:03:03.111', 0, NULL, '');
INSERT INTO `act_hi_actinst` VALUES ('20099', 'car_package_audit:2:10006', '20090', '20097', '_3', '20100', NULL, '', 'userTask', '3', '2023-04-10 22:03:03.112', '2023-04-10 22:03:37.251', 34139, NULL, '');
INSERT INTO `act_hi_actinst` VALUES ('20114', 'car_package_audit:2:10006', '20090', '20097', '_4', NULL, NULL, '', 'exclusiveGateway', NULL, '2023-04-10 22:03:37.251', '2023-04-10 22:03:37.251', 0, NULL, '');
INSERT INTO `act_hi_actinst` VALUES ('20115', 'car_package_audit:2:10006', '20090', '20097', '_6', NULL, NULL, '', 'exclusiveGateway', NULL, '2023-04-10 22:03:37.252', '2023-04-10 22:03:37.252', 0, NULL, '');
INSERT INTO `act_hi_actinst` VALUES ('20116', 'car_package_audit:2:10006', '20090', '20097', '_5', NULL, NULL, '', 'endEvent', NULL, '2023-04-10 22:03:37.252', '2023-04-10 22:03:37.253', 1, NULL, '');
INSERT INTO `act_hi_actinst` VALUES ('20125', 'car_package_audit:2:10006', '20117', '20124', '_2', NULL, NULL, '', 'startEvent', NULL, '2023-04-10 22:04:43.234', '2023-04-10 22:04:43.234', 0, NULL, '');
INSERT INTO `act_hi_actinst` VALUES ('20126', 'car_package_audit:2:10006', '20117', '20124', '_3', '20127', NULL, '', 'userTask', '3', '2023-04-10 22:04:43.234', '2023-04-10 22:08:37.149', 233915, NULL, '');
INSERT INTO `act_hi_actinst` VALUES ('20141', 'car_package_audit:2:10006', '20117', '20124', '_4', NULL, NULL, '', 'exclusiveGateway', NULL, '2023-04-10 22:08:37.151', '2023-04-10 22:08:37.153', 2, NULL, '');
INSERT INTO `act_hi_actinst` VALUES ('20142', 'car_package_audit:2:10006', '20117', '20124', '_6', NULL, NULL, '', 'exclusiveGateway', NULL, '2023-04-10 22:08:37.161', '2023-04-10 22:08:37.162', 1, NULL, '');
INSERT INTO `act_hi_actinst` VALUES ('20143', 'car_package_audit:2:10006', '20117', '20124', '_12', '20144', NULL, '', 'userTask', '4', '2023-04-10 22:08:37.171', '2023-04-10 22:09:47.137', 69966, '[xiaoliu]', '');
INSERT INTO `act_hi_actinst` VALUES ('22509', 'car_package_audit:2:10006', '22501', '22508', '_2', NULL, NULL, '', 'startEvent', NULL, '2023-04-11 10:40:15.001', '2023-04-11 10:40:15.003', 2, NULL, '');
INSERT INTO `act_hi_actinst` VALUES ('22510', 'car_package_audit:2:10006', '22501', '22508', '_3', '22511', NULL, '', 'userTask', '3', '2023-04-11 10:40:15.005', '2023-04-11 10:40:58.151', 43146, NULL, '');
INSERT INTO `act_hi_actinst` VALUES ('22525', 'car_package_audit:2:10006', '22501', '22508', '_4', NULL, NULL, '', 'exclusiveGateway', NULL, '2023-04-11 10:40:58.151', '2023-04-11 10:40:58.155', 4, NULL, '');
INSERT INTO `act_hi_actinst` VALUES ('22526', 'car_package_audit:2:10006', '22501', '22508', '_6', NULL, NULL, '', 'exclusiveGateway', NULL, '2023-04-11 10:40:58.156', '2023-04-11 10:40:58.163', 7, NULL, '');
INSERT INTO `act_hi_actinst` VALUES ('22527', 'car_package_audit:2:10006', '22501', '22508', '_12', '22528', NULL, '', 'userTask', '4', '2023-04-11 10:40:58.164', '2023-04-11 10:41:34.775', 36611, NULL, '');
INSERT INTO `act_hi_actinst` VALUES ('22544', 'car_package_audit:2:10006', '22501', '22508', '_5', NULL, NULL, '', 'endEvent', NULL, '2023-04-11 10:41:34.775', '2023-04-11 10:41:34.775', 0, NULL, '');
INSERT INTO `act_hi_actinst` VALUES ('25009', 'car_package_audit:2:10006', '25001', '25008', '_2', NULL, NULL, '', 'startEvent', NULL, '2023-04-11 16:00:17.639', '2023-04-11 16:00:17.642', 3, NULL, '');
INSERT INTO `act_hi_actinst` VALUES ('25010', 'car_package_audit:2:10006', '25001', '25008', '_3', '25011', NULL, '', 'userTask', '3', '2023-04-11 16:00:17.646', NULL, NULL, NULL, '');

-- ----------------------------
-- Table structure for act_hi_attachment
-- ----------------------------
DROP TABLE IF EXISTS `act_hi_attachment`;
CREATE TABLE `act_hi_attachment`  (
  `ID_` varchar(64) CHARACTER SET utf8 COLLATE utf8_bin NOT NULL,
  `REV_` int(11) NULL DEFAULT NULL,
  `USER_ID_` varchar(255) CHARACTER SET utf8 COLLATE utf8_bin NULL DEFAULT NULL,
  `NAME_` varchar(255) CHARACTER SET utf8 COLLATE utf8_bin NULL DEFAULT NULL,
  `DESCRIPTION_` varchar(4000) CHARACTER SET utf8 COLLATE utf8_bin NULL DEFAULT NULL,
  `TYPE_` varchar(255) CHARACTER SET utf8 COLLATE utf8_bin NULL DEFAULT NULL,
  `TASK_ID_` varchar(64) CHARACTER SET utf8 COLLATE utf8_bin NULL DEFAULT NULL,
  `PROC_INST_ID_` varchar(64) CHARACTER SET utf8 COLLATE utf8_bin NULL DEFAULT NULL,
  `URL_` varchar(4000) CHARACTER SET utf8 COLLATE utf8_bin NULL DEFAULT NULL,
  `CONTENT_ID_` varchar(64) CHARACTER SET utf8 COLLATE utf8_bin NULL DEFAULT NULL,
  `TIME_` datetime(3) NULL DEFAULT NULL,
  PRIMARY KEY (`ID_`) USING BTREE
) ENGINE = InnoDB CHARACTER SET = utf8 COLLATE = utf8_bin ROW_FORMAT = Dynamic;

-- ----------------------------
-- Records of act_hi_attachment
-- ----------------------------

-- ----------------------------
-- Table structure for act_hi_comment
-- ----------------------------
DROP TABLE IF EXISTS `act_hi_comment`;
CREATE TABLE `act_hi_comment`  (
  `ID_` varchar(64) CHARACTER SET utf8 COLLATE utf8_bin NOT NULL,
  `TYPE_` varchar(255) CHARACTER SET utf8 COLLATE utf8_bin NULL DEFAULT NULL,
  `TIME_` datetime(3) NOT NULL,
  `USER_ID_` varchar(255) CHARACTER SET utf8 COLLATE utf8_bin NULL DEFAULT NULL,
  `TASK_ID_` varchar(64) CHARACTER SET utf8 COLLATE utf8_bin NULL DEFAULT NULL,
  `PROC_INST_ID_` varchar(64) CHARACTER SET utf8 COLLATE utf8_bin NULL DEFAULT NULL,
  `ACTION_` varchar(255) CHARACTER SET utf8 COLLATE utf8_bin NULL DEFAULT NULL,
  `MESSAGE_` varchar(4000) CHARACTER SET utf8 COLLATE utf8_bin NULL DEFAULT NULL,
  `FULL_MSG_` longblob NULL,
  PRIMARY KEY (`ID_`) USING BTREE
) ENGINE = InnoDB CHARACTER SET = utf8 COLLATE = utf8_bin ROW_FORMAT = Dynamic;

-- ----------------------------
-- Records of act_hi_comment
-- ----------------------------
INSERT INTO `act_hi_comment` VALUES ('20019', 'comment', '2023-04-10 17:26:50.412', NULL, '20011', '20001', 'AddComment', 'xiaoliu[], ', 0x7869616F6C69755BE9809AE8BF875D2C20E4BBB7E6A0BCE59088E79086);
INSERT INTO `act_hi_comment` VALUES ('20046', 'comment', '2023-04-10 17:28:55.343', NULL, '20038', '20028', 'AddComment', 'xiaoliu[], ', 0x7869616F6C69755BE9809AE8BF875D2C20E4BBB7E6A0BCE59088E79086);
INSERT INTO `act_hi_comment` VALUES ('20065', 'comment', '2023-04-10 17:30:17.542', NULL, '20055', '20028', 'AddComment', 'laoliu[], 111', 0x6C616F6C69755BE9809AE8BF875D2C20E4BBB7E6A0BCE59088E79086313131);
INSERT INTO `act_hi_comment` VALUES ('20108', 'comment', '2023-04-10 22:03:37.241', NULL, '20100', '20090', 'AddComment', 'xiaoliu[], ', 0x7869616F6C69755BE9809AE8BF875D2C20E5908CE6848F);
INSERT INTO `act_hi_comment` VALUES ('20135', 'comment', '2023-04-10 22:08:36.983', NULL, '20127', '20117', 'AddComment', 'xiaoliu[], ', 0x7869616F6C69755BE9809AE8BF875D2C20E79A84);
INSERT INTO `act_hi_comment` VALUES ('22519', 'comment', '2023-04-11 10:40:58.124', NULL, '22511', '22501', 'AddComment', 'xiaoliu[], ', 0x7869616F6C69755BE9809AE8BF875D2C20E7A1AEE5AE9EE889AFE5BF83);
INSERT INTO `act_hi_comment` VALUES ('22538', 'comment', '2023-04-11 10:41:34.712', NULL, '22528', '22501', 'AddComment', 'laoliu[], ', 0x6C616F6C69755BE9809AE8BF875D2C20E4B89AE7958CE889AFE5BF83);

-- ----------------------------
-- Table structure for act_hi_detail
-- ----------------------------
DROP TABLE IF EXISTS `act_hi_detail`;
CREATE TABLE `act_hi_detail`  (
  `ID_` varchar(64) CHARACTER SET utf8 COLLATE utf8_bin NOT NULL,
  `TYPE_` varchar(255) CHARACTER SET utf8 COLLATE utf8_bin NOT NULL,
  `PROC_INST_ID_` varchar(64) CHARACTER SET utf8 COLLATE utf8_bin NULL DEFAULT NULL,
  `EXECUTION_ID_` varchar(64) CHARACTER SET utf8 COLLATE utf8_bin NULL DEFAULT NULL,
  `TASK_ID_` varchar(64) CHARACTER SET utf8 COLLATE utf8_bin NULL DEFAULT NULL,
  `ACT_INST_ID_` varchar(64) CHARACTER SET utf8 COLLATE utf8_bin NULL DEFAULT NULL,
  `NAME_` varchar(255) CHARACTER SET utf8 COLLATE utf8_bin NOT NULL,
  `VAR_TYPE_` varchar(255) CHARACTER SET utf8 COLLATE utf8_bin NULL DEFAULT NULL,
  `REV_` int(11) NULL DEFAULT NULL,
  `TIME_` datetime(3) NOT NULL,
  `BYTEARRAY_ID_` varchar(64) CHARACTER SET utf8 COLLATE utf8_bin NULL DEFAULT NULL,
  `DOUBLE_` double NULL DEFAULT NULL,
  `LONG_` bigint(20) NULL DEFAULT NULL,
  `TEXT_` varchar(4000) CHARACTER SET utf8 COLLATE utf8_bin NULL DEFAULT NULL,
  `TEXT2_` varchar(4000) CHARACTER SET utf8 COLLATE utf8_bin NULL DEFAULT NULL,
  PRIMARY KEY (`ID_`) USING BTREE,
  INDEX `ACT_IDX_HI_DETAIL_PROC_INST`(`PROC_INST_ID_`) USING BTREE,
  INDEX `ACT_IDX_HI_DETAIL_ACT_INST`(`ACT_INST_ID_`) USING BTREE,
  INDEX `ACT_IDX_HI_DETAIL_TIME`(`TIME_`) USING BTREE,
  INDEX `ACT_IDX_HI_DETAIL_NAME`(`NAME_`) USING BTREE,
  INDEX `ACT_IDX_HI_DETAIL_TASK_ID`(`TASK_ID_`) USING BTREE
) ENGINE = InnoDB CHARACTER SET = utf8 COLLATE = utf8_bin ROW_FORMAT = Dynamic;

-- ----------------------------
-- Records of act_hi_detail
-- ----------------------------
INSERT INTO `act_hi_detail` VALUES ('12503', 'VariableUpdate', '12501', '12501', NULL, NULL, 'shopOwnerId', 'long', 0, '2023-04-10 11:20:48.554', NULL, NULL, 3, '3', NULL);
INSERT INTO `act_hi_detail` VALUES ('12505', 'VariableUpdate', '12501', '12501', NULL, NULL, 'discountAmount', 'json', 0, '2023-04-10 11:20:48.576', NULL, NULL, NULL, '198.00', NULL);
INSERT INTO `act_hi_detail` VALUES ('12507', 'VariableUpdate', '12501', '12501', NULL, NULL, 'financalId', 'null', 0, '2023-04-10 11:20:48.576', NULL, NULL, NULL, NULL, NULL);
INSERT INTO `act_hi_detail` VALUES ('12513', 'VariableUpdate', '12501', '12508', '12511', NULL, 'shopOwnerId', 'long', 0, '2023-04-10 11:20:48.631', NULL, NULL, 3, '3', NULL);
INSERT INTO `act_hi_detail` VALUES ('12515', 'VariableUpdate', '12501', '12508', '12511', NULL, 'discountAmount', 'json', 0, '2023-04-10 11:20:48.631', NULL, NULL, NULL, '198.00', NULL);
INSERT INTO `act_hi_detail` VALUES ('12517', 'VariableUpdate', '12501', '12508', '12511', NULL, 'financalId', 'null', 0, '2023-04-10 11:20:48.631', NULL, NULL, NULL, NULL, NULL);
INSERT INTO `act_hi_detail` VALUES ('15003', 'VariableUpdate', '15001', '15001', NULL, NULL, 'shopOwnerId', 'long', 0, '2023-04-10 11:48:51.136', NULL, NULL, 3, '3', NULL);
INSERT INTO `act_hi_detail` VALUES ('15005', 'VariableUpdate', '15001', '15001', NULL, NULL, 'discountAmount', 'json', 0, '2023-04-10 11:48:51.141', NULL, NULL, NULL, '198.00', NULL);
INSERT INTO `act_hi_detail` VALUES ('15007', 'VariableUpdate', '15001', '15001', NULL, NULL, 'financalId', 'null', 0, '2023-04-10 11:48:51.141', NULL, NULL, NULL, NULL, NULL);
INSERT INTO `act_hi_detail` VALUES ('15013', 'VariableUpdate', '15001', '15008', '15011', NULL, 'shopOwnerId', 'long', 0, '2023-04-10 11:48:51.167', NULL, NULL, 3, '3', NULL);
INSERT INTO `act_hi_detail` VALUES ('15015', 'VariableUpdate', '15001', '15008', '15011', NULL, 'discountAmount', 'json', 0, '2023-04-10 11:48:51.168', NULL, NULL, NULL, '198.00', NULL);
INSERT INTO `act_hi_detail` VALUES ('15017', 'VariableUpdate', '15001', '15008', '15011', NULL, 'financalId', 'null', 0, '2023-04-10 11:48:51.168', NULL, NULL, NULL, NULL, NULL);
INSERT INTO `act_hi_detail` VALUES ('20003', 'VariableUpdate', '20001', '20001', NULL, NULL, 'shopOwnerId', 'long', 0, '2023-04-10 17:26:26.299', NULL, NULL, 3, '3', NULL);
INSERT INTO `act_hi_detail` VALUES ('20005', 'VariableUpdate', '20001', '20001', NULL, NULL, 'discountAmount', 'string', 0, '2023-04-10 17:26:26.300', NULL, NULL, NULL, '198', NULL);
INSERT INTO `act_hi_detail` VALUES ('20007', 'VariableUpdate', '20001', '20001', NULL, NULL, 'financalId', 'null', 0, '2023-04-10 17:26:26.300', NULL, NULL, NULL, NULL, NULL);
INSERT INTO `act_hi_detail` VALUES ('20013', 'VariableUpdate', '20001', '20008', '20011', NULL, 'shopOwnerId', 'long', 0, '2023-04-10 17:26:26.330', NULL, NULL, 3, '3', NULL);
INSERT INTO `act_hi_detail` VALUES ('20015', 'VariableUpdate', '20001', '20008', '20011', NULL, 'discountAmount', 'string', 0, '2023-04-10 17:26:26.330', NULL, NULL, NULL, '198', NULL);
INSERT INTO `act_hi_detail` VALUES ('20017', 'VariableUpdate', '20001', '20008', '20011', NULL, 'financalId', 'null', 0, '2023-04-10 17:26:26.330', NULL, NULL, NULL, NULL, NULL);
INSERT INTO `act_hi_detail` VALUES ('20021', 'VariableUpdate', '20001', '20001', NULL, '20010', 'shopOwnerAudit', 'boolean', 0, '2023-04-10 17:26:50.420', NULL, NULL, 1, NULL, NULL);
INSERT INTO `act_hi_detail` VALUES ('20022', 'VariableUpdate', '20001', '20001', NULL, NULL, 'shopOwnerId', 'long', 1, '2023-04-10 17:26:50.422', NULL, NULL, 3, '3', NULL);
INSERT INTO `act_hi_detail` VALUES ('20023', 'VariableUpdate', '20001', '20001', NULL, NULL, 'discountAmount', 'string', 1, '2023-04-10 17:26:50.424', NULL, NULL, NULL, '198', NULL);
INSERT INTO `act_hi_detail` VALUES ('20024', 'VariableUpdate', '20001', '20001', NULL, NULL, 'financalId', 'null', 1, '2023-04-10 17:26:50.426', NULL, NULL, NULL, NULL, NULL);
INSERT INTO `act_hi_detail` VALUES ('20030', 'VariableUpdate', '20028', '20028', NULL, NULL, 'shopOwnerId', 'long', 0, '2023-04-10 17:28:28.333', NULL, NULL, 3, '3', NULL);
INSERT INTO `act_hi_detail` VALUES ('20032', 'VariableUpdate', '20028', '20028', NULL, NULL, 'discountAmount', 'string', 0, '2023-04-10 17:28:28.333', NULL, NULL, NULL, '5100', NULL);
INSERT INTO `act_hi_detail` VALUES ('20034', 'VariableUpdate', '20028', '20028', NULL, NULL, 'financalId', 'long', 0, '2023-04-10 17:28:28.333', NULL, NULL, 4, '4', NULL);
INSERT INTO `act_hi_detail` VALUES ('20040', 'VariableUpdate', '20028', '20035', '20038', NULL, 'shopOwnerId', 'long', 0, '2023-04-10 17:28:28.334', NULL, NULL, 3, '3', NULL);
INSERT INTO `act_hi_detail` VALUES ('20042', 'VariableUpdate', '20028', '20035', '20038', NULL, 'discountAmount', 'string', 0, '2023-04-10 17:28:28.334', NULL, NULL, NULL, '5100', NULL);
INSERT INTO `act_hi_detail` VALUES ('20044', 'VariableUpdate', '20028', '20035', '20038', NULL, 'financalId', 'long', 0, '2023-04-10 17:28:28.334', NULL, NULL, 4, '4', NULL);
INSERT INTO `act_hi_detail` VALUES ('20048', 'VariableUpdate', '20028', '20028', NULL, '20037', 'shopOwnerAudit', 'boolean', 0, '2023-04-10 17:28:55.352', NULL, NULL, 1, NULL, NULL);
INSERT INTO `act_hi_detail` VALUES ('20049', 'VariableUpdate', '20028', '20028', NULL, NULL, 'shopOwnerId', 'long', 1, '2023-04-10 17:28:55.356', NULL, NULL, 3, '3', NULL);
INSERT INTO `act_hi_detail` VALUES ('20050', 'VariableUpdate', '20028', '20028', NULL, NULL, 'discountAmount', 'string', 1, '2023-04-10 17:28:55.359', NULL, NULL, NULL, '5100', NULL);
INSERT INTO `act_hi_detail` VALUES ('20051', 'VariableUpdate', '20028', '20028', NULL, NULL, 'financalId', 'long', 1, '2023-04-10 17:28:55.361', NULL, NULL, 4, '4', NULL);
INSERT INTO `act_hi_detail` VALUES ('20057', 'VariableUpdate', '20028', '20035', '20055', NULL, 'shopOwnerId', 'long', 0, '2023-04-10 17:28:55.376', NULL, NULL, 3, '3', NULL);
INSERT INTO `act_hi_detail` VALUES ('20059', 'VariableUpdate', '20028', '20035', '20055', NULL, 'financalId', 'long', 0, '2023-04-10 17:28:55.376', NULL, NULL, 4, '4', NULL);
INSERT INTO `act_hi_detail` VALUES ('20061', 'VariableUpdate', '20028', '20035', '20055', NULL, 'discountAmount', 'string', 0, '2023-04-10 17:28:55.376', NULL, NULL, NULL, '5100', NULL);
INSERT INTO `act_hi_detail` VALUES ('20063', 'VariableUpdate', '20028', '20035', '20055', NULL, 'shopOwnerAudit', 'boolean', 0, '2023-04-10 17:28:55.376', NULL, NULL, 1, NULL, NULL);
INSERT INTO `act_hi_detail` VALUES ('20066', 'VariableUpdate', '20028', '20028', NULL, '20054', 'shopOwnerAudit', 'boolean', 1, '2023-04-10 17:30:17.548', NULL, NULL, 1, NULL, NULL);
INSERT INTO `act_hi_detail` VALUES ('20067', 'VariableUpdate', '20028', '20028', NULL, NULL, 'shopOwnerId', 'long', 1, '2023-04-10 17:30:17.551', NULL, NULL, 3, '3', NULL);
INSERT INTO `act_hi_detail` VALUES ('20068', 'VariableUpdate', '20028', '20028', NULL, NULL, 'financalId', 'long', 1, '2023-04-10 17:30:17.552', NULL, NULL, 4, '4', NULL);
INSERT INTO `act_hi_detail` VALUES ('20069', 'VariableUpdate', '20028', '20028', NULL, NULL, 'discountAmount', 'string', 1, '2023-04-10 17:30:17.553', NULL, NULL, NULL, '5100', NULL);
INSERT INTO `act_hi_detail` VALUES ('20070', 'VariableUpdate', '20028', '20028', NULL, NULL, 'shopOwnerAudit', 'boolean', 1, '2023-04-10 17:30:17.554', NULL, NULL, 1, NULL, NULL);
INSERT INTO `act_hi_detail` VALUES ('20074', 'VariableUpdate', '20072', '20072', NULL, NULL, 'shopOwnerId', 'long', 0, '2023-04-10 21:09:44.543', NULL, NULL, 5, '5', NULL);
INSERT INTO `act_hi_detail` VALUES ('20076', 'VariableUpdate', '20072', '20072', NULL, NULL, 'discountAmount', 'string', 0, '2023-04-10 21:09:44.543', NULL, NULL, NULL, '9', NULL);
INSERT INTO `act_hi_detail` VALUES ('20078', 'VariableUpdate', '20072', '20072', NULL, NULL, 'financalId', 'null', 0, '2023-04-10 21:09:44.543', NULL, NULL, NULL, NULL, NULL);
INSERT INTO `act_hi_detail` VALUES ('20084', 'VariableUpdate', '20072', '20079', '20082', NULL, 'shopOwnerId', 'long', 0, '2023-04-10 21:09:44.546', NULL, NULL, 5, '5', NULL);
INSERT INTO `act_hi_detail` VALUES ('20086', 'VariableUpdate', '20072', '20079', '20082', NULL, 'discountAmount', 'string', 0, '2023-04-10 21:09:44.546', NULL, NULL, NULL, '9', NULL);
INSERT INTO `act_hi_detail` VALUES ('20088', 'VariableUpdate', '20072', '20079', '20082', NULL, 'financalId', 'null', 0, '2023-04-10 21:09:44.546', NULL, NULL, NULL, NULL, NULL);
INSERT INTO `act_hi_detail` VALUES ('20092', 'VariableUpdate', '20090', '20090', NULL, NULL, 'shopOwnerId', 'long', 0, '2023-04-10 22:03:03.111', NULL, NULL, 3, '3', NULL);
INSERT INTO `act_hi_detail` VALUES ('20094', 'VariableUpdate', '20090', '20090', NULL, NULL, 'discountAmount', 'string', 0, '2023-04-10 22:03:03.111', NULL, NULL, NULL, '69', NULL);
INSERT INTO `act_hi_detail` VALUES ('20096', 'VariableUpdate', '20090', '20090', NULL, NULL, 'financalId', 'null', 0, '2023-04-10 22:03:03.111', NULL, NULL, NULL, NULL, NULL);
INSERT INTO `act_hi_detail` VALUES ('20102', 'VariableUpdate', '20090', '20097', '20100', NULL, 'shopOwnerId', 'long', 0, '2023-04-10 22:03:03.112', NULL, NULL, 3, '3', NULL);
INSERT INTO `act_hi_detail` VALUES ('20104', 'VariableUpdate', '20090', '20097', '20100', NULL, 'discountAmount', 'string', 0, '2023-04-10 22:03:03.112', NULL, NULL, NULL, '69', NULL);
INSERT INTO `act_hi_detail` VALUES ('20106', 'VariableUpdate', '20090', '20097', '20100', NULL, 'financalId', 'null', 0, '2023-04-10 22:03:03.112', NULL, NULL, NULL, NULL, NULL);
INSERT INTO `act_hi_detail` VALUES ('20110', 'VariableUpdate', '20090', '20090', NULL, '20099', 'shopOwnerAudit', 'boolean', 0, '2023-04-10 22:03:37.246', NULL, NULL, 1, NULL, NULL);
INSERT INTO `act_hi_detail` VALUES ('20111', 'VariableUpdate', '20090', '20090', NULL, NULL, 'shopOwnerId', 'long', 1, '2023-04-10 22:03:37.246', NULL, NULL, 3, '3', NULL);
INSERT INTO `act_hi_detail` VALUES ('20112', 'VariableUpdate', '20090', '20090', NULL, NULL, 'discountAmount', 'string', 1, '2023-04-10 22:03:37.247', NULL, NULL, NULL, '69', NULL);
INSERT INTO `act_hi_detail` VALUES ('20113', 'VariableUpdate', '20090', '20090', NULL, NULL, 'financalId', 'null', 1, '2023-04-10 22:03:37.248', NULL, NULL, NULL, NULL, NULL);
INSERT INTO `act_hi_detail` VALUES ('20119', 'VariableUpdate', '20117', '20117', NULL, NULL, 'shopOwnerId', 'long', 0, '2023-04-10 22:04:43.234', NULL, NULL, 3, '3', NULL);
INSERT INTO `act_hi_detail` VALUES ('20121', 'VariableUpdate', '20117', '20117', NULL, NULL, 'discountAmount', 'string', 0, '2023-04-10 22:04:43.234', NULL, NULL, NULL, '99999', NULL);
INSERT INTO `act_hi_detail` VALUES ('20123', 'VariableUpdate', '20117', '20117', NULL, NULL, 'financalId', 'long', 0, '2023-04-10 22:04:43.234', NULL, NULL, 4, '4', NULL);
INSERT INTO `act_hi_detail` VALUES ('20129', 'VariableUpdate', '20117', '20124', '20127', NULL, 'shopOwnerId', 'long', 0, '2023-04-10 22:04:43.236', NULL, NULL, 3, '3', NULL);
INSERT INTO `act_hi_detail` VALUES ('20131', 'VariableUpdate', '20117', '20124', '20127', NULL, 'discountAmount', 'string', 0, '2023-04-10 22:04:43.236', NULL, NULL, NULL, '99999', NULL);
INSERT INTO `act_hi_detail` VALUES ('20133', 'VariableUpdate', '20117', '20124', '20127', NULL, 'financalId', 'long', 0, '2023-04-10 22:04:43.236', NULL, NULL, 4, '4', NULL);
INSERT INTO `act_hi_detail` VALUES ('20137', 'VariableUpdate', '20117', '20117', NULL, '20126', 'shopOwnerAudit', 'boolean', 0, '2023-04-10 22:08:37.053', NULL, NULL, 1, NULL, NULL);
INSERT INTO `act_hi_detail` VALUES ('20138', 'VariableUpdate', '20117', '20117', NULL, NULL, 'shopOwnerId', 'long', 1, '2023-04-10 22:08:37.074', NULL, NULL, 3, '3', NULL);
INSERT INTO `act_hi_detail` VALUES ('20139', 'VariableUpdate', '20117', '20117', NULL, NULL, 'discountAmount', 'string', 1, '2023-04-10 22:08:37.082', NULL, NULL, NULL, '99999', NULL);
INSERT INTO `act_hi_detail` VALUES ('20140', 'VariableUpdate', '20117', '20117', NULL, NULL, 'financalId', 'long', 1, '2023-04-10 22:08:37.090', NULL, NULL, 4, '4', NULL);
INSERT INTO `act_hi_detail` VALUES ('20146', 'VariableUpdate', '20117', '20124', '20144', NULL, 'shopOwnerId', 'long', 0, '2023-04-10 22:08:37.178', NULL, NULL, 3, '3', NULL);
INSERT INTO `act_hi_detail` VALUES ('20148', 'VariableUpdate', '20117', '20124', '20144', NULL, 'financalId', 'long', 0, '2023-04-10 22:08:37.178', NULL, NULL, 4, '4', NULL);
INSERT INTO `act_hi_detail` VALUES ('20150', 'VariableUpdate', '20117', '20124', '20144', NULL, 'discountAmount', 'string', 0, '2023-04-10 22:08:37.179', NULL, NULL, NULL, '99999', NULL);
INSERT INTO `act_hi_detail` VALUES ('20152', 'VariableUpdate', '20117', '20124', '20144', NULL, 'shopOwnerAudit', 'boolean', 0, '2023-04-10 22:08:37.180', NULL, NULL, 1, NULL, NULL);
INSERT INTO `act_hi_detail` VALUES ('22503', 'VariableUpdate', '22501', '22501', NULL, NULL, 'shopOwnerId', 'long', 0, '2023-04-11 10:40:14.996', NULL, NULL, 3, '3', NULL);
INSERT INTO `act_hi_detail` VALUES ('22505', 'VariableUpdate', '22501', '22501', NULL, NULL, 'discountAmount', 'string', 0, '2023-04-11 10:40:14.998', NULL, NULL, NULL, '99999', NULL);
INSERT INTO `act_hi_detail` VALUES ('22507', 'VariableUpdate', '22501', '22501', NULL, NULL, 'financalId', 'long', 0, '2023-04-11 10:40:14.998', NULL, NULL, 4, '4', NULL);
INSERT INTO `act_hi_detail` VALUES ('22513', 'VariableUpdate', '22501', '22508', '22511', NULL, 'shopOwnerId', 'long', 0, '2023-04-11 10:40:15.021', NULL, NULL, 3, '3', NULL);
INSERT INTO `act_hi_detail` VALUES ('22515', 'VariableUpdate', '22501', '22508', '22511', NULL, 'discountAmount', 'string', 0, '2023-04-11 10:40:15.021', NULL, NULL, NULL, '99999', NULL);
INSERT INTO `act_hi_detail` VALUES ('22517', 'VariableUpdate', '22501', '22508', '22511', NULL, 'financalId', 'long', 0, '2023-04-11 10:40:15.021', NULL, NULL, 4, '4', NULL);
INSERT INTO `act_hi_detail` VALUES ('22521', 'VariableUpdate', '22501', '22501', NULL, '22510', 'shopOwnerAudit', 'boolean', 0, '2023-04-11 10:40:58.136', NULL, NULL, 1, NULL, NULL);
INSERT INTO `act_hi_detail` VALUES ('22522', 'VariableUpdate', '22501', '22501', NULL, NULL, 'shopOwnerId', 'long', 1, '2023-04-11 10:40:58.140', NULL, NULL, 3, '3', NULL);
INSERT INTO `act_hi_detail` VALUES ('22523', 'VariableUpdate', '22501', '22501', NULL, NULL, 'discountAmount', 'string', 1, '2023-04-11 10:40:58.142', NULL, NULL, NULL, '99999', NULL);
INSERT INTO `act_hi_detail` VALUES ('22524', 'VariableUpdate', '22501', '22501', NULL, NULL, 'financalId', 'long', 1, '2023-04-11 10:40:58.144', NULL, NULL, 4, '4', NULL);
INSERT INTO `act_hi_detail` VALUES ('22530', 'VariableUpdate', '22501', '22508', '22528', NULL, 'shopOwnerId', 'long', 0, '2023-04-11 10:40:58.164', NULL, NULL, 3, '3', NULL);
INSERT INTO `act_hi_detail` VALUES ('22532', 'VariableUpdate', '22501', '22508', '22528', NULL, 'discountAmount', 'string', 0, '2023-04-11 10:40:58.165', NULL, NULL, NULL, '99999', NULL);
INSERT INTO `act_hi_detail` VALUES ('22534', 'VariableUpdate', '22501', '22508', '22528', NULL, 'financalId', 'long', 0, '2023-04-11 10:40:58.165', NULL, NULL, 4, '4', NULL);
INSERT INTO `act_hi_detail` VALUES ('22536', 'VariableUpdate', '22501', '22508', '22528', NULL, 'shopOwnerAudit', 'boolean', 0, '2023-04-11 10:40:58.165', NULL, NULL, 1, NULL, NULL);
INSERT INTO `act_hi_detail` VALUES ('22539', 'VariableUpdate', '22501', '22501', NULL, '22527', 'shopOwnerAudit', 'boolean', 1, '2023-04-11 10:41:34.765', NULL, NULL, 1, NULL, NULL);
INSERT INTO `act_hi_detail` VALUES ('22540', 'VariableUpdate', '22501', '22501', NULL, NULL, 'shopOwnerId', 'long', 1, '2023-04-11 10:41:34.769', NULL, NULL, 3, '3', NULL);
INSERT INTO `act_hi_detail` VALUES ('22541', 'VariableUpdate', '22501', '22501', NULL, NULL, 'discountAmount', 'string', 1, '2023-04-11 10:41:34.770', NULL, NULL, NULL, '99999', NULL);
INSERT INTO `act_hi_detail` VALUES ('22542', 'VariableUpdate', '22501', '22501', NULL, NULL, 'financalId', 'long', 1, '2023-04-11 10:41:34.770', NULL, NULL, 4, '4', NULL);
INSERT INTO `act_hi_detail` VALUES ('22543', 'VariableUpdate', '22501', '22501', NULL, NULL, 'shopOwnerAudit', 'boolean', 1, '2023-04-11 10:41:34.771', NULL, NULL, 1, NULL, NULL);
INSERT INTO `act_hi_detail` VALUES ('25003', 'VariableUpdate', '25001', '25001', NULL, NULL, 'shopOwnerId', 'long', 0, '2023-04-11 16:00:17.628', NULL, NULL, 3, '3', NULL);
INSERT INTO `act_hi_detail` VALUES ('25005', 'VariableUpdate', '25001', '25001', NULL, NULL, 'discountAmount', 'string', 0, '2023-04-11 16:00:17.634', NULL, NULL, NULL, '199', NULL);
INSERT INTO `act_hi_detail` VALUES ('25007', 'VariableUpdate', '25001', '25001', NULL, NULL, 'financalId', 'null', 0, '2023-04-11 16:00:17.634', NULL, NULL, NULL, NULL, NULL);
INSERT INTO `act_hi_detail` VALUES ('25013', 'VariableUpdate', '25001', '25008', '25011', NULL, 'shopOwnerId', 'long', 0, '2023-04-11 16:00:17.662', NULL, NULL, 3, '3', NULL);
INSERT INTO `act_hi_detail` VALUES ('25015', 'VariableUpdate', '25001', '25008', '25011', NULL, 'discountAmount', 'string', 0, '2023-04-11 16:00:17.662', NULL, NULL, NULL, '199', NULL);
INSERT INTO `act_hi_detail` VALUES ('25017', 'VariableUpdate', '25001', '25008', '25011', NULL, 'financalId', 'null', 0, '2023-04-11 16:00:17.662', NULL, NULL, NULL, NULL, NULL);

-- ----------------------------
-- Table structure for act_hi_identitylink
-- ----------------------------
DROP TABLE IF EXISTS `act_hi_identitylink`;
CREATE TABLE `act_hi_identitylink`  (
  `ID_` varchar(64) CHARACTER SET utf8 COLLATE utf8_bin NOT NULL,
  `GROUP_ID_` varchar(255) CHARACTER SET utf8 COLLATE utf8_bin NULL DEFAULT NULL,
  `TYPE_` varchar(255) CHARACTER SET utf8 COLLATE utf8_bin NULL DEFAULT NULL,
  `USER_ID_` varchar(255) CHARACTER SET utf8 COLLATE utf8_bin NULL DEFAULT NULL,
  `TASK_ID_` varchar(64) CHARACTER SET utf8 COLLATE utf8_bin NULL DEFAULT NULL,
  `PROC_INST_ID_` varchar(64) CHARACTER SET utf8 COLLATE utf8_bin NULL DEFAULT NULL,
  PRIMARY KEY (`ID_`) USING BTREE,
  INDEX `ACT_IDX_HI_IDENT_LNK_USER`(`USER_ID_`) USING BTREE,
  INDEX `ACT_IDX_HI_IDENT_LNK_TASK`(`TASK_ID_`) USING BTREE,
  INDEX `ACT_IDX_HI_IDENT_LNK_PROCINST`(`PROC_INST_ID_`) USING BTREE
) ENGINE = InnoDB CHARACTER SET = utf8 COLLATE = utf8_bin ROW_FORMAT = Dynamic;

-- ----------------------------
-- Records of act_hi_identitylink
-- ----------------------------
INSERT INTO `act_hi_identitylink` VALUES ('12518', NULL, 'participant', '3', NULL, '12501');
INSERT INTO `act_hi_identitylink` VALUES ('15018', NULL, 'participant', '3', NULL, '15001');
INSERT INTO `act_hi_identitylink` VALUES ('20018', NULL, 'participant', '3', NULL, '20001');
INSERT INTO `act_hi_identitylink` VALUES ('20045', NULL, 'participant', '3', NULL, '20028');
INSERT INTO `act_hi_identitylink` VALUES ('20064', NULL, 'participant', '4', NULL, '20028');
INSERT INTO `act_hi_identitylink` VALUES ('20089', NULL, 'participant', '5', NULL, '20072');
INSERT INTO `act_hi_identitylink` VALUES ('20107', NULL, 'participant', '3', NULL, '20090');
INSERT INTO `act_hi_identitylink` VALUES ('20134', NULL, 'participant', '3', NULL, '20117');
INSERT INTO `act_hi_identitylink` VALUES ('20153', NULL, 'participant', '4', NULL, '20117');
INSERT INTO `act_hi_identitylink` VALUES ('22518', NULL, 'participant', '3', NULL, '22501');
INSERT INTO `act_hi_identitylink` VALUES ('22537', NULL, 'participant', '4', NULL, '22501');
INSERT INTO `act_hi_identitylink` VALUES ('25018', NULL, 'participant', '3', NULL, '25001');

-- ----------------------------
-- Table structure for act_hi_procinst
-- ----------------------------
DROP TABLE IF EXISTS `act_hi_procinst`;
CREATE TABLE `act_hi_procinst`  (
  `ID_` varchar(64) CHARACTER SET utf8 COLLATE utf8_bin NOT NULL,
  `PROC_INST_ID_` varchar(64) CHARACTER SET utf8 COLLATE utf8_bin NOT NULL,
  `BUSINESS_KEY_` varchar(255) CHARACTER SET utf8 COLLATE utf8_bin NULL DEFAULT NULL,
  `PROC_DEF_ID_` varchar(64) CHARACTER SET utf8 COLLATE utf8_bin NOT NULL,
  `START_TIME_` datetime(3) NOT NULL,
  `END_TIME_` datetime(3) NULL DEFAULT NULL,
  `DURATION_` bigint(20) NULL DEFAULT NULL,
  `START_USER_ID_` varchar(255) CHARACTER SET utf8 COLLATE utf8_bin NULL DEFAULT NULL,
  `START_ACT_ID_` varchar(255) CHARACTER SET utf8 COLLATE utf8_bin NULL DEFAULT NULL,
  `END_ACT_ID_` varchar(255) CHARACTER SET utf8 COLLATE utf8_bin NULL DEFAULT NULL,
  `SUPER_PROCESS_INSTANCE_ID_` varchar(64) CHARACTER SET utf8 COLLATE utf8_bin NULL DEFAULT NULL,
  `DELETE_REASON_` varchar(4000) CHARACTER SET utf8 COLLATE utf8_bin NULL DEFAULT NULL,
  `TENANT_ID_` varchar(255) CHARACTER SET utf8 COLLATE utf8_bin NULL DEFAULT '',
  `NAME_` varchar(255) CHARACTER SET utf8 COLLATE utf8_bin NULL DEFAULT NULL,
  PRIMARY KEY (`ID_`) USING BTREE,
  UNIQUE INDEX `PROC_INST_ID_`(`PROC_INST_ID_`) USING BTREE,
  INDEX `ACT_IDX_HI_PRO_INST_END`(`END_TIME_`) USING BTREE,
  INDEX `ACT_IDX_HI_PRO_I_BUSKEY`(`BUSINESS_KEY_`) USING BTREE
) ENGINE = InnoDB CHARACTER SET = utf8 COLLATE = utf8_bin ROW_FORMAT = Dynamic;

-- ----------------------------
-- Records of act_hi_procinst
-- ----------------------------
INSERT INTO `act_hi_procinst` VALUES ('12501', '12501', '1', 'car_package_audit:2:10006', '2023-04-10 11:20:48.518', '2023-04-10 11:41:58.083', 1269565, NULL, '_2', NULL, NULL, '[admin]', '', NULL);
INSERT INTO `act_hi_procinst` VALUES ('15001', '15001', '2', 'car_package_audit:2:10006', '2023-04-10 11:48:51.088', '2023-04-10 17:25:20.177', 20189089, NULL, '_2', NULL, NULL, '[xiaoliu]', '', NULL);
INSERT INTO `act_hi_procinst` VALUES ('20001', '20001', '3', 'car_package_audit:2:10006', '2023-04-10 17:26:26.257', '2023-04-10 17:26:50.486', 24229, NULL, '_2', '_5', NULL, NULL, '', NULL);
INSERT INTO `act_hi_procinst` VALUES ('20028', '20028', '4', 'car_package_audit:2:10006', '2023-04-10 17:28:28.333', '2023-04-10 17:30:17.576', 109243, NULL, '_2', '_5', NULL, NULL, '', NULL);
INSERT INTO `act_hi_procinst` VALUES ('20072', '20072', '5', 'car_package_audit:2:10006', '2023-04-10 21:09:44.540', '2023-04-10 21:10:14.561', 30021, NULL, '_2', NULL, NULL, '[admin]', '', NULL);
INSERT INTO `act_hi_procinst` VALUES ('20090', '20090', '6', 'car_package_audit:2:10006', '2023-04-10 22:03:03.111', '2023-04-10 22:03:37.260', 34149, NULL, '_2', '_5', NULL, NULL, '', NULL);
INSERT INTO `act_hi_procinst` VALUES ('20117', '20117', '7', 'car_package_audit:2:10006', '2023-04-10 22:04:43.234', '2023-04-10 22:09:47.145', 303911, NULL, '_2', NULL, NULL, '[xiaoliu]', '', NULL);
INSERT INTO `act_hi_procinst` VALUES ('22501', '22501', '8', 'car_package_audit:2:10006', '2023-04-11 10:40:14.950', '2023-04-11 10:41:34.799', 79849, NULL, '_2', '_5', NULL, NULL, '', NULL);
INSERT INTO `act_hi_procinst` VALUES ('25001', '25001', '9', 'car_package_audit:2:10006', '2023-04-11 16:00:17.582', NULL, NULL, NULL, '_2', NULL, NULL, NULL, '', NULL);

-- ----------------------------
-- Table structure for act_hi_taskinst
-- ----------------------------
DROP TABLE IF EXISTS `act_hi_taskinst`;
CREATE TABLE `act_hi_taskinst`  (
  `ID_` varchar(64) CHARACTER SET utf8 COLLATE utf8_bin NOT NULL,
  `PROC_DEF_ID_` varchar(64) CHARACTER SET utf8 COLLATE utf8_bin NULL DEFAULT NULL,
  `TASK_DEF_KEY_` varchar(255) CHARACTER SET utf8 COLLATE utf8_bin NULL DEFAULT NULL,
  `PROC_INST_ID_` varchar(64) CHARACTER SET utf8 COLLATE utf8_bin NULL DEFAULT NULL,
  `EXECUTION_ID_` varchar(64) CHARACTER SET utf8 COLLATE utf8_bin NULL DEFAULT NULL,
  `NAME_` varchar(255) CHARACTER SET utf8 COLLATE utf8_bin NULL DEFAULT NULL,
  `PARENT_TASK_ID_` varchar(64) CHARACTER SET utf8 COLLATE utf8_bin NULL DEFAULT NULL,
  `DESCRIPTION_` varchar(4000) CHARACTER SET utf8 COLLATE utf8_bin NULL DEFAULT NULL,
  `OWNER_` varchar(255) CHARACTER SET utf8 COLLATE utf8_bin NULL DEFAULT NULL,
  `ASSIGNEE_` varchar(255) CHARACTER SET utf8 COLLATE utf8_bin NULL DEFAULT NULL,
  `START_TIME_` datetime(3) NOT NULL,
  `CLAIM_TIME_` datetime(3) NULL DEFAULT NULL,
  `END_TIME_` datetime(3) NULL DEFAULT NULL,
  `DURATION_` bigint(20) NULL DEFAULT NULL,
  `DELETE_REASON_` varchar(4000) CHARACTER SET utf8 COLLATE utf8_bin NULL DEFAULT NULL,
  `PRIORITY_` int(11) NULL DEFAULT NULL,
  `DUE_DATE_` datetime(3) NULL DEFAULT NULL,
  `FORM_KEY_` varchar(255) CHARACTER SET utf8 COLLATE utf8_bin NULL DEFAULT NULL,
  `CATEGORY_` varchar(255) CHARACTER SET utf8 COLLATE utf8_bin NULL DEFAULT NULL,
  `TENANT_ID_` varchar(255) CHARACTER SET utf8 COLLATE utf8_bin NULL DEFAULT '',
  PRIMARY KEY (`ID_`) USING BTREE,
  INDEX `ACT_IDX_HI_TASK_INST_PROCINST`(`PROC_INST_ID_`) USING BTREE
) ENGINE = InnoDB CHARACTER SET = utf8 COLLATE = utf8_bin ROW_FORMAT = Dynamic;

-- ----------------------------
-- Records of act_hi_taskinst
-- ----------------------------
INSERT INTO `act_hi_taskinst` VALUES ('12511', 'car_package_audit:2:10006', '_3', '12501', '12508', '', NULL, NULL, NULL, '3', '2023-04-10 11:20:48.628', NULL, '2023-04-10 11:41:58.060', 1269432, '[admin]', 50, NULL, NULL, NULL, '');
INSERT INTO `act_hi_taskinst` VALUES ('15011', 'car_package_audit:2:10006', '_3', '15001', '15008', '', NULL, NULL, NULL, '3', '2023-04-10 11:48:51.166', NULL, '2023-04-10 17:25:20.128', 20188962, '[xiaoliu]', 50, NULL, NULL, NULL, '');
INSERT INTO `act_hi_taskinst` VALUES ('20011', 'car_package_audit:2:10006', '_3', '20001', '20008', '', NULL, NULL, NULL, '3', '2023-04-10 17:26:26.326', NULL, '2023-04-10 17:26:50.432', 24106, NULL, 50, NULL, NULL, NULL, '');
INSERT INTO `act_hi_taskinst` VALUES ('20038', 'car_package_audit:2:10006', '_3', '20028', '20035', '', NULL, NULL, NULL, '3', '2023-04-10 17:28:28.333', NULL, '2023-04-10 17:28:55.368', 27035, NULL, 50, NULL, NULL, NULL, '');
INSERT INTO `act_hi_taskinst` VALUES ('20055', 'car_package_audit:2:10006', '_12', '20028', '20035', '', NULL, NULL, NULL, '4', '2023-04-10 17:28:55.375', NULL, '2023-04-10 17:30:17.557', 82182, NULL, 50, NULL, NULL, NULL, '');
INSERT INTO `act_hi_taskinst` VALUES ('20082', 'car_package_audit:2:10006', '_3', '20072', '20079', '', NULL, NULL, NULL, '5', '2023-04-10 21:09:44.545', NULL, '2023-04-10 21:10:14.550', 30005, '[admin]', 50, NULL, NULL, NULL, '');
INSERT INTO `act_hi_taskinst` VALUES ('20100', 'car_package_audit:2:10006', '_3', '20090', '20097', '', NULL, NULL, NULL, '3', '2023-04-10 22:03:03.112', NULL, '2023-04-10 22:03:37.250', 34138, NULL, 50, NULL, NULL, NULL, '');
INSERT INTO `act_hi_taskinst` VALUES ('20127', 'car_package_audit:2:10006', '_3', '20117', '20124', '', NULL, NULL, NULL, '3', '2023-04-10 22:04:43.234', NULL, '2023-04-10 22:08:37.138', 233904, NULL, 50, NULL, NULL, NULL, '');
INSERT INTO `act_hi_taskinst` VALUES ('20144', 'car_package_audit:2:10006', '_12', '20117', '20124', '', NULL, NULL, NULL, '4', '2023-04-10 22:08:37.172', NULL, '2023-04-10 22:09:47.135', 69963, '[xiaoliu]', 50, NULL, NULL, NULL, '');
INSERT INTO `act_hi_taskinst` VALUES ('22511', 'car_package_audit:2:10006', '_3', '22501', '22508', '', NULL, NULL, NULL, '3', '2023-04-11 10:40:15.019', NULL, '2023-04-11 10:40:58.150', 43131, NULL, 50, NULL, NULL, NULL, '');
INSERT INTO `act_hi_taskinst` VALUES ('22528', 'car_package_audit:2:10006', '_12', '22501', '22508', '', NULL, NULL, NULL, '4', '2023-04-11 10:40:58.164', NULL, '2023-04-11 10:41:34.774', 36610, NULL, 50, NULL, NULL, NULL, '');
INSERT INTO `act_hi_taskinst` VALUES ('25011', 'car_package_audit:2:10006', '_3', '25001', '25008', '', NULL, NULL, NULL, '3', '2023-04-11 16:00:17.661', NULL, NULL, NULL, NULL, 50, NULL, NULL, NULL, '');

-- ----------------------------
-- Table structure for act_hi_varinst
-- ----------------------------
DROP TABLE IF EXISTS `act_hi_varinst`;
CREATE TABLE `act_hi_varinst`  (
  `ID_` varchar(64) CHARACTER SET utf8 COLLATE utf8_bin NOT NULL,
  `PROC_INST_ID_` varchar(64) CHARACTER SET utf8 COLLATE utf8_bin NULL DEFAULT NULL,
  `EXECUTION_ID_` varchar(64) CHARACTER SET utf8 COLLATE utf8_bin NULL DEFAULT NULL,
  `TASK_ID_` varchar(64) CHARACTER SET utf8 COLLATE utf8_bin NULL DEFAULT NULL,
  `NAME_` varchar(255) CHARACTER SET utf8 COLLATE utf8_bin NOT NULL,
  `VAR_TYPE_` varchar(100) CHARACTER SET utf8 COLLATE utf8_bin NULL DEFAULT NULL,
  `REV_` int(11) NULL DEFAULT NULL,
  `BYTEARRAY_ID_` varchar(64) CHARACTER SET utf8 COLLATE utf8_bin NULL DEFAULT NULL,
  `DOUBLE_` double NULL DEFAULT NULL,
  `LONG_` bigint(20) NULL DEFAULT NULL,
  `TEXT_` varchar(4000) CHARACTER SET utf8 COLLATE utf8_bin NULL DEFAULT NULL,
  `TEXT2_` varchar(4000) CHARACTER SET utf8 COLLATE utf8_bin NULL DEFAULT NULL,
  `CREATE_TIME_` datetime(3) NULL DEFAULT NULL,
  `LAST_UPDATED_TIME_` datetime(3) NULL DEFAULT NULL,
  PRIMARY KEY (`ID_`) USING BTREE,
  INDEX `ACT_IDX_HI_PROCVAR_PROC_INST`(`PROC_INST_ID_`) USING BTREE,
  INDEX `ACT_IDX_HI_PROCVAR_NAME_TYPE`(`NAME_`, `VAR_TYPE_`) USING BTREE,
  INDEX `ACT_IDX_HI_PROCVAR_TASK_ID`(`TASK_ID_`) USING BTREE
) ENGINE = InnoDB CHARACTER SET = utf8 COLLATE = utf8_bin ROW_FORMAT = Dynamic;

-- ----------------------------
-- Records of act_hi_varinst
-- ----------------------------
INSERT INTO `act_hi_varinst` VALUES ('12502', '12501', '12501', NULL, 'shopOwnerId', 'long', 0, NULL, NULL, 3, '3', NULL, '2023-04-10 11:20:48.553', '2023-04-10 11:20:48.553');
INSERT INTO `act_hi_varinst` VALUES ('12504', '12501', '12501', NULL, 'discountAmount', 'json', 0, NULL, NULL, NULL, '198.00', NULL, '2023-04-10 11:20:48.576', '2023-04-10 11:20:48.576');
INSERT INTO `act_hi_varinst` VALUES ('12506', '12501', '12501', NULL, 'financalId', 'null', 0, NULL, NULL, NULL, NULL, NULL, '2023-04-10 11:20:48.576', '2023-04-10 11:20:48.576');
INSERT INTO `act_hi_varinst` VALUES ('12512', '12501', '12508', '12511', 'shopOwnerId', 'long', 0, NULL, NULL, 3, '3', NULL, '2023-04-10 11:20:48.631', '2023-04-10 11:20:48.631');
INSERT INTO `act_hi_varinst` VALUES ('12514', '12501', '12508', '12511', 'discountAmount', 'json', 0, NULL, NULL, NULL, '198.00', NULL, '2023-04-10 11:20:48.631', '2023-04-10 11:20:48.631');
INSERT INTO `act_hi_varinst` VALUES ('12516', '12501', '12508', '12511', 'financalId', 'null', 0, NULL, NULL, NULL, NULL, NULL, '2023-04-10 11:20:48.631', '2023-04-10 11:20:48.631');
INSERT INTO `act_hi_varinst` VALUES ('15002', '15001', '15001', NULL, 'shopOwnerId', 'long', 0, NULL, NULL, 3, '3', NULL, '2023-04-10 11:48:51.136', '2023-04-10 11:48:51.136');
INSERT INTO `act_hi_varinst` VALUES ('15004', '15001', '15001', NULL, 'discountAmount', 'json', 0, NULL, NULL, NULL, '198.00', NULL, '2023-04-10 11:48:51.141', '2023-04-10 11:48:51.141');
INSERT INTO `act_hi_varinst` VALUES ('15006', '15001', '15001', NULL, 'financalId', 'null', 0, NULL, NULL, NULL, NULL, NULL, '2023-04-10 11:48:51.141', '2023-04-10 11:48:51.141');
INSERT INTO `act_hi_varinst` VALUES ('15012', '15001', '15008', '15011', 'shopOwnerId', 'long', 0, NULL, NULL, 3, '3', NULL, '2023-04-10 11:48:51.167', '2023-04-10 11:48:51.167');
INSERT INTO `act_hi_varinst` VALUES ('15014', '15001', '15008', '15011', 'discountAmount', 'json', 0, NULL, NULL, NULL, '198.00', NULL, '2023-04-10 11:48:51.168', '2023-04-10 11:48:51.168');
INSERT INTO `act_hi_varinst` VALUES ('15016', '15001', '15008', '15011', 'financalId', 'null', 0, NULL, NULL, NULL, NULL, NULL, '2023-04-10 11:48:51.168', '2023-04-10 11:48:51.168');
INSERT INTO `act_hi_varinst` VALUES ('20002', '20001', '20001', NULL, 'shopOwnerId', 'long', 1, NULL, NULL, 3, '3', NULL, '2023-04-10 17:26:26.299', '2023-04-10 17:26:50.423');
INSERT INTO `act_hi_varinst` VALUES ('20004', '20001', '20001', NULL, 'discountAmount', 'string', 1, NULL, NULL, NULL, '198', NULL, '2023-04-10 17:26:26.300', '2023-04-10 17:26:50.426');
INSERT INTO `act_hi_varinst` VALUES ('20006', '20001', '20001', NULL, 'financalId', 'null', 1, NULL, NULL, NULL, NULL, NULL, '2023-04-10 17:26:26.300', '2023-04-10 17:26:50.427');
INSERT INTO `act_hi_varinst` VALUES ('20012', '20001', '20008', '20011', 'shopOwnerId', 'long', 0, NULL, NULL, 3, '3', NULL, '2023-04-10 17:26:26.330', '2023-04-10 17:26:26.330');
INSERT INTO `act_hi_varinst` VALUES ('20014', '20001', '20008', '20011', 'discountAmount', 'string', 0, NULL, NULL, NULL, '198', NULL, '2023-04-10 17:26:26.330', '2023-04-10 17:26:26.330');
INSERT INTO `act_hi_varinst` VALUES ('20016', '20001', '20008', '20011', 'financalId', 'null', 0, NULL, NULL, NULL, NULL, NULL, '2023-04-10 17:26:26.330', '2023-04-10 17:26:26.330');
INSERT INTO `act_hi_varinst` VALUES ('20020', '20001', '20001', NULL, 'shopOwnerAudit', 'boolean', 0, NULL, NULL, 1, NULL, NULL, '2023-04-10 17:26:50.420', '2023-04-10 17:26:50.420');
INSERT INTO `act_hi_varinst` VALUES ('20029', '20028', '20028', NULL, 'shopOwnerId', 'long', 2, NULL, NULL, 3, '3', NULL, '2023-04-10 17:28:28.333', '2023-04-10 17:30:17.552');
INSERT INTO `act_hi_varinst` VALUES ('20031', '20028', '20028', NULL, 'discountAmount', 'string', 2, NULL, NULL, NULL, '5100', NULL, '2023-04-10 17:28:28.333', '2023-04-10 17:30:17.554');
INSERT INTO `act_hi_varinst` VALUES ('20033', '20028', '20028', NULL, 'financalId', 'long', 2, NULL, NULL, 4, '4', NULL, '2023-04-10 17:28:28.333', '2023-04-10 17:30:17.553');
INSERT INTO `act_hi_varinst` VALUES ('20039', '20028', '20035', '20038', 'shopOwnerId', 'long', 0, NULL, NULL, 3, '3', NULL, '2023-04-10 17:28:28.334', '2023-04-10 17:28:28.334');
INSERT INTO `act_hi_varinst` VALUES ('20041', '20028', '20035', '20038', 'discountAmount', 'string', 0, NULL, NULL, NULL, '5100', NULL, '2023-04-10 17:28:28.334', '2023-04-10 17:28:28.334');
INSERT INTO `act_hi_varinst` VALUES ('20043', '20028', '20035', '20038', 'financalId', 'long', 0, NULL, NULL, 4, '4', NULL, '2023-04-10 17:28:28.334', '2023-04-10 17:28:28.334');
INSERT INTO `act_hi_varinst` VALUES ('20047', '20028', '20028', NULL, 'shopOwnerAudit', 'boolean', 1, NULL, NULL, 1, NULL, NULL, '2023-04-10 17:28:55.352', '2023-04-10 17:30:17.554');
INSERT INTO `act_hi_varinst` VALUES ('20056', '20028', '20035', '20055', 'shopOwnerId', 'long', 0, NULL, NULL, 3, '3', NULL, '2023-04-10 17:28:55.376', '2023-04-10 17:28:55.376');
INSERT INTO `act_hi_varinst` VALUES ('20058', '20028', '20035', '20055', 'financalId', 'long', 0, NULL, NULL, 4, '4', NULL, '2023-04-10 17:28:55.376', '2023-04-10 17:28:55.376');
INSERT INTO `act_hi_varinst` VALUES ('20060', '20028', '20035', '20055', 'discountAmount', 'string', 0, NULL, NULL, NULL, '5100', NULL, '2023-04-10 17:28:55.376', '2023-04-10 17:28:55.376');
INSERT INTO `act_hi_varinst` VALUES ('20062', '20028', '20035', '20055', 'shopOwnerAudit', 'boolean', 0, NULL, NULL, 1, NULL, NULL, '2023-04-10 17:28:55.376', '2023-04-10 17:28:55.376');
INSERT INTO `act_hi_varinst` VALUES ('20073', '20072', '20072', NULL, 'shopOwnerId', 'long', 0, NULL, NULL, 5, '5', NULL, '2023-04-10 21:09:44.543', '2023-04-10 21:09:44.543');
INSERT INTO `act_hi_varinst` VALUES ('20075', '20072', '20072', NULL, 'discountAmount', 'string', 0, NULL, NULL, NULL, '9', NULL, '2023-04-10 21:09:44.543', '2023-04-10 21:09:44.543');
INSERT INTO `act_hi_varinst` VALUES ('20077', '20072', '20072', NULL, 'financalId', 'null', 0, NULL, NULL, NULL, NULL, NULL, '2023-04-10 21:09:44.543', '2023-04-10 21:09:44.543');
INSERT INTO `act_hi_varinst` VALUES ('20083', '20072', '20079', '20082', 'shopOwnerId', 'long', 0, NULL, NULL, 5, '5', NULL, '2023-04-10 21:09:44.546', '2023-04-10 21:09:44.546');
INSERT INTO `act_hi_varinst` VALUES ('20085', '20072', '20079', '20082', 'discountAmount', 'string', 0, NULL, NULL, NULL, '9', NULL, '2023-04-10 21:09:44.546', '2023-04-10 21:09:44.546');
INSERT INTO `act_hi_varinst` VALUES ('20087', '20072', '20079', '20082', 'financalId', 'null', 0, NULL, NULL, NULL, NULL, NULL, '2023-04-10 21:09:44.546', '2023-04-10 21:09:44.546');
INSERT INTO `act_hi_varinst` VALUES ('20091', '20090', '20090', NULL, 'shopOwnerId', 'long', 1, NULL, NULL, 3, '3', NULL, '2023-04-10 22:03:03.111', '2023-04-10 22:03:37.247');
INSERT INTO `act_hi_varinst` VALUES ('20093', '20090', '20090', NULL, 'discountAmount', 'string', 1, NULL, NULL, NULL, '69', NULL, '2023-04-10 22:03:03.111', '2023-04-10 22:03:37.248');
INSERT INTO `act_hi_varinst` VALUES ('20095', '20090', '20090', NULL, 'financalId', 'null', 1, NULL, NULL, NULL, NULL, NULL, '2023-04-10 22:03:03.111', '2023-04-10 22:03:37.248');
INSERT INTO `act_hi_varinst` VALUES ('20101', '20090', '20097', '20100', 'shopOwnerId', 'long', 0, NULL, NULL, 3, '3', NULL, '2023-04-10 22:03:03.112', '2023-04-10 22:03:03.112');
INSERT INTO `act_hi_varinst` VALUES ('20103', '20090', '20097', '20100', 'discountAmount', 'string', 0, NULL, NULL, NULL, '69', NULL, '2023-04-10 22:03:03.112', '2023-04-10 22:03:03.112');
INSERT INTO `act_hi_varinst` VALUES ('20105', '20090', '20097', '20100', 'financalId', 'null', 0, NULL, NULL, NULL, NULL, NULL, '2023-04-10 22:03:03.112', '2023-04-10 22:03:03.112');
INSERT INTO `act_hi_varinst` VALUES ('20109', '20090', '20090', NULL, 'shopOwnerAudit', 'boolean', 0, NULL, NULL, 1, NULL, NULL, '2023-04-10 22:03:37.246', '2023-04-10 22:03:37.246');
INSERT INTO `act_hi_varinst` VALUES ('20118', '20117', '20117', NULL, 'shopOwnerId', 'long', 1, NULL, NULL, 3, '3', NULL, '2023-04-10 22:04:43.234', '2023-04-10 22:08:37.082');
INSERT INTO `act_hi_varinst` VALUES ('20120', '20117', '20117', NULL, 'discountAmount', 'string', 1, NULL, NULL, NULL, '99999', NULL, '2023-04-10 22:04:43.234', '2023-04-10 22:08:37.089');
INSERT INTO `act_hi_varinst` VALUES ('20122', '20117', '20117', NULL, 'financalId', 'long', 1, NULL, NULL, 4, '4', NULL, '2023-04-10 22:04:43.234', '2023-04-10 22:08:37.113');
INSERT INTO `act_hi_varinst` VALUES ('20128', '20117', '20124', '20127', 'shopOwnerId', 'long', 0, NULL, NULL, 3, '3', NULL, '2023-04-10 22:04:43.236', '2023-04-10 22:04:43.236');
INSERT INTO `act_hi_varinst` VALUES ('20130', '20117', '20124', '20127', 'discountAmount', 'string', 0, NULL, NULL, NULL, '99999', NULL, '2023-04-10 22:04:43.236', '2023-04-10 22:04:43.236');
INSERT INTO `act_hi_varinst` VALUES ('20132', '20117', '20124', '20127', 'financalId', 'long', 0, NULL, NULL, 4, '4', NULL, '2023-04-10 22:04:43.236', '2023-04-10 22:04:43.236');
INSERT INTO `act_hi_varinst` VALUES ('20136', '20117', '20117', NULL, 'shopOwnerAudit', 'boolean', 0, NULL, NULL, 1, NULL, NULL, '2023-04-10 22:08:37.053', '2023-04-10 22:08:37.053');
INSERT INTO `act_hi_varinst` VALUES ('20145', '20117', '20124', '20144', 'shopOwnerId', 'long', 0, NULL, NULL, 3, '3', NULL, '2023-04-10 22:08:37.177', '2023-04-10 22:08:37.177');
INSERT INTO `act_hi_varinst` VALUES ('20147', '20117', '20124', '20144', 'financalId', 'long', 0, NULL, NULL, 4, '4', NULL, '2023-04-10 22:08:37.178', '2023-04-10 22:08:37.178');
INSERT INTO `act_hi_varinst` VALUES ('20149', '20117', '20124', '20144', 'discountAmount', 'string', 0, NULL, NULL, NULL, '99999', NULL, '2023-04-10 22:08:37.179', '2023-04-10 22:08:37.179');
INSERT INTO `act_hi_varinst` VALUES ('20151', '20117', '20124', '20144', 'shopOwnerAudit', 'boolean', 0, NULL, NULL, 1, NULL, NULL, '2023-04-10 22:08:37.180', '2023-04-10 22:08:37.180');
INSERT INTO `act_hi_varinst` VALUES ('22502', '22501', '22501', NULL, 'shopOwnerId', 'long', 2, NULL, NULL, 3, '3', NULL, '2023-04-11 10:40:14.996', '2023-04-11 10:41:34.770');
INSERT INTO `act_hi_varinst` VALUES ('22504', '22501', '22501', NULL, 'discountAmount', 'string', 2, NULL, NULL, NULL, '99999', NULL, '2023-04-11 10:40:14.998', '2023-04-11 10:41:34.770');
INSERT INTO `act_hi_varinst` VALUES ('22506', '22501', '22501', NULL, 'financalId', 'long', 2, NULL, NULL, 4, '4', NULL, '2023-04-11 10:40:14.998', '2023-04-11 10:41:34.771');
INSERT INTO `act_hi_varinst` VALUES ('22512', '22501', '22508', '22511', 'shopOwnerId', 'long', 0, NULL, NULL, 3, '3', NULL, '2023-04-11 10:40:15.021', '2023-04-11 10:40:15.021');
INSERT INTO `act_hi_varinst` VALUES ('22514', '22501', '22508', '22511', 'discountAmount', 'string', 0, NULL, NULL, NULL, '99999', NULL, '2023-04-11 10:40:15.021', '2023-04-11 10:40:15.021');
INSERT INTO `act_hi_varinst` VALUES ('22516', '22501', '22508', '22511', 'financalId', 'long', 0, NULL, NULL, 4, '4', NULL, '2023-04-11 10:40:15.021', '2023-04-11 10:40:15.021');
INSERT INTO `act_hi_varinst` VALUES ('22520', '22501', '22501', NULL, 'shopOwnerAudit', 'boolean', 1, NULL, NULL, 1, NULL, NULL, '2023-04-11 10:40:58.136', '2023-04-11 10:41:34.771');
INSERT INTO `act_hi_varinst` VALUES ('22529', '22501', '22508', '22528', 'shopOwnerId', 'long', 0, NULL, NULL, 3, '3', NULL, '2023-04-11 10:40:58.164', '2023-04-11 10:40:58.164');
INSERT INTO `act_hi_varinst` VALUES ('22531', '22501', '22508', '22528', 'discountAmount', 'string', 0, NULL, NULL, NULL, '99999', NULL, '2023-04-11 10:40:58.165', '2023-04-11 10:40:58.165');
INSERT INTO `act_hi_varinst` VALUES ('22533', '22501', '22508', '22528', 'financalId', 'long', 0, NULL, NULL, 4, '4', NULL, '2023-04-11 10:40:58.165', '2023-04-11 10:40:58.165');
INSERT INTO `act_hi_varinst` VALUES ('22535', '22501', '22508', '22528', 'shopOwnerAudit', 'boolean', 0, NULL, NULL, 1, NULL, NULL, '2023-04-11 10:40:58.165', '2023-04-11 10:40:58.165');
INSERT INTO `act_hi_varinst` VALUES ('25002', '25001', '25001', NULL, 'shopOwnerId', 'long', 0, NULL, NULL, 3, '3', NULL, '2023-04-11 16:00:17.628', '2023-04-11 16:00:17.628');
INSERT INTO `act_hi_varinst` VALUES ('25004', '25001', '25001', NULL, 'discountAmount', 'string', 0, NULL, NULL, NULL, '199', NULL, '2023-04-11 16:00:17.634', '2023-04-11 16:00:17.634');
INSERT INTO `act_hi_varinst` VALUES ('25006', '25001', '25001', NULL, 'financalId', 'null', 0, NULL, NULL, NULL, NULL, NULL, '2023-04-11 16:00:17.634', '2023-04-11 16:00:17.634');
INSERT INTO `act_hi_varinst` VALUES ('25012', '25001', '25008', '25011', 'shopOwnerId', 'long', 0, NULL, NULL, 3, '3', NULL, '2023-04-11 16:00:17.662', '2023-04-11 16:00:17.662');
INSERT INTO `act_hi_varinst` VALUES ('25014', '25001', '25008', '25011', 'discountAmount', 'string', 0, NULL, NULL, NULL, '199', NULL, '2023-04-11 16:00:17.662', '2023-04-11 16:00:17.662');
INSERT INTO `act_hi_varinst` VALUES ('25016', '25001', '25008', '25011', 'financalId', 'null', 0, NULL, NULL, NULL, NULL, NULL, '2023-04-11 16:00:17.662', '2023-04-11 16:00:17.662');

-- ----------------------------
-- Table structure for act_procdef_info
-- ----------------------------
DROP TABLE IF EXISTS `act_procdef_info`;
CREATE TABLE `act_procdef_info`  (
  `ID_` varchar(64) CHARACTER SET utf8 COLLATE utf8_bin NOT NULL,
  `PROC_DEF_ID_` varchar(64) CHARACTER SET utf8 COLLATE utf8_bin NOT NULL,
  `REV_` int(11) NULL DEFAULT NULL,
  `INFO_JSON_ID_` varchar(64) CHARACTER SET utf8 COLLATE utf8_bin NULL DEFAULT NULL,
  PRIMARY KEY (`ID_`) USING BTREE,
  UNIQUE INDEX `ACT_UNIQ_INFO_PROCDEF`(`PROC_DEF_ID_`) USING BTREE,
  INDEX `ACT_IDX_INFO_PROCDEF`(`PROC_DEF_ID_`) USING BTREE,
  INDEX `ACT_FK_INFO_JSON_BA`(`INFO_JSON_ID_`) USING BTREE,
  CONSTRAINT `ACT_FK_INFO_JSON_BA` FOREIGN KEY (`INFO_JSON_ID_`) REFERENCES `act_ge_bytearray` (`ID_`) ON DELETE RESTRICT ON UPDATE RESTRICT,
  CONSTRAINT `ACT_FK_INFO_PROCDEF` FOREIGN KEY (`PROC_DEF_ID_`) REFERENCES `act_re_procdef` (`ID_`) ON DELETE RESTRICT ON UPDATE RESTRICT
) ENGINE = InnoDB CHARACTER SET = utf8 COLLATE = utf8_bin ROW_FORMAT = Dynamic;

-- ----------------------------
-- Records of act_procdef_info
-- ----------------------------

-- ----------------------------
-- Table structure for act_re_deployment
-- ----------------------------
DROP TABLE IF EXISTS `act_re_deployment`;
CREATE TABLE `act_re_deployment`  (
  `ID_` varchar(64) CHARACTER SET utf8 COLLATE utf8_bin NOT NULL,
  `NAME_` varchar(255) CHARACTER SET utf8 COLLATE utf8_bin NULL DEFAULT NULL,
  `CATEGORY_` varchar(255) CHARACTER SET utf8 COLLATE utf8_bin NULL DEFAULT NULL,
  `KEY_` varchar(255) CHARACTER SET utf8 COLLATE utf8_bin NULL DEFAULT NULL,
  `TENANT_ID_` varchar(255) CHARACTER SET utf8 COLLATE utf8_bin NULL DEFAULT '',
  `DEPLOY_TIME_` timestamp(3) NULL DEFAULT NULL,
  `ENGINE_VERSION_` varchar(255) CHARACTER SET utf8 COLLATE utf8_bin NULL DEFAULT NULL,
  PRIMARY KEY (`ID_`) USING BTREE
) ENGINE = InnoDB CHARACTER SET = utf8 COLLATE = utf8_bin ROW_FORMAT = Dynamic;

-- ----------------------------
-- Records of act_re_deployment
-- ----------------------------
INSERT INTO `act_re_deployment` VALUES ('10004', 'bus_car_package_audit', NULL, NULL, '', '2023-04-08 17:18:59.321', NULL);
INSERT INTO `act_re_deployment` VALUES ('7501', 'bus_car_package_audit', NULL, NULL, '', '2023-04-08 15:08:04.947', NULL);

-- ----------------------------
-- Table structure for act_re_model
-- ----------------------------
DROP TABLE IF EXISTS `act_re_model`;
CREATE TABLE `act_re_model`  (
  `ID_` varchar(64) CHARACTER SET utf8 COLLATE utf8_bin NOT NULL,
  `REV_` int(11) NULL DEFAULT NULL,
  `NAME_` varchar(255) CHARACTER SET utf8 COLLATE utf8_bin NULL DEFAULT NULL,
  `KEY_` varchar(255) CHARACTER SET utf8 COLLATE utf8_bin NULL DEFAULT NULL,
  `CATEGORY_` varchar(255) CHARACTER SET utf8 COLLATE utf8_bin NULL DEFAULT NULL,
  `CREATE_TIME_` timestamp(3) NULL DEFAULT NULL,
  `LAST_UPDATE_TIME_` timestamp(3) NULL DEFAULT NULL,
  `VERSION_` int(11) NULL DEFAULT NULL,
  `META_INFO_` varchar(4000) CHARACTER SET utf8 COLLATE utf8_bin NULL DEFAULT NULL,
  `DEPLOYMENT_ID_` varchar(64) CHARACTER SET utf8 COLLATE utf8_bin NULL DEFAULT NULL,
  `EDITOR_SOURCE_VALUE_ID_` varchar(64) CHARACTER SET utf8 COLLATE utf8_bin NULL DEFAULT NULL,
  `EDITOR_SOURCE_EXTRA_VALUE_ID_` varchar(64) CHARACTER SET utf8 COLLATE utf8_bin NULL DEFAULT NULL,
  `TENANT_ID_` varchar(255) CHARACTER SET utf8 COLLATE utf8_bin NULL DEFAULT '',
  PRIMARY KEY (`ID_`) USING BTREE,
  INDEX `ACT_FK_MODEL_SOURCE`(`EDITOR_SOURCE_VALUE_ID_`) USING BTREE,
  INDEX `ACT_FK_MODEL_SOURCE_EXTRA`(`EDITOR_SOURCE_EXTRA_VALUE_ID_`) USING BTREE,
  INDEX `ACT_FK_MODEL_DEPLOYMENT`(`DEPLOYMENT_ID_`) USING BTREE,
  CONSTRAINT `ACT_FK_MODEL_DEPLOYMENT` FOREIGN KEY (`DEPLOYMENT_ID_`) REFERENCES `act_re_deployment` (`ID_`) ON DELETE RESTRICT ON UPDATE RESTRICT,
  CONSTRAINT `ACT_FK_MODEL_SOURCE` FOREIGN KEY (`EDITOR_SOURCE_VALUE_ID_`) REFERENCES `act_ge_bytearray` (`ID_`) ON DELETE RESTRICT ON UPDATE RESTRICT,
  CONSTRAINT `ACT_FK_MODEL_SOURCE_EXTRA` FOREIGN KEY (`EDITOR_SOURCE_EXTRA_VALUE_ID_`) REFERENCES `act_ge_bytearray` (`ID_`) ON DELETE RESTRICT ON UPDATE RESTRICT
) ENGINE = InnoDB CHARACTER SET = utf8 COLLATE = utf8_bin ROW_FORMAT = Dynamic;

-- ----------------------------
-- Records of act_re_model
-- ----------------------------

-- ----------------------------
-- Table structure for act_re_procdef
-- ----------------------------
DROP TABLE IF EXISTS `act_re_procdef`;
CREATE TABLE `act_re_procdef`  (
  `ID_` varchar(64) CHARACTER SET utf8 COLLATE utf8_bin NOT NULL,
  `REV_` int(11) NULL DEFAULT NULL,
  `CATEGORY_` varchar(255) CHARACTER SET utf8 COLLATE utf8_bin NULL DEFAULT NULL,
  `NAME_` varchar(255) CHARACTER SET utf8 COLLATE utf8_bin NULL DEFAULT NULL,
  `KEY_` varchar(255) CHARACTER SET utf8 COLLATE utf8_bin NOT NULL,
  `VERSION_` int(11) NOT NULL,
  `DEPLOYMENT_ID_` varchar(64) CHARACTER SET utf8 COLLATE utf8_bin NULL DEFAULT NULL,
  `RESOURCE_NAME_` varchar(4000) CHARACTER SET utf8 COLLATE utf8_bin NULL DEFAULT NULL,
  `DGRM_RESOURCE_NAME_` varchar(4000) CHARACTER SET utf8 COLLATE utf8_bin NULL DEFAULT NULL,
  `DESCRIPTION_` varchar(4000) CHARACTER SET utf8 COLLATE utf8_bin NULL DEFAULT NULL,
  `HAS_START_FORM_KEY_` tinyint(4) NULL DEFAULT NULL,
  `HAS_GRAPHICAL_NOTATION_` tinyint(4) NULL DEFAULT NULL,
  `SUSPENSION_STATE_` int(11) NULL DEFAULT NULL,
  `TENANT_ID_` varchar(255) CHARACTER SET utf8 COLLATE utf8_bin NULL DEFAULT '',
  `ENGINE_VERSION_` varchar(255) CHARACTER SET utf8 COLLATE utf8_bin NULL DEFAULT NULL,
  PRIMARY KEY (`ID_`) USING BTREE,
  UNIQUE INDEX `ACT_UNIQ_PROCDEF`(`KEY_`, `VERSION_`, `TENANT_ID_`) USING BTREE
) ENGINE = InnoDB CHARACTER SET = utf8 COLLATE = utf8_bin ROW_FORMAT = Dynamic;

-- ----------------------------
-- Records of act_re_procdef
-- ----------------------------
INSERT INTO `act_re_procdef` VALUES ('car_package_audit:1:7504', 1, 'http://www.activiti.org/test', '', 'car_package_audit', 1, '7501', 'bus_car_package_audit.bpmn', 'bus_car_package_audit.png', NULL, 0, 1, 1, '', NULL);
INSERT INTO `act_re_procdef` VALUES ('car_package_audit:2:10006', 1, 'http://www.activiti.org/test', '', 'car_package_audit', 2, '10004', 'bus_car_package_audit.bpmn', NULL, NULL, 0, 1, 1, '', NULL);

-- ----------------------------
-- Table structure for act_ru_deadletter_job
-- ----------------------------
DROP TABLE IF EXISTS `act_ru_deadletter_job`;
CREATE TABLE `act_ru_deadletter_job`  (
  `ID_` varchar(64) CHARACTER SET utf8 COLLATE utf8_bin NOT NULL,
  `REV_` int(11) NULL DEFAULT NULL,
  `TYPE_` varchar(255) CHARACTER SET utf8 COLLATE utf8_bin NOT NULL,
  `EXCLUSIVE_` tinyint(1) NULL DEFAULT NULL,
  `EXECUTION_ID_` varchar(64) CHARACTER SET utf8 COLLATE utf8_bin NULL DEFAULT NULL,
  `PROCESS_INSTANCE_ID_` varchar(64) CHARACTER SET utf8 COLLATE utf8_bin NULL DEFAULT NULL,
  `PROC_DEF_ID_` varchar(64) CHARACTER SET utf8 COLLATE utf8_bin NULL DEFAULT NULL,
  `EXCEPTION_STACK_ID_` varchar(64) CHARACTER SET utf8 COLLATE utf8_bin NULL DEFAULT NULL,
  `EXCEPTION_MSG_` varchar(4000) CHARACTER SET utf8 COLLATE utf8_bin NULL DEFAULT NULL,
  `DUEDATE_` timestamp(3) NULL DEFAULT NULL,
  `REPEAT_` varchar(255) CHARACTER SET utf8 COLLATE utf8_bin NULL DEFAULT NULL,
  `HANDLER_TYPE_` varchar(255) CHARACTER SET utf8 COLLATE utf8_bin NULL DEFAULT NULL,
  `HANDLER_CFG_` varchar(4000) CHARACTER SET utf8 COLLATE utf8_bin NULL DEFAULT NULL,
  `TENANT_ID_` varchar(255) CHARACTER SET utf8 COLLATE utf8_bin NULL DEFAULT '',
  PRIMARY KEY (`ID_`) USING BTREE,
  INDEX `ACT_FK_DEADLETTER_JOB_EXECUTION`(`EXECUTION_ID_`) USING BTREE,
  INDEX `ACT_FK_DEADLETTER_JOB_PROCESS_INSTANCE`(`PROCESS_INSTANCE_ID_`) USING BTREE,
  INDEX `ACT_FK_DEADLETTER_JOB_PROC_DEF`(`PROC_DEF_ID_`) USING BTREE,
  INDEX `ACT_FK_DEADLETTER_JOB_EXCEPTION`(`EXCEPTION_STACK_ID_`) USING BTREE,
  CONSTRAINT `ACT_FK_DEADLETTER_JOB_EXCEPTION` FOREIGN KEY (`EXCEPTION_STACK_ID_`) REFERENCES `act_ge_bytearray` (`ID_`) ON DELETE RESTRICT ON UPDATE RESTRICT,
  CONSTRAINT `ACT_FK_DEADLETTER_JOB_EXECUTION` FOREIGN KEY (`EXECUTION_ID_`) REFERENCES `act_ru_execution` (`ID_`) ON DELETE RESTRICT ON UPDATE RESTRICT,
  CONSTRAINT `ACT_FK_DEADLETTER_JOB_PROCESS_INSTANCE` FOREIGN KEY (`PROCESS_INSTANCE_ID_`) REFERENCES `act_ru_execution` (`ID_`) ON DELETE RESTRICT ON UPDATE RESTRICT,
  CONSTRAINT `ACT_FK_DEADLETTER_JOB_PROC_DEF` FOREIGN KEY (`PROC_DEF_ID_`) REFERENCES `act_re_procdef` (`ID_`) ON DELETE RESTRICT ON UPDATE RESTRICT
) ENGINE = InnoDB CHARACTER SET = utf8 COLLATE = utf8_bin ROW_FORMAT = Dynamic;

-- ----------------------------
-- Records of act_ru_deadletter_job
-- ----------------------------

-- ----------------------------
-- Table structure for act_ru_event_subscr
-- ----------------------------
DROP TABLE IF EXISTS `act_ru_event_subscr`;
CREATE TABLE `act_ru_event_subscr`  (
  `ID_` varchar(64) CHARACTER SET utf8 COLLATE utf8_bin NOT NULL,
  `REV_` int(11) NULL DEFAULT NULL,
  `EVENT_TYPE_` varchar(255) CHARACTER SET utf8 COLLATE utf8_bin NOT NULL,
  `EVENT_NAME_` varchar(255) CHARACTER SET utf8 COLLATE utf8_bin NULL DEFAULT NULL,
  `EXECUTION_ID_` varchar(64) CHARACTER SET utf8 COLLATE utf8_bin NULL DEFAULT NULL,
  `PROC_INST_ID_` varchar(64) CHARACTER SET utf8 COLLATE utf8_bin NULL DEFAULT NULL,
  `ACTIVITY_ID_` varchar(64) CHARACTER SET utf8 COLLATE utf8_bin NULL DEFAULT NULL,
  `CONFIGURATION_` varchar(255) CHARACTER SET utf8 COLLATE utf8_bin NULL DEFAULT NULL,
  `CREATED_` timestamp(3) NOT NULL DEFAULT CURRENT_TIMESTAMP(3),
  `PROC_DEF_ID_` varchar(64) CHARACTER SET utf8 COLLATE utf8_bin NULL DEFAULT NULL,
  `TENANT_ID_` varchar(255) CHARACTER SET utf8 COLLATE utf8_bin NULL DEFAULT '',
  PRIMARY KEY (`ID_`) USING BTREE,
  INDEX `ACT_IDX_EVENT_SUBSCR_CONFIG_`(`CONFIGURATION_`) USING BTREE,
  INDEX `ACT_FK_EVENT_EXEC`(`EXECUTION_ID_`) USING BTREE,
  CONSTRAINT `ACT_FK_EVENT_EXEC` FOREIGN KEY (`EXECUTION_ID_`) REFERENCES `act_ru_execution` (`ID_`) ON DELETE RESTRICT ON UPDATE RESTRICT
) ENGINE = InnoDB CHARACTER SET = utf8 COLLATE = utf8_bin ROW_FORMAT = Dynamic;

-- ----------------------------
-- Records of act_ru_event_subscr
-- ----------------------------

-- ----------------------------
-- Table structure for act_ru_execution
-- ----------------------------
DROP TABLE IF EXISTS `act_ru_execution`;
CREATE TABLE `act_ru_execution`  (
  `ID_` varchar(64) CHARACTER SET utf8 COLLATE utf8_bin NOT NULL,
  `REV_` int(11) NULL DEFAULT NULL,
  `PROC_INST_ID_` varchar(64) CHARACTER SET utf8 COLLATE utf8_bin NULL DEFAULT NULL,
  `BUSINESS_KEY_` varchar(255) CHARACTER SET utf8 COLLATE utf8_bin NULL DEFAULT NULL,
  `PARENT_ID_` varchar(64) CHARACTER SET utf8 COLLATE utf8_bin NULL DEFAULT NULL,
  `PROC_DEF_ID_` varchar(64) CHARACTER SET utf8 COLLATE utf8_bin NULL DEFAULT NULL,
  `SUPER_EXEC_` varchar(64) CHARACTER SET utf8 COLLATE utf8_bin NULL DEFAULT NULL,
  `ROOT_PROC_INST_ID_` varchar(64) CHARACTER SET utf8 COLLATE utf8_bin NULL DEFAULT NULL,
  `ACT_ID_` varchar(255) CHARACTER SET utf8 COLLATE utf8_bin NULL DEFAULT NULL,
  `IS_ACTIVE_` tinyint(4) NULL DEFAULT NULL,
  `IS_CONCURRENT_` tinyint(4) NULL DEFAULT NULL,
  `IS_SCOPE_` tinyint(4) NULL DEFAULT NULL,
  `IS_EVENT_SCOPE_` tinyint(4) NULL DEFAULT NULL,
  `IS_MI_ROOT_` tinyint(4) NULL DEFAULT NULL,
  `SUSPENSION_STATE_` int(11) NULL DEFAULT NULL,
  `CACHED_ENT_STATE_` int(11) NULL DEFAULT NULL,
  `TENANT_ID_` varchar(255) CHARACTER SET utf8 COLLATE utf8_bin NULL DEFAULT '',
  `NAME_` varchar(255) CHARACTER SET utf8 COLLATE utf8_bin NULL DEFAULT NULL,
  `START_TIME_` datetime(3) NULL DEFAULT NULL,
  `START_USER_ID_` varchar(255) CHARACTER SET utf8 COLLATE utf8_bin NULL DEFAULT NULL,
  `LOCK_TIME_` timestamp(3) NULL DEFAULT NULL,
  `IS_COUNT_ENABLED_` tinyint(4) NULL DEFAULT NULL,
  `EVT_SUBSCR_COUNT_` int(11) NULL DEFAULT NULL,
  `TASK_COUNT_` int(11) NULL DEFAULT NULL,
  `JOB_COUNT_` int(11) NULL DEFAULT NULL,
  `TIMER_JOB_COUNT_` int(11) NULL DEFAULT NULL,
  `SUSP_JOB_COUNT_` int(11) NULL DEFAULT NULL,
  `DEADLETTER_JOB_COUNT_` int(11) NULL DEFAULT NULL,
  `VAR_COUNT_` int(11) NULL DEFAULT NULL,
  `ID_LINK_COUNT_` int(11) NULL DEFAULT NULL,
  PRIMARY KEY (`ID_`) USING BTREE,
  INDEX `ACT_IDX_EXEC_BUSKEY`(`BUSINESS_KEY_`) USING BTREE,
  INDEX `ACT_IDC_EXEC_ROOT`(`ROOT_PROC_INST_ID_`) USING BTREE,
  INDEX `ACT_FK_EXE_PROCINST`(`PROC_INST_ID_`) USING BTREE,
  INDEX `ACT_FK_EXE_PARENT`(`PARENT_ID_`) USING BTREE,
  INDEX `ACT_FK_EXE_SUPER`(`SUPER_EXEC_`) USING BTREE,
  INDEX `ACT_FK_EXE_PROCDEF`(`PROC_DEF_ID_`) USING BTREE,
  CONSTRAINT `ACT_FK_EXE_PARENT` FOREIGN KEY (`PARENT_ID_`) REFERENCES `act_ru_execution` (`ID_`) ON DELETE CASCADE ON UPDATE RESTRICT,
  CONSTRAINT `ACT_FK_EXE_PROCDEF` FOREIGN KEY (`PROC_DEF_ID_`) REFERENCES `act_re_procdef` (`ID_`) ON DELETE RESTRICT ON UPDATE RESTRICT,
  CONSTRAINT `ACT_FK_EXE_PROCINST` FOREIGN KEY (`PROC_INST_ID_`) REFERENCES `act_ru_execution` (`ID_`) ON DELETE CASCADE ON UPDATE CASCADE,
  CONSTRAINT `ACT_FK_EXE_SUPER` FOREIGN KEY (`SUPER_EXEC_`) REFERENCES `act_ru_execution` (`ID_`) ON DELETE CASCADE ON UPDATE RESTRICT
) ENGINE = InnoDB CHARACTER SET = utf8 COLLATE = utf8_bin ROW_FORMAT = Dynamic;

-- ----------------------------
-- Records of act_ru_execution
-- ----------------------------
INSERT INTO `act_ru_execution` VALUES ('25001', 1, '25001', '9', NULL, 'car_package_audit:2:10006', NULL, '25001', NULL, 1, 0, 1, 0, 0, 1, NULL, '', NULL, '2023-04-11 16:00:17.582', NULL, NULL, 0, 0, 0, 0, 0, 0, 0, 0, 0);
INSERT INTO `act_ru_execution` VALUES ('25008', 1, '25001', NULL, '25001', 'car_package_audit:2:10006', NULL, '25001', '_3', 1, 0, 0, 0, 0, 1, NULL, '', NULL, '2023-04-11 16:00:17.635', NULL, NULL, 0, 0, 0, 0, 0, 0, 0, 0, 0);

-- ----------------------------
-- Table structure for act_ru_identitylink
-- ----------------------------
DROP TABLE IF EXISTS `act_ru_identitylink`;
CREATE TABLE `act_ru_identitylink`  (
  `ID_` varchar(64) CHARACTER SET utf8 COLLATE utf8_bin NOT NULL,
  `REV_` int(11) NULL DEFAULT NULL,
  `GROUP_ID_` varchar(255) CHARACTER SET utf8 COLLATE utf8_bin NULL DEFAULT NULL,
  `TYPE_` varchar(255) CHARACTER SET utf8 COLLATE utf8_bin NULL DEFAULT NULL,
  `USER_ID_` varchar(255) CHARACTER SET utf8 COLLATE utf8_bin NULL DEFAULT NULL,
  `TASK_ID_` varchar(64) CHARACTER SET utf8 COLLATE utf8_bin NULL DEFAULT NULL,
  `PROC_INST_ID_` varchar(64) CHARACTER SET utf8 COLLATE utf8_bin NULL DEFAULT NULL,
  `PROC_DEF_ID_` varchar(64) CHARACTER SET utf8 COLLATE utf8_bin NULL DEFAULT NULL,
  PRIMARY KEY (`ID_`) USING BTREE,
  INDEX `ACT_IDX_IDENT_LNK_USER`(`USER_ID_`) USING BTREE,
  INDEX `ACT_IDX_IDENT_LNK_GROUP`(`GROUP_ID_`) USING BTREE,
  INDEX `ACT_IDX_ATHRZ_PROCEDEF`(`PROC_DEF_ID_`) USING BTREE,
  INDEX `ACT_FK_TSKASS_TASK`(`TASK_ID_`) USING BTREE,
  INDEX `ACT_FK_IDL_PROCINST`(`PROC_INST_ID_`) USING BTREE,
  CONSTRAINT `ACT_FK_ATHRZ_PROCEDEF` FOREIGN KEY (`PROC_DEF_ID_`) REFERENCES `act_re_procdef` (`ID_`) ON DELETE RESTRICT ON UPDATE RESTRICT,
  CONSTRAINT `ACT_FK_IDL_PROCINST` FOREIGN KEY (`PROC_INST_ID_`) REFERENCES `act_ru_execution` (`ID_`) ON DELETE RESTRICT ON UPDATE RESTRICT,
  CONSTRAINT `ACT_FK_TSKASS_TASK` FOREIGN KEY (`TASK_ID_`) REFERENCES `act_ru_task` (`ID_`) ON DELETE RESTRICT ON UPDATE RESTRICT
) ENGINE = InnoDB CHARACTER SET = utf8 COLLATE = utf8_bin ROW_FORMAT = Dynamic;

-- ----------------------------
-- Records of act_ru_identitylink
-- ----------------------------
INSERT INTO `act_ru_identitylink` VALUES ('25018', 1, NULL, 'participant', '3', NULL, '25001', NULL);

-- ----------------------------
-- Table structure for act_ru_integration
-- ----------------------------
DROP TABLE IF EXISTS `act_ru_integration`;
CREATE TABLE `act_ru_integration`  (
  `ID_` varchar(64) CHARACTER SET utf8 COLLATE utf8_bin NOT NULL,
  `EXECUTION_ID_` varchar(64) CHARACTER SET utf8 COLLATE utf8_bin NULL DEFAULT NULL,
  `PROCESS_INSTANCE_ID_` varchar(64) CHARACTER SET utf8 COLLATE utf8_bin NULL DEFAULT NULL,
  `PROC_DEF_ID_` varchar(64) CHARACTER SET utf8 COLLATE utf8_bin NULL DEFAULT NULL,
  `FLOW_NODE_ID_` varchar(64) CHARACTER SET utf8 COLLATE utf8_bin NULL DEFAULT NULL,
  `CREATED_DATE_` timestamp(3) NOT NULL DEFAULT CURRENT_TIMESTAMP(3) ON UPDATE CURRENT_TIMESTAMP(3),
  PRIMARY KEY (`ID_`) USING BTREE,
  INDEX `ACT_FK_INT_EXECUTION`(`EXECUTION_ID_`) USING BTREE,
  INDEX `ACT_FK_INT_PROC_INST`(`PROCESS_INSTANCE_ID_`) USING BTREE,
  INDEX `ACT_FK_INT_PROC_DEF`(`PROC_DEF_ID_`) USING BTREE,
  CONSTRAINT `ACT_FK_INT_EXECUTION` FOREIGN KEY (`EXECUTION_ID_`) REFERENCES `act_ru_execution` (`ID_`) ON DELETE CASCADE ON UPDATE RESTRICT,
  CONSTRAINT `ACT_FK_INT_PROC_DEF` FOREIGN KEY (`PROC_DEF_ID_`) REFERENCES `act_re_procdef` (`ID_`) ON DELETE RESTRICT ON UPDATE RESTRICT,
  CONSTRAINT `ACT_FK_INT_PROC_INST` FOREIGN KEY (`PROCESS_INSTANCE_ID_`) REFERENCES `act_ru_execution` (`ID_`) ON DELETE RESTRICT ON UPDATE RESTRICT
) ENGINE = InnoDB CHARACTER SET = utf8 COLLATE = utf8_bin ROW_FORMAT = Dynamic;

-- ----------------------------
-- Records of act_ru_integration
-- ----------------------------

-- ----------------------------
-- Table structure for act_ru_job
-- ----------------------------
DROP TABLE IF EXISTS `act_ru_job`;
CREATE TABLE `act_ru_job`  (
  `ID_` varchar(64) CHARACTER SET utf8 COLLATE utf8_bin NOT NULL,
  `REV_` int(11) NULL DEFAULT NULL,
  `TYPE_` varchar(255) CHARACTER SET utf8 COLLATE utf8_bin NOT NULL,
  `LOCK_EXP_TIME_` timestamp(3) NULL DEFAULT NULL,
  `LOCK_OWNER_` varchar(255) CHARACTER SET utf8 COLLATE utf8_bin NULL DEFAULT NULL,
  `EXCLUSIVE_` tinyint(1) NULL DEFAULT NULL,
  `EXECUTION_ID_` varchar(64) CHARACTER SET utf8 COLLATE utf8_bin NULL DEFAULT NULL,
  `PROCESS_INSTANCE_ID_` varchar(64) CHARACTER SET utf8 COLLATE utf8_bin NULL DEFAULT NULL,
  `PROC_DEF_ID_` varchar(64) CHARACTER SET utf8 COLLATE utf8_bin NULL DEFAULT NULL,
  `RETRIES_` int(11) NULL DEFAULT NULL,
  `EXCEPTION_STACK_ID_` varchar(64) CHARACTER SET utf8 COLLATE utf8_bin NULL DEFAULT NULL,
  `EXCEPTION_MSG_` varchar(4000) CHARACTER SET utf8 COLLATE utf8_bin NULL DEFAULT NULL,
  `DUEDATE_` timestamp(3) NULL DEFAULT NULL,
  `REPEAT_` varchar(255) CHARACTER SET utf8 COLLATE utf8_bin NULL DEFAULT NULL,
  `HANDLER_TYPE_` varchar(255) CHARACTER SET utf8 COLLATE utf8_bin NULL DEFAULT NULL,
  `HANDLER_CFG_` varchar(4000) CHARACTER SET utf8 COLLATE utf8_bin NULL DEFAULT NULL,
  `TENANT_ID_` varchar(255) CHARACTER SET utf8 COLLATE utf8_bin NULL DEFAULT '',
  PRIMARY KEY (`ID_`) USING BTREE,
  INDEX `ACT_FK_JOB_EXECUTION`(`EXECUTION_ID_`) USING BTREE,
  INDEX `ACT_FK_JOB_PROCESS_INSTANCE`(`PROCESS_INSTANCE_ID_`) USING BTREE,
  INDEX `ACT_FK_JOB_PROC_DEF`(`PROC_DEF_ID_`) USING BTREE,
  INDEX `ACT_FK_JOB_EXCEPTION`(`EXCEPTION_STACK_ID_`) USING BTREE,
  CONSTRAINT `ACT_FK_JOB_EXCEPTION` FOREIGN KEY (`EXCEPTION_STACK_ID_`) REFERENCES `act_ge_bytearray` (`ID_`) ON DELETE RESTRICT ON UPDATE RESTRICT,
  CONSTRAINT `ACT_FK_JOB_EXECUTION` FOREIGN KEY (`EXECUTION_ID_`) REFERENCES `act_ru_execution` (`ID_`) ON DELETE RESTRICT ON UPDATE RESTRICT,
  CONSTRAINT `ACT_FK_JOB_PROCESS_INSTANCE` FOREIGN KEY (`PROCESS_INSTANCE_ID_`) REFERENCES `act_ru_execution` (`ID_`) ON DELETE RESTRICT ON UPDATE RESTRICT,
  CONSTRAINT `ACT_FK_JOB_PROC_DEF` FOREIGN KEY (`PROC_DEF_ID_`) REFERENCES `act_re_procdef` (`ID_`) ON DELETE RESTRICT ON UPDATE RESTRICT
) ENGINE = InnoDB CHARACTER SET = utf8 COLLATE = utf8_bin ROW_FORMAT = Dynamic;

-- ----------------------------
-- Records of act_ru_job
-- ----------------------------

-- ----------------------------
-- Table structure for act_ru_suspended_job
-- ----------------------------
DROP TABLE IF EXISTS `act_ru_suspended_job`;
CREATE TABLE `act_ru_suspended_job`  (
  `ID_` varchar(64) CHARACTER SET utf8 COLLATE utf8_bin NOT NULL,
  `REV_` int(11) NULL DEFAULT NULL,
  `TYPE_` varchar(255) CHARACTER SET utf8 COLLATE utf8_bin NOT NULL,
  `EXCLUSIVE_` tinyint(1) NULL DEFAULT NULL,
  `EXECUTION_ID_` varchar(64) CHARACTER SET utf8 COLLATE utf8_bin NULL DEFAULT NULL,
  `PROCESS_INSTANCE_ID_` varchar(64) CHARACTER SET utf8 COLLATE utf8_bin NULL DEFAULT NULL,
  `PROC_DEF_ID_` varchar(64) CHARACTER SET utf8 COLLATE utf8_bin NULL DEFAULT NULL,
  `RETRIES_` int(11) NULL DEFAULT NULL,
  `EXCEPTION_STACK_ID_` varchar(64) CHARACTER SET utf8 COLLATE utf8_bin NULL DEFAULT NULL,
  `EXCEPTION_MSG_` varchar(4000) CHARACTER SET utf8 COLLATE utf8_bin NULL DEFAULT NULL,
  `DUEDATE_` timestamp(3) NULL DEFAULT NULL,
  `REPEAT_` varchar(255) CHARACTER SET utf8 COLLATE utf8_bin NULL DEFAULT NULL,
  `HANDLER_TYPE_` varchar(255) CHARACTER SET utf8 COLLATE utf8_bin NULL DEFAULT NULL,
  `HANDLER_CFG_` varchar(4000) CHARACTER SET utf8 COLLATE utf8_bin NULL DEFAULT NULL,
  `TENANT_ID_` varchar(255) CHARACTER SET utf8 COLLATE utf8_bin NULL DEFAULT '',
  PRIMARY KEY (`ID_`) USING BTREE,
  INDEX `ACT_FK_SUSPENDED_JOB_EXECUTION`(`EXECUTION_ID_`) USING BTREE,
  INDEX `ACT_FK_SUSPENDED_JOB_PROCESS_INSTANCE`(`PROCESS_INSTANCE_ID_`) USING BTREE,
  INDEX `ACT_FK_SUSPENDED_JOB_PROC_DEF`(`PROC_DEF_ID_`) USING BTREE,
  INDEX `ACT_FK_SUSPENDED_JOB_EXCEPTION`(`EXCEPTION_STACK_ID_`) USING BTREE,
  CONSTRAINT `ACT_FK_SUSPENDED_JOB_EXCEPTION` FOREIGN KEY (`EXCEPTION_STACK_ID_`) REFERENCES `act_ge_bytearray` (`ID_`) ON DELETE RESTRICT ON UPDATE RESTRICT,
  CONSTRAINT `ACT_FK_SUSPENDED_JOB_EXECUTION` FOREIGN KEY (`EXECUTION_ID_`) REFERENCES `act_ru_execution` (`ID_`) ON DELETE RESTRICT ON UPDATE RESTRICT,
  CONSTRAINT `ACT_FK_SUSPENDED_JOB_PROCESS_INSTANCE` FOREIGN KEY (`PROCESS_INSTANCE_ID_`) REFERENCES `act_ru_execution` (`ID_`) ON DELETE RESTRICT ON UPDATE RESTRICT,
  CONSTRAINT `ACT_FK_SUSPENDED_JOB_PROC_DEF` FOREIGN KEY (`PROC_DEF_ID_`) REFERENCES `act_re_procdef` (`ID_`) ON DELETE RESTRICT ON UPDATE RESTRICT
) ENGINE = InnoDB CHARACTER SET = utf8 COLLATE = utf8_bin ROW_FORMAT = Dynamic;

-- ----------------------------
-- Records of act_ru_suspended_job
-- ----------------------------

-- ----------------------------
-- Table structure for act_ru_task
-- ----------------------------
DROP TABLE IF EXISTS `act_ru_task`;
CREATE TABLE `act_ru_task`  (
  `ID_` varchar(64) CHARACTER SET utf8 COLLATE utf8_bin NOT NULL,
  `REV_` int(11) NULL DEFAULT NULL,
  `EXECUTION_ID_` varchar(64) CHARACTER SET utf8 COLLATE utf8_bin NULL DEFAULT NULL,
  `PROC_INST_ID_` varchar(64) CHARACTER SET utf8 COLLATE utf8_bin NULL DEFAULT NULL,
  `PROC_DEF_ID_` varchar(64) CHARACTER SET utf8 COLLATE utf8_bin NULL DEFAULT NULL,
  `NAME_` varchar(255) CHARACTER SET utf8 COLLATE utf8_bin NULL DEFAULT NULL,
  `PARENT_TASK_ID_` varchar(64) CHARACTER SET utf8 COLLATE utf8_bin NULL DEFAULT NULL,
  `DESCRIPTION_` varchar(4000) CHARACTER SET utf8 COLLATE utf8_bin NULL DEFAULT NULL,
  `TASK_DEF_KEY_` varchar(255) CHARACTER SET utf8 COLLATE utf8_bin NULL DEFAULT NULL,
  `OWNER_` varchar(255) CHARACTER SET utf8 COLLATE utf8_bin NULL DEFAULT NULL,
  `ASSIGNEE_` varchar(255) CHARACTER SET utf8 COLLATE utf8_bin NULL DEFAULT NULL,
  `DELEGATION_` varchar(64) CHARACTER SET utf8 COLLATE utf8_bin NULL DEFAULT NULL,
  `PRIORITY_` int(11) NULL DEFAULT NULL,
  `CREATE_TIME_` timestamp(3) NULL DEFAULT NULL,
  `DUE_DATE_` datetime(3) NULL DEFAULT NULL,
  `CATEGORY_` varchar(255) CHARACTER SET utf8 COLLATE utf8_bin NULL DEFAULT NULL,
  `SUSPENSION_STATE_` int(11) NULL DEFAULT NULL,
  `TENANT_ID_` varchar(255) CHARACTER SET utf8 COLLATE utf8_bin NULL DEFAULT '',
  `FORM_KEY_` varchar(255) CHARACTER SET utf8 COLLATE utf8_bin NULL DEFAULT NULL,
  `CLAIM_TIME_` datetime(3) NULL DEFAULT NULL,
  PRIMARY KEY (`ID_`) USING BTREE,
  INDEX `ACT_IDX_TASK_CREATE`(`CREATE_TIME_`) USING BTREE,
  INDEX `ACT_FK_TASK_EXE`(`EXECUTION_ID_`) USING BTREE,
  INDEX `ACT_FK_TASK_PROCINST`(`PROC_INST_ID_`) USING BTREE,
  INDEX `ACT_FK_TASK_PROCDEF`(`PROC_DEF_ID_`) USING BTREE,
  CONSTRAINT `ACT_FK_TASK_EXE` FOREIGN KEY (`EXECUTION_ID_`) REFERENCES `act_ru_execution` (`ID_`) ON DELETE RESTRICT ON UPDATE RESTRICT,
  CONSTRAINT `ACT_FK_TASK_PROCDEF` FOREIGN KEY (`PROC_DEF_ID_`) REFERENCES `act_re_procdef` (`ID_`) ON DELETE RESTRICT ON UPDATE RESTRICT,
  CONSTRAINT `ACT_FK_TASK_PROCINST` FOREIGN KEY (`PROC_INST_ID_`) REFERENCES `act_ru_execution` (`ID_`) ON DELETE RESTRICT ON UPDATE RESTRICT
) ENGINE = InnoDB CHARACTER SET = utf8 COLLATE = utf8_bin ROW_FORMAT = Dynamic;

-- ----------------------------
-- Records of act_ru_task
-- ----------------------------
INSERT INTO `act_ru_task` VALUES ('25011', 1, '25008', '25001', 'car_package_audit:2:10006', '', NULL, NULL, '_3', NULL, '3', NULL, 50, '2023-04-11 16:00:17.646', NULL, NULL, 1, '', NULL, NULL);

-- ----------------------------
-- Table structure for act_ru_timer_job
-- ----------------------------
DROP TABLE IF EXISTS `act_ru_timer_job`;
CREATE TABLE `act_ru_timer_job`  (
  `ID_` varchar(64) CHARACTER SET utf8 COLLATE utf8_bin NOT NULL,
  `REV_` int(11) NULL DEFAULT NULL,
  `TYPE_` varchar(255) CHARACTER SET utf8 COLLATE utf8_bin NOT NULL,
  `LOCK_EXP_TIME_` timestamp(3) NULL DEFAULT NULL,
  `LOCK_OWNER_` varchar(255) CHARACTER SET utf8 COLLATE utf8_bin NULL DEFAULT NULL,
  `EXCLUSIVE_` tinyint(1) NULL DEFAULT NULL,
  `EXECUTION_ID_` varchar(64) CHARACTER SET utf8 COLLATE utf8_bin NULL DEFAULT NULL,
  `PROCESS_INSTANCE_ID_` varchar(64) CHARACTER SET utf8 COLLATE utf8_bin NULL DEFAULT NULL,
  `PROC_DEF_ID_` varchar(64) CHARACTER SET utf8 COLLATE utf8_bin NULL DEFAULT NULL,
  `RETRIES_` int(11) NULL DEFAULT NULL,
  `EXCEPTION_STACK_ID_` varchar(64) CHARACTER SET utf8 COLLATE utf8_bin NULL DEFAULT NULL,
  `EXCEPTION_MSG_` varchar(4000) CHARACTER SET utf8 COLLATE utf8_bin NULL DEFAULT NULL,
  `DUEDATE_` timestamp(3) NULL DEFAULT NULL,
  `REPEAT_` varchar(255) CHARACTER SET utf8 COLLATE utf8_bin NULL DEFAULT NULL,
  `HANDLER_TYPE_` varchar(255) CHARACTER SET utf8 COLLATE utf8_bin NULL DEFAULT NULL,
  `HANDLER_CFG_` varchar(4000) CHARACTER SET utf8 COLLATE utf8_bin NULL DEFAULT NULL,
  `TENANT_ID_` varchar(255) CHARACTER SET utf8 COLLATE utf8_bin NULL DEFAULT '',
  PRIMARY KEY (`ID_`) USING BTREE,
  INDEX `ACT_FK_TIMER_JOB_EXECUTION`(`EXECUTION_ID_`) USING BTREE,
  INDEX `ACT_FK_TIMER_JOB_PROCESS_INSTANCE`(`PROCESS_INSTANCE_ID_`) USING BTREE,
  INDEX `ACT_FK_TIMER_JOB_PROC_DEF`(`PROC_DEF_ID_`) USING BTREE,
  INDEX `ACT_FK_TIMER_JOB_EXCEPTION`(`EXCEPTION_STACK_ID_`) USING BTREE,
  CONSTRAINT `ACT_FK_TIMER_JOB_EXCEPTION` FOREIGN KEY (`EXCEPTION_STACK_ID_`) REFERENCES `act_ge_bytearray` (`ID_`) ON DELETE RESTRICT ON UPDATE RESTRICT,
  CONSTRAINT `ACT_FK_TIMER_JOB_EXECUTION` FOREIGN KEY (`EXECUTION_ID_`) REFERENCES `act_ru_execution` (`ID_`) ON DELETE RESTRICT ON UPDATE RESTRICT,
  CONSTRAINT `ACT_FK_TIMER_JOB_PROCESS_INSTANCE` FOREIGN KEY (`PROCESS_INSTANCE_ID_`) REFERENCES `act_ru_execution` (`ID_`) ON DELETE RESTRICT ON UPDATE RESTRICT,
  CONSTRAINT `ACT_FK_TIMER_JOB_PROC_DEF` FOREIGN KEY (`PROC_DEF_ID_`) REFERENCES `act_re_procdef` (`ID_`) ON DELETE RESTRICT ON UPDATE RESTRICT
) ENGINE = InnoDB CHARACTER SET = utf8 COLLATE = utf8_bin ROW_FORMAT = Dynamic;

-- ----------------------------
-- Records of act_ru_timer_job
-- ----------------------------

-- ----------------------------
-- Table structure for act_ru_variable
-- ----------------------------
DROP TABLE IF EXISTS `act_ru_variable`;
CREATE TABLE `act_ru_variable`  (
  `ID_` varchar(64) CHARACTER SET utf8 COLLATE utf8_bin NOT NULL,
  `REV_` int(11) NULL DEFAULT NULL,
  `TYPE_` varchar(255) CHARACTER SET utf8 COLLATE utf8_bin NOT NULL,
  `NAME_` varchar(255) CHARACTER SET utf8 COLLATE utf8_bin NOT NULL,
  `EXECUTION_ID_` varchar(64) CHARACTER SET utf8 COLLATE utf8_bin NULL DEFAULT NULL,
  `PROC_INST_ID_` varchar(64) CHARACTER SET utf8 COLLATE utf8_bin NULL DEFAULT NULL,
  `TASK_ID_` varchar(64) CHARACTER SET utf8 COLLATE utf8_bin NULL DEFAULT NULL,
  `BYTEARRAY_ID_` varchar(64) CHARACTER SET utf8 COLLATE utf8_bin NULL DEFAULT NULL,
  `DOUBLE_` double NULL DEFAULT NULL,
  `LONG_` bigint(20) NULL DEFAULT NULL,
  `TEXT_` varchar(4000) CHARACTER SET utf8 COLLATE utf8_bin NULL DEFAULT NULL,
  `TEXT2_` varchar(4000) CHARACTER SET utf8 COLLATE utf8_bin NULL DEFAULT NULL,
  PRIMARY KEY (`ID_`) USING BTREE,
  INDEX `ACT_IDX_VARIABLE_TASK_ID`(`TASK_ID_`) USING BTREE,
  INDEX `ACT_FK_VAR_EXE`(`EXECUTION_ID_`) USING BTREE,
  INDEX `ACT_FK_VAR_PROCINST`(`PROC_INST_ID_`) USING BTREE,
  INDEX `ACT_FK_VAR_BYTEARRAY`(`BYTEARRAY_ID_`) USING BTREE,
  CONSTRAINT `ACT_FK_VAR_BYTEARRAY` FOREIGN KEY (`BYTEARRAY_ID_`) REFERENCES `act_ge_bytearray` (`ID_`) ON DELETE RESTRICT ON UPDATE RESTRICT,
  CONSTRAINT `ACT_FK_VAR_EXE` FOREIGN KEY (`EXECUTION_ID_`) REFERENCES `act_ru_execution` (`ID_`) ON DELETE RESTRICT ON UPDATE RESTRICT,
  CONSTRAINT `ACT_FK_VAR_PROCINST` FOREIGN KEY (`PROC_INST_ID_`) REFERENCES `act_ru_execution` (`ID_`) ON DELETE RESTRICT ON UPDATE RESTRICT
) ENGINE = InnoDB CHARACTER SET = utf8 COLLATE = utf8_bin ROW_FORMAT = Dynamic;

-- ----------------------------
-- Records of act_ru_variable
-- ----------------------------
INSERT INTO `act_ru_variable` VALUES ('25002', 1, 'long', 'shopOwnerId', '25001', '25001', NULL, NULL, NULL, 3, '3', NULL);
INSERT INTO `act_ru_variable` VALUES ('25004', 1, 'string', 'discountAmount', '25001', '25001', NULL, NULL, NULL, NULL, '199', NULL);
INSERT INTO `act_ru_variable` VALUES ('25006', 1, 'null', 'financalId', '25001', '25001', NULL, NULL, NULL, NULL, NULL, NULL);
INSERT INTO `act_ru_variable` VALUES ('25012', 1, 'long', 'shopOwnerId', '25008', '25001', '25011', NULL, NULL, 3, '3', NULL);
INSERT INTO `act_ru_variable` VALUES ('25014', 1, 'string', 'discountAmount', '25008', '25001', '25011', NULL, NULL, NULL, '199', NULL);
INSERT INTO `act_ru_variable` VALUES ('25016', 1, 'null', 'financalId', '25008', '25001', '25011', NULL, NULL, NULL, NULL, NULL);

-- ----------------------------
-- Table structure for bus_appointment
-- ----------------------------
DROP TABLE IF EXISTS `bus_appointment`;
CREATE TABLE `bus_appointment`  (
  `id` bigint(20) NOT NULL AUTO_INCREMENT,
  `customer_name` varchar(20) CHARACTER SET utf8 COLLATE utf8_general_ci NULL DEFAULT NULL COMMENT '',
  `customer_phone` varchar(11) CHARACTER SET utf8 COLLATE utf8_general_ci NULL DEFAULT NULL COMMENT '',
  `appointment_time` datetime NULL DEFAULT NULL COMMENT '',
  `actual_arrival_time` datetime NULL DEFAULT NULL COMMENT '',
  `license_plate` varchar(9) CHARACTER SET utf8 COLLATE utf8_general_ci NULL DEFAULT NULL COMMENT '',
  `car_series` varchar(20) CHARACTER SET utf8 COLLATE utf8_general_ci NULL DEFAULT NULL COMMENT '',
  `service_type` int(1) NULL DEFAULT NULL COMMENT '0/1',
  `create_time` datetime NULL DEFAULT CURRENT_TIMESTAMP COMMENT '',
  `info` varchar(255) CHARACTER SET utf8 COLLATE utf8_general_ci NULL DEFAULT NULL COMMENT '',
  `status` int(1) NULL DEFAULT 0 COMMENT '0/1/2/3/4/5',
  PRIMARY KEY (`id`) USING BTREE
) ENGINE = InnoDB AUTO_INCREMENT = 72 CHARACTER SET = utf8 COLLATE = utf8_general_ci COMMENT = '' ROW_FORMAT = Dynamic;

-- ----------------------------
-- Records of bus_appointment
-- ----------------------------
INSERT INTO `bus_appointment` VALUES (71, '', '18888888888', '2023-11-24 00:00:00', '2023-11-17 19:54:15', 'A88888', '-', 1, '2023-11-17 19:53:31', NULL, 5);

-- ----------------------------
-- Table structure for bus_bpmn_info
-- ----------------------------
DROP TABLE IF EXISTS `bus_bpmn_info`;
CREATE TABLE `bus_bpmn_info`  (
  `id` bigint(20) NOT NULL AUTO_INCREMENT COMMENT '',
  `bpmn_label` varchar(255) CHARACTER SET utf8 COLLATE utf8_general_ci NULL DEFAULT NULL COMMENT '',
  `bpmn_type` int(1) NULL DEFAULT NULL COMMENT '',
  `process_definition_key` varchar(255) CHARACTER SET utf8 COLLATE utf8_general_ci NULL DEFAULT NULL COMMENT 'activitykey',
  `deploy_time` datetime NULL DEFAULT CURRENT_TIMESTAMP COMMENT '',
  `version` int(11) NULL DEFAULT NULL COMMENT '',
  `info` varchar(255) CHARACTER SET utf8 COLLATE utf8_general_ci NULL DEFAULT NULL COMMENT '',
  PRIMARY KEY (`id`) USING BTREE
) ENGINE = InnoDB AUTO_INCREMENT = 10 CHARACTER SET = utf8 COLLATE = utf8_general_ci COMMENT = '' ROW_FORMAT = Dynamic;

-- ----------------------------
-- Records of bus_bpmn_info
-- ----------------------------
INSERT INTO `bus_bpmn_info` VALUES (7, '', 0, 'car_package_audit', '2023-04-08 15:08:05', 1, '3000');
INSERT INTO `bus_bpmn_info` VALUES (9, '', 0, 'car_package_audit', '2023-04-08 17:18:59', 2, '5000');

-- ----------------------------
-- Table structure for bus_car_package_audit
-- ----------------------------
DROP TABLE IF EXISTS `bus_car_package_audit`;
CREATE TABLE `bus_car_package_audit`  (
  `id` bigint(20) NOT NULL AUTO_INCREMENT COMMENT '',
  `service_item_id` bigint(20) NULL DEFAULT NULL COMMENT 'id',
  `service_item_name` varchar(100) CHARACTER SET utf8 COLLATE utf8_general_ci NULL DEFAULT NULL,
  `service_item_info` varchar(255) CHARACTER SET utf8 COLLATE utf8_general_ci NULL DEFAULT NULL COMMENT '',
  `service_item_price` decimal(10, 2) NULL DEFAULT NULL COMMENT '',
  `instance_id` varchar(64) CHARACTER SET utf8 COLLATE utf8_general_ci NULL DEFAULT NULL COMMENT 'id',
  `creator_id` varchar(20) CHARACTER SET utf8 COLLATE utf8_general_ci NULL DEFAULT NULL COMMENT '',
  `info` varchar(255) CHARACTER SET utf8 COLLATE utf8_general_ci NULL DEFAULT NULL COMMENT '',
  `status` int(1) NULL DEFAULT NULL COMMENT '0/1/2/3',
  `create_time` datetime NULL DEFAULT NULL COMMENT '',
  PRIMARY KEY (`id`) USING BTREE
) ENGINE = InnoDB AUTO_INCREMENT = 10 CHARACTER SET = utf8 COLLATE = utf8_general_ci COMMENT = '' ROW_FORMAT = Dynamic;

-- ----------------------------
-- Records of bus_car_package_audit
-- ----------------------------
INSERT INTO `bus_car_package_audit` VALUES (1, 9, '', '', 198.00, '12501', '1', '', 3, '2023-11-14 10:32:30');
INSERT INTO `bus_car_package_audit` VALUES (2, 9, '', '', 198.00, '15001', '1', '123', 3, '2023-11-14 10:32:30');
INSERT INTO `bus_car_package_audit` VALUES (3, 9, '', '', 198.00, '20001', '1', '123', 2, '2023-11-14 10:32:30');
INSERT INTO `bus_car_package_audit` VALUES (4, 10, '', '', 5100.00, '20028', '1', '123', 2, '2023-11-14 10:32:30');
INSERT INTO `bus_car_package_audit` VALUES (5, 36, '', '', 9.90, '20072', '1', '123', 3, '2023-11-14 10:32:30');
INSERT INTO `bus_car_package_audit` VALUES (6, 11, '', '', 69.00, '20090', '1', '', 2, '2023-11-14 10:32:30');
INSERT INTO `bus_car_package_audit` VALUES (7, 11, '', '', 99999.00, '20117', '1', '', 3, '2023-11-14 10:32:30');
INSERT INTO `bus_car_package_audit` VALUES (8, 11, '', '', 99999.00, '22501', '1', '', 2, '2023-11-14 10:32:30');
INSERT INTO `bus_car_package_audit` VALUES (9, 9, '', '', 199.00, '25001', '1', '199', 0, '2023-11-14 10:32:30');

-- ----------------------------
-- Table structure for bus_car_package_audit_copy
-- ----------------------------
DROP TABLE IF EXISTS `bus_car_package_audit_copy`;
CREATE TABLE `bus_car_package_audit_copy`  (
  `id` bigint(20) NOT NULL AUTO_INCREMENT COMMENT '',
  `service_item_id` bigint(20) NULL DEFAULT NULL COMMENT 'id',
  `service_item_name` varchar(100) CHARACTER SET utf8 COLLATE utf8_general_ci NULL DEFAULT NULL,
  `service_item_info` varchar(255) CHARACTER SET utf8 COLLATE utf8_general_ci NULL DEFAULT NULL COMMENT '',
  `service_item_price` decimal(10, 2) NULL DEFAULT NULL COMMENT '',
  `instance_id` varchar(64) CHARACTER SET utf8 COLLATE utf8_general_ci NULL DEFAULT NULL COMMENT 'id',
  `creator_id` varchar(20) CHARACTER SET utf8 COLLATE utf8_general_ci NULL DEFAULT NULL COMMENT '',
  `info` varchar(255) CHARACTER SET utf8 COLLATE utf8_general_ci NULL DEFAULT NULL COMMENT '',
  `status` int(1) NULL DEFAULT NULL COMMENT '0/1/2/3',
  `create_time` datetime NULL DEFAULT NULL COMMENT '',
  PRIMARY KEY (`id`) USING BTREE
) ENGINE = InnoDB AUTO_INCREMENT = 1 CHARACTER SET = utf8 COLLATE = utf8_general_ci COMMENT = '' ROW_FORMAT = Dynamic;

-- ----------------------------
-- Records of bus_car_package_audit_copy
-- ----------------------------

-- ----------------------------
-- Table structure for bus_car_package_audit_copy1
-- ----------------------------
DROP TABLE IF EXISTS `bus_car_package_audit_copy1`;
CREATE TABLE `bus_car_package_audit_copy1`  (
  `id` bigint(20) NOT NULL AUTO_INCREMENT COMMENT '',
  `service_item_id` bigint(20) NULL DEFAULT NULL COMMENT 'id',
  `service_item_name` varchar(100) CHARACTER SET utf8 COLLATE utf8_general_ci NULL DEFAULT NULL,
  `service_item_info` varchar(255) CHARACTER SET utf8 COLLATE utf8_general_ci NULL DEFAULT NULL COMMENT '',
  `service_item_price` decimal(10, 2) NULL DEFAULT NULL COMMENT '',
  `instance_id` varchar(64) CHARACTER SET utf8 COLLATE utf8_general_ci NULL DEFAULT NULL COMMENT 'id',
  `creator_id` varchar(20) CHARACTER SET utf8 COLLATE utf8_general_ci NULL DEFAULT NULL COMMENT '',
  `info` varchar(255) CHARACTER SET utf8 COLLATE utf8_general_ci NULL DEFAULT NULL COMMENT '',
  `status` int(1) NULL DEFAULT NULL COMMENT '0/1/2/3',
  `create_time` datetime NULL DEFAULT NULL COMMENT '',
  PRIMARY KEY (`id`) USING BTREE
) ENGINE = InnoDB AUTO_INCREMENT = 1 CHARACTER SET = utf8 COLLATE = utf8_general_ci COMMENT = '' ROW_FORMAT = Dynamic;

-- ----------------------------
-- Records of bus_car_package_audit_copy1
-- ----------------------------

-- ----------------------------
-- Table structure for bus_service_item
-- ----------------------------
DROP TABLE IF EXISTS `bus_service_item`;
CREATE TABLE `bus_service_item`  (
  `id` bigint(20) NOT NULL AUTO_INCREMENT,
  `name` varchar(100) CHARACTER SET utf8mb4 COLLATE utf8mb4_general_ci NULL DEFAULT NULL COMMENT '',
  `original_price` decimal(10, 2) NULL DEFAULT NULL COMMENT '',
  `discount_price` decimal(10, 2) NULL DEFAULT NULL COMMENT '',
  `car_package` int(1) NULL DEFAULT NULL COMMENT '/',
  `info` varchar(255) CHARACTER SET utf8 COLLATE utf8_general_ci NULL DEFAULT NULL COMMENT '',
  `create_time` datetime NULL DEFAULT CURRENT_TIMESTAMP COMMENT '',
  `service_catalog` int(1) NULL DEFAULT NULL COMMENT '//',
  `audit_status` int(1) NULL DEFAULT 4 COMMENT '////',
  `sale_status` int(1) NULL DEFAULT 0 COMMENT '1/0',
  PRIMARY KEY (`id`) USING BTREE
) ENGINE = InnoDB AUTO_INCREMENT = 39 CHARACTER SET = utf8mb4 COLLATE = utf8mb4_general_ci COMMENT = '' ROW_FORMAT = Dynamic;

-- ----------------------------
-- Records of bus_service_item
-- ----------------------------
INSERT INTO `bus_service_item` VALUES (2, '', 88.00, 88.00, 0, '', '2023-11-14 10:32:30', 0, 4, 1);
INSERT INTO `bus_service_item` VALUES (3, '', 6100.00, 3600.00, 1, '11', '2023-11-14 10:32:30', 1, 1, 0);
INSERT INTO `bus_service_item` VALUES (4, '', 6000.00, 5000.00, 1, '', '2023-11-14 10:32:30', 1, 1, 0);
INSERT INTO `bus_service_item` VALUES (5, '', 99.00, 68.00, 0, '', '2023-11-14 10:32:30', 0, 4, 0);
INSERT INTO `bus_service_item` VALUES (6, '', 500.00, 399.00, 0, '', '2023-11-14 10:32:30', 0, 4, 1);
INSERT INTO `bus_service_item` VALUES (7, '', 88.00, 68.00, 0, '', '2023-11-14 10:32:30', 0, 4, 0);
INSERT INTO `bus_service_item` VALUES (8, '', 6000.00, 1504.00, 0, '', '2023-11-14 10:32:30', 1, 4, 1);
INSERT INTO `bus_service_item` VALUES (9, '', 288.00, 199.00, 1, '', '2023-11-14 10:32:30', 1, 1, 0);
INSERT INTO `bus_service_item` VALUES (10, '', 19900.00, 5100.00, 1, '', '2023-11-14 10:32:30', 1, 2, 0);
INSERT INTO `bus_service_item` VALUES (11, '', 1000000.00, 99999.00, 1, '', '2023-11-14 10:32:30', 1, 2, 0);
INSERT INTO `bus_service_item` VALUES (35, '', 168.00, 59.80, 0, '', '2023-11-14 10:32:30', 1, 4, 0);
INSERT INTO `bus_service_item` VALUES (36, '', 10.00, 9.90, 1, '', '2023-11-14 10:32:30', 1, 0, 0);
INSERT INTO `bus_service_item` VALUES (37, '', 12.00, 11.00, 0, '', '2023-11-14 10:32:30', 1, 4, 0);
INSERT INTO `bus_service_item` VALUES (38, '', 9999.00, 9.90, 0, '', '2023-11-17 22:39:50', 1, 4, 1);

-- ----------------------------
-- Table structure for bus_statement
-- ----------------------------
DROP TABLE IF EXISTS `bus_statement`;
CREATE TABLE `bus_statement`  (
  `id` bigint(11) NOT NULL AUTO_INCREMENT,
  `customer_name` varchar(20) CHARACTER SET utf8 COLLATE utf8_general_ci NULL DEFAULT NULL COMMENT '',
  `customer_phone` varchar(11) CHARACTER SET utf8 COLLATE utf8_general_ci NULL DEFAULT NULL COMMENT '',
  `actual_arrival_time` datetime NULL DEFAULT NULL COMMENT '',
  `license_plate` varchar(9) CHARACTER SET utf8 COLLATE utf8_general_ci NULL DEFAULT NULL COMMENT '',
  `car_series` varchar(100) CHARACTER SET utf8 COLLATE utf8_general_ci NULL DEFAULT NULL COMMENT '',
  `service_type` int(1) NULL DEFAULT NULL COMMENT '/',
  `appointment_id` bigint(20) NULL DEFAULT NULL COMMENT 'ID,',
  `status` int(1) NULL DEFAULT 0 COMMENT '0/1',
  `pay_time` datetime NULL DEFAULT NULL COMMENT '',
  `payee_id` bigint(11) NULL DEFAULT NULL COMMENT 'id',
  `total_amount` decimal(10, 2) NULL DEFAULT 0.00 COMMENT '',
  `total_quantity` decimal(10, 2) NULL DEFAULT 0.00 COMMENT '',
  `discount_amount` decimal(10, 2) NULL DEFAULT 0.00 COMMENT '',
  `create_time` datetime NULL DEFAULT CURRENT_TIMESTAMP COMMENT '',
  `info` varchar(255) CHARACTER SET utf8 COLLATE utf8_general_ci NULL DEFAULT NULL COMMENT '',
  `is_delete` int(1) NULL DEFAULT 0,
  PRIMARY KEY (`id`) USING BTREE,
  UNIQUE INDEX `maintenance_id`(`appointment_id`) USING BTREE
) ENGINE = InnoDB AUTO_INCREMENT = 72 CHARACTER SET = utf8 COLLATE = utf8_general_ci COMMENT = '' ROW_FORMAT = Dynamic;

-- ----------------------------
-- Records of bus_statement
-- ----------------------------
INSERT INTO `bus_statement` VALUES (1, '', '13099996666', '2021-10-27 16:06:17', 'A88888', '', 0, 9, 1, '2021-10-27 16:24:10', 1, 256.00, 2.00, 0.00, '2021-10-27 16:23:57', NULL, 0);
INSERT INTO `bus_statement` VALUES (2, '', '13033336666', '2021-10-28 18:30:00', 'X9999', '', 0, NULL, 1, '2021-10-27 17:00:50', 1, 675.00, 3.00, 20.00, NULL, '', 0);
INSERT INTO `bus_statement` VALUES (4, '', '13088889999', '2021-12-16 10:30:00', 'A98888', '', 0, NULL, 1, '2023-04-04 11:02:03', 1, 1991.00, 3.00, 0.00, '2021-12-13 14:15:04', '6666', 0);
INSERT INTO `bus_statement` VALUES (5, '', '13088889999', '2021-12-13 14:20:00', 'A98888', '', 0, NULL, 1, '2021-12-13 15:29:02', 1, 628.00, 6.00, 0.00, '2021-12-13 14:24:06', '111', 0);
INSERT INTO `bus_statement` VALUES (6, '', '13077778888', '2021-12-14 15:35:00', 'A98888', '', 0, NULL, 1, '2021-12-15 11:48:38', 1, 276.00, 2.00, 0.00, '2021-12-13 15:37:35', '66', 0);
INSERT INTO `bus_statement` VALUES (8, '', '13088889999', '2021-12-13 16:30:41', 'A98888', '', 1, 11, 1, '2021-12-13 16:31:58', 1, 532.00, 4.00, 0.00, '2021-12-13 16:30:47', '111', 0);
INSERT INTO `bus_statement` VALUES (9, '', '13088889999', '2021-12-13 16:39:54', 'A98888', '', 0, 12, 1, '2021-12-13 16:40:06', 1, 464.00, 3.00, 0.00, '2021-12-13 16:39:58', '1111', 0);
INSERT INTO `bus_statement` VALUES (10, '', '13088889999', '2021-12-13 16:50:01', 'A98888', '', 0, 13, 0, NULL, NULL, 0.00, 0.00, 0.00, '2021-12-13 16:50:06', '444', 1);
INSERT INTO `bus_statement` VALUES (11, '1', '13088889999', '2021-12-13 09:45:00', 'A98888', '', 0, NULL, 1, '2021-12-15 10:54:15', 1, 0.00, 0.00, 0.00, '2021-12-13 20:44:55', '111', 0);
INSERT INTO `bus_statement` VALUES (12, '', '13088889999', '2021-05-19 00:00:00', 'A66688', 'X5', 1, 1, 1, '2021-12-15 17:14:32', 1, 276.00, 2.00, 0.00, '2021-12-13 22:18:51', '', 0);
INSERT INTO `bus_statement` VALUES (13, '', '13033335555', '2021-05-28 10:28:48', 'G88888', '', 0, 4, 1, '2022-08-26 11:08:55', 1, 963.00, 5.00, 0.00, '2021-12-17 01:07:16', '', 0);
INSERT INTO `bus_statement` VALUES (67, '', '13546544564', '2023-04-07 01:03:02', 'A99999', '', 2, NULL, 1, '2023-04-04 11:04:10', 1, 1062.00, 5.00, 0.00, '2023-04-01 16:16:14', '', 0);
INSERT INTO `bus_statement` VALUES (68, '', '13545644564', '2023-04-04 15:49:55', 'A12345', '', 0, 68, 1, '2023-04-04 15:56:31', 1, 575.00, 3.00, 0.00, '2023-04-04 15:50:08', '111', 0);
INSERT INTO `bus_statement` VALUES (69, '', '13088886666', '2022-09-20 11:30:10', 'A55588', 'Model3', 1, 3, 1, '2023-11-17 19:54:07', 1, 0.00, 0.00, 0.00, '2023-04-07 00:17:07', '', 0);
INSERT INTO `bus_statement` VALUES (70, '', '18161331465', '2023-04-09 15:00:42', 'A12345', '', 0, 70, 1, '2023-04-09 15:00:56', 1, 0.00, 0.00, 0.00, '2023-04-09 15:00:50', '11', 0);
INSERT INTO `bus_statement` VALUES (71, '', '18888888888', '2023-11-17 19:54:15', 'A88888', '-', 1, 71, 1, '2023-11-17 19:54:40', 1, 0.00, 0.00, 0.00, '2023-11-17 19:54:29', NULL, 0);

-- ----------------------------
-- Table structure for bus_statement_item
-- ----------------------------
DROP TABLE IF EXISTS `bus_statement_item`;
CREATE TABLE `bus_statement_item`  (
  `id` bigint(20) NOT NULL AUTO_INCREMENT,
  `statement_id` bigint(20) NULL DEFAULT NULL COMMENT 'ID',
  `item_id` bigint(20) NULL DEFAULT NULL COMMENT 'ID',
  `item_name` varchar(255) CHARACTER SET utf8 COLLATE utf8_general_ci NULL DEFAULT NULL COMMENT '',
  `item_price` decimal(10, 2) NULL DEFAULT NULL COMMENT '',
  `item_quantity` decimal(10, 0) NULL DEFAULT NULL COMMENT '',
  PRIMARY KEY (`id`) USING BTREE
) ENGINE = InnoDB AUTO_INCREMENT = 201 CHARACTER SET = utf8 COLLATE = utf8_general_ci COMMENT = '' ROW_FORMAT = Dynamic;

-- ----------------------------
-- Records of bus_statement_item
-- ----------------------------
INSERT INTO `bus_statement_item` VALUES (1, 1, 1, '()', 188.00, 1);
INSERT INTO `bus_statement_item` VALUES (2, 1, 5, '', 68.00, 1);
INSERT INTO `bus_statement_item` VALUES (3, 2, 1, '()', 188.00, 1);
INSERT INTO `bus_statement_item` VALUES (4, 2, 2, '', 88.00, 1);
INSERT INTO `bus_statement_item` VALUES (5, 2, 6, '', 399.00, 1);
INSERT INTO `bus_statement_item` VALUES (22, 5, 1, '()', 188.00, 1);
INSERT INTO `bus_statement_item` VALUES (23, 5, 2, '', 88.00, 5);
INSERT INTO `bus_statement_item` VALUES (24, 8, 1, '()', 188.00, 2);
INSERT INTO `bus_statement_item` VALUES (25, 8, 2, '', 88.00, 1);
INSERT INTO `bus_statement_item` VALUES (26, 8, 5, '', 68.00, 1);
INSERT INTO `bus_statement_item` VALUES (27, 9, 1, '()', 188.00, 2);
INSERT INTO `bus_statement_item` VALUES (28, 9, 2, '', 88.00, 1);
INSERT INTO `bus_statement_item` VALUES (29, 6, 1, '()', 188.00, 1);
INSERT INTO `bus_statement_item` VALUES (30, 6, 2, '', 88.00, 1);
INSERT INTO `bus_statement_item` VALUES (31, 12, 1, '()', 188.00, 1);
INSERT INTO `bus_statement_item` VALUES (32, 12, 2, '', 88.00, 1);
INSERT INTO `bus_statement_item` VALUES (43, 13, 1, '()', 188.00, 1);
INSERT INTO `bus_statement_item` VALUES (44, 13, 2, '', 88.00, 1);
INSERT INTO `bus_statement_item` VALUES (45, 13, 5, '', 99.00, 1);
INSERT INTO `bus_statement_item` VALUES (46, 13, 6, '', 500.00, 1);
INSERT INTO `bus_statement_item` VALUES (47, 13, 7, '', 88.00, 1);
INSERT INTO `bus_statement_item` VALUES (187, 4, 2, '', 88.00, 1);
INSERT INTO `bus_statement_item` VALUES (188, 4, 6, '', 399.00, 1);
INSERT INTO `bus_statement_item` VALUES (189, 4, 8, '', 1504.00, 1);
INSERT INTO `bus_statement_item` VALUES (197, 67, 2, '', 88.00, 3);
INSERT INTO `bus_statement_item` VALUES (198, 67, 6, '', 399.00, 2);
INSERT INTO `bus_statement_item` VALUES (199, 68, 2, '', 88.00, 2);
INSERT INTO `bus_statement_item` VALUES (200, 68, 6, '', 399.00, 1);

-- ----------------------------
-- Table structure for gen_table
-- ----------------------------
DROP TABLE IF EXISTS `gen_table`;
CREATE TABLE `gen_table`  (
  `table_id` bigint(20) NOT NULL AUTO_INCREMENT COMMENT '',
  `table_name` varchar(200) CHARACTER SET utf8 COLLATE utf8_general_ci NULL DEFAULT '' COMMENT '',
  `table_comment` varchar(500) CHARACTER SET utf8 COLLATE utf8_general_ci NULL DEFAULT '' COMMENT '',
  `sub_table_name` varchar(64) CHARACTER SET utf8 COLLATE utf8_general_ci NULL DEFAULT NULL COMMENT '',
  `sub_table_fk_name` varchar(64) CHARACTER SET utf8 COLLATE utf8_general_ci NULL DEFAULT NULL COMMENT '',
  `class_name` varchar(100) CHARACTER SET utf8 COLLATE utf8_general_ci NULL DEFAULT '' COMMENT '',
  `tpl_category` varchar(200) CHARACTER SET utf8 COLLATE utf8_general_ci NULL DEFAULT 'crud' COMMENT 'crud tree',
  `package_name` varchar(100) CHARACTER SET utf8 COLLATE utf8_general_ci NULL DEFAULT NULL COMMENT '',
  `module_name` varchar(30) CHARACTER SET utf8 COLLATE utf8_general_ci NULL DEFAULT NULL COMMENT '',
  `business_name` varchar(30) CHARACTER SET utf8 COLLATE utf8_general_ci NULL DEFAULT NULL COMMENT '',
  `function_name` varchar(50) CHARACTER SET utf8 COLLATE utf8_general_ci NULL DEFAULT NULL COMMENT '',
  `function_author` varchar(50) CHARACTER SET utf8 COLLATE utf8_general_ci NULL DEFAULT NULL COMMENT '',
  `gen_type` char(1) CHARACTER SET utf8 COLLATE utf8_general_ci NULL DEFAULT '0' COMMENT '0zip 1',
  `gen_path` varchar(200) CHARACTER SET utf8 COLLATE utf8_general_ci NULL DEFAULT '/' COMMENT '',
  `options` varchar(1000) CHARACTER SET utf8 COLLATE utf8_general_ci NULL DEFAULT NULL COMMENT '',
  `create_by` varchar(64) CHARACTER SET utf8 COLLATE utf8_general_ci NULL DEFAULT '' COMMENT '',
  `create_time` datetime NULL DEFAULT NULL COMMENT '',
  `update_by` varchar(64) CHARACTER SET utf8 COLLATE utf8_general_ci NULL DEFAULT '' COMMENT '',
  `update_time` datetime NULL DEFAULT NULL COMMENT '',
  `remark` varchar(500) CHARACTER SET utf8 COLLATE utf8_general_ci NULL DEFAULT NULL COMMENT '',
  PRIMARY KEY (`table_id`) USING BTREE
) ENGINE = InnoDB AUTO_INCREMENT = 8 CHARACTER SET = utf8 COLLATE = utf8_general_ci COMMENT = '' ROW_FORMAT = Dynamic;

-- ----------------------------
-- Records of gen_table
-- ----------------------------
INSERT INTO `gen_table` VALUES (2, 'bus_appointment', '', NULL, NULL, 'BusAppointment', 'crud', 'cn.wolfcode.car.appointment', 'appointment', 'info', '', 'wolfcode', '0', '/', '{}', 'admin', '2023-03-27 17:06:04', '', '2023-03-27 17:11:10', NULL);
INSERT INTO `gen_table` VALUES (3, 'bus_service_item', '', NULL, NULL, 'BusServiceItem', 'crud', 'cn.wolfcode.car.appointment', 'appointment', 'serviceItem', '', 'wolfcode', '0', '/', '{\"parentMenuId\":2000}', 'admin', '2023-03-30 15:54:39', '', '2023-03-30 16:03:59', NULL);
INSERT INTO `gen_table` VALUES (4, 'bus_statement', '', NULL, NULL, 'BusStatement', 'crud', 'cn.wolfcode.car.appointment', 'appointment', 'statement', '', 'wolfcode', '0', '/', '{\"parentMenuId\":2000}', 'admin', '2023-04-01 15:04:13', '', '2023-04-01 15:09:24', NULL);
INSERT INTO `gen_table` VALUES (5, 'bus_statement_item', '', NULL, NULL, 'BusStatementItem', 'crud', 'cn.wolfcode.car.appointment', 'appointment', 'item', '', 'wolfcode', '0', '/', NULL, 'admin', '2023-04-02 16:32:50', '', NULL, NULL);
INSERT INTO `gen_table` VALUES (6, 'bus_bpmn_info', '', NULL, NULL, 'BusBpmnInfo', 'crud', 'cn.wolfcode.car.flow', 'flow', 'bpmnInfo', '', 'wolfcode', '0', '/', '{\"parentMenuId\":\"2022\"}', 'admin', '2023-04-04 17:01:33', '', '2023-04-04 17:11:35', NULL);
INSERT INTO `gen_table` VALUES (7, 'bus_car_package_audit', '', NULL, NULL, 'BusCarPackageAudit', 'crud', 'cn.wolfcode.car.audit', 'audit', 'info', '', 'wolfcode', '0', '/', '{\"parentMenuId\":\"2023\"}', 'admin', '2023-04-08 11:29:34', '', '2023-04-08 11:35:18', NULL);

-- ----------------------------
-- Table structure for gen_table_column
-- ----------------------------
DROP TABLE IF EXISTS `gen_table_column`;
CREATE TABLE `gen_table_column`  (
  `column_id` bigint(20) NOT NULL AUTO_INCREMENT COMMENT '',
  `table_id` varchar(64) CHARACTER SET utf8 COLLATE utf8_general_ci NULL DEFAULT NULL COMMENT '',
  `column_name` varchar(200) CHARACTER SET utf8 COLLATE utf8_general_ci NULL DEFAULT NULL COMMENT '',
  `column_comment` varchar(500) CHARACTER SET utf8 COLLATE utf8_general_ci NULL DEFAULT NULL COMMENT '',
  `column_type` varchar(100) CHARACTER SET utf8 COLLATE utf8_general_ci NULL DEFAULT NULL COMMENT '',
  `java_type` varchar(500) CHARACTER SET utf8 COLLATE utf8_general_ci NULL DEFAULT NULL COMMENT 'JAVA',
  `java_field` varchar(200) CHARACTER SET utf8 COLLATE utf8_general_ci NULL DEFAULT NULL COMMENT 'JAVA',
  `is_pk` char(1) CHARACTER SET utf8 COLLATE utf8_general_ci NULL DEFAULT NULL COMMENT '1',
  `is_increment` char(1) CHARACTER SET utf8 COLLATE utf8_general_ci NULL DEFAULT NULL COMMENT '1',
  `is_required` char(1) CHARACTER SET utf8 COLLATE utf8_general_ci NULL DEFAULT NULL COMMENT '1',
  `is_insert` char(1) CHARACTER SET utf8 COLLATE utf8_general_ci NULL DEFAULT NULL COMMENT '1',
  `is_edit` char(1) CHARACTER SET utf8 COLLATE utf8_general_ci NULL DEFAULT NULL COMMENT '1',
  `is_list` char(1) CHARACTER SET utf8 COLLATE utf8_general_ci NULL DEFAULT NULL COMMENT '1',
  `is_query` char(1) CHARACTER SET utf8 COLLATE utf8_general_ci NULL DEFAULT NULL COMMENT '1',
  `query_type` varchar(200) CHARACTER SET utf8 COLLATE utf8_general_ci NULL DEFAULT 'EQ' COMMENT '',
  `html_type` varchar(200) CHARACTER SET utf8 COLLATE utf8_general_ci NULL DEFAULT NULL COMMENT '',
  `dict_type` varchar(200) CHARACTER SET utf8 COLLATE utf8_general_ci NULL DEFAULT '' COMMENT '',
  `sort` int(11) NULL DEFAULT NULL COMMENT '',
  `create_by` varchar(64) CHARACTER SET utf8 COLLATE utf8_general_ci NULL DEFAULT '' COMMENT '',
  `create_time` datetime NULL DEFAULT NULL COMMENT '',
  `update_by` varchar(64) CHARACTER SET utf8 COLLATE utf8_general_ci NULL DEFAULT '' COMMENT '',
  `update_time` datetime NULL DEFAULT NULL COMMENT '',
  PRIMARY KEY (`column_id`) USING BTREE
) ENGINE = InnoDB AUTO_INCREMENT = 73 CHARACTER SET = utf8 COLLATE = utf8_general_ci COMMENT = '' ROW_FORMAT = Dynamic;

-- ----------------------------
-- Records of gen_table_column
-- ----------------------------
INSERT INTO `gen_table_column` VALUES (12, '2', 'id', NULL, 'bigint(20)', 'Long', 'id', '1', '1', NULL, '1', NULL, NULL, NULL, 'EQ', 'input', '', 1, 'admin', '2023-03-27 17:06:04', '', '2023-03-27 17:11:10');
INSERT INTO `gen_table_column` VALUES (13, '2', 'customer_name', '', 'varchar(20)', 'String', 'customerName', '0', '0', NULL, '1', '1', '1', '1', 'LIKE', 'input', '', 2, 'admin', '2023-03-27 17:06:04', '', '2023-03-27 17:11:10');
INSERT INTO `gen_table_column` VALUES (14, '2', 'customer_phone', '', 'varchar(11)', 'String', 'customerPhone', '0', '0', NULL, '1', '1', '1', '1', 'EQ', 'input', '', 3, 'admin', '2023-03-27 17:06:04', '', '2023-03-27 17:11:10');
INSERT INTO `gen_table_column` VALUES (15, '2', 'appointment_time', '', 'datetime', 'Date', 'appointmentTime', '0', '0', NULL, '1', '1', '1', '1', 'EQ', 'datetime', '', 4, 'admin', '2023-03-27 17:06:04', '', '2023-03-27 17:11:10');
INSERT INTO `gen_table_column` VALUES (16, '2', 'actual_arrival_time', '', 'datetime', 'Date', 'actualArrivalTime', '0', '0', NULL, '1', '1', '1', '1', 'EQ', 'datetime', '', 5, 'admin', '2023-03-27 17:06:05', '', '2023-03-27 17:11:10');
INSERT INTO `gen_table_column` VALUES (17, '2', 'license_plate', '', 'varchar(9)', 'String', 'licensePlate', '0', '0', NULL, '1', '1', '1', '1', 'EQ', 'input', '', 6, 'admin', '2023-03-27 17:06:05', '', '2023-03-27 17:11:10');
INSERT INTO `gen_table_column` VALUES (18, '2', 'car_series', '', 'varchar(20)', 'String', 'carSeries', '0', '0', NULL, '1', '1', '1', '1', 'EQ', 'input', '', 7, 'admin', '2023-03-27 17:06:05', '', '2023-03-27 17:11:10');
INSERT INTO `gen_table_column` VALUES (19, '2', 'service_type', '0/1', 'int(1)', 'Integer', 'serviceType', '0', '0', NULL, '1', '1', '1', '1', 'EQ', 'select', '', 8, 'admin', '2023-03-27 17:06:05', '', '2023-03-27 17:11:10');
INSERT INTO `gen_table_column` VALUES (20, '2', 'create_time', '', 'datetime', 'Date', 'createTime', '0', '0', NULL, '1', NULL, NULL, NULL, 'EQ', 'datetime', '', 9, 'admin', '2023-03-27 17:06:05', '', '2023-03-27 17:11:10');
INSERT INTO `gen_table_column` VALUES (21, '2', 'info', '', 'varchar(255)', 'String', 'info', '0', '0', NULL, '1', '1', '1', '1', 'EQ', 'input', '', 10, 'admin', '2023-03-27 17:06:05', '', '2023-03-27 17:11:10');
INSERT INTO `gen_table_column` VALUES (22, '2', 'status', '0/1/2/3/4/5', 'int(1)', 'Integer', 'status', '0', '0', NULL, '1', '1', '1', '1', 'EQ', 'radio', '', 11, 'admin', '2023-03-27 17:06:05', '', '2023-03-27 17:11:10');
INSERT INTO `gen_table_column` VALUES (23, '3', 'id', '', 'bigint(20)', 'Long', 'id', '1', '1', NULL, '0', NULL, NULL, NULL, 'EQ', 'input', '', 1, 'admin', '2023-03-30 15:54:39', '', '2023-03-30 16:03:59');
INSERT INTO `gen_table_column` VALUES (24, '3', 'name', '', 'varchar(100)', 'String', 'name', '0', '0', NULL, '1', '1', '1', '1', 'LIKE', 'input', '', 2, 'admin', '2023-03-30 15:54:39', '', '2023-03-30 16:03:59');
INSERT INTO `gen_table_column` VALUES (25, '3', 'original_price', '', 'decimal(10,2)', 'BigDecimal', 'originalPrice', '0', '0', NULL, '1', '1', '1', '0', 'EQ', 'input', '', 3, 'admin', '2023-03-30 15:54:39', '', '2023-03-30 16:03:59');
INSERT INTO `gen_table_column` VALUES (26, '3', 'discount_price', '', 'decimal(10,2)', 'BigDecimal', 'discountPrice', '0', '0', NULL, '1', '1', '1', '0', 'EQ', 'input', '', 4, 'admin', '2023-03-30 15:54:39', '', '2023-03-30 16:03:59');
INSERT INTO `gen_table_column` VALUES (27, '3', 'car_package', '', 'int(1)', 'Integer', 'carPackage', '0', '0', NULL, '1', '1', '1', '1', 'EQ', 'select', 'bus_si_car_package', 5, 'admin', '2023-03-30 15:54:39', '', '2023-03-30 16:03:59');
INSERT INTO `gen_table_column` VALUES (28, '3', 'info', '', 'varchar(255)', 'String', 'info', '0', '0', NULL, '1', '1', '1', '0', 'EQ', 'input', '', 6, 'admin', '2023-03-30 15:54:39', '', '2023-03-30 16:03:59');
INSERT INTO `gen_table_column` VALUES (29, '3', 'create_time', '', 'datetime', 'Date', 'createTime', '0', '0', NULL, '1', NULL, NULL, NULL, 'EQ', 'datetime', '', 7, 'admin', '2023-03-30 15:54:39', '', '2023-03-30 16:03:59');
INSERT INTO `gen_table_column` VALUES (30, '3', 'service_catalog', '', 'int(1)', 'Integer', 'serviceCatalog', '0', '0', NULL, '1', '1', '1', '1', 'EQ', 'select', 'bus_si_service_type', 8, 'admin', '2023-03-30 15:54:39', '', '2023-03-30 16:03:59');
INSERT INTO `gen_table_column` VALUES (31, '3', 'audit_status', '', 'int(1)', 'Integer', 'auditStatus', '0', '0', NULL, '1', '1', '1', '1', 'EQ', 'select', 'bus_si_audit_status', 9, 'admin', '2023-03-30 15:54:39', '', '2023-03-30 16:03:59');
INSERT INTO `gen_table_column` VALUES (32, '3', 'sale_status', '', 'int(1)', 'Integer', 'saleStatus', '0', '0', NULL, '1', '1', '1', '1', 'EQ', 'select', 'bus_si_sale_status', 10, 'admin', '2023-03-30 15:54:39', '', '2023-03-30 16:03:59');
INSERT INTO `gen_table_column` VALUES (33, '4', 'id', NULL, 'bigint(11)', 'Long', 'id', '1', '1', NULL, '0', NULL, NULL, NULL, 'EQ', 'input', '', 1, 'admin', '2023-04-01 15:04:13', '', '2023-04-01 15:09:24');
INSERT INTO `gen_table_column` VALUES (34, '4', 'customer_name', '', 'varchar(20)', 'String', 'customerName', '0', '0', NULL, '1', '1', '1', '0', 'LIKE', 'input', '', 2, 'admin', '2023-04-01 15:04:13', '', '2023-04-01 15:09:24');
INSERT INTO `gen_table_column` VALUES (35, '4', 'customer_phone', '', 'varchar(11)', 'String', 'customerPhone', '0', '0', NULL, '1', '1', '0', '0', 'EQ', 'input', '', 3, 'admin', '2023-04-01 15:04:13', '', '2023-04-01 15:09:24');
INSERT INTO `gen_table_column` VALUES (36, '4', 'actual_arrival_time', '', 'datetime', 'Date', 'actualArrivalTime', '0', '0', NULL, '1', '1', '1', '1', 'BETWEEN', 'datetime', '', 4, 'admin', '2023-04-01 15:04:13', '', '2023-04-01 15:09:24');
INSERT INTO `gen_table_column` VALUES (37, '4', 'license_plate', '', 'varchar(9)', 'String', 'licensePlate', '0', '0', NULL, '1', '1', '0', '0', 'EQ', 'input', '', 5, 'admin', '2023-04-01 15:04:13', '', '2023-04-01 15:09:24');
INSERT INTO `gen_table_column` VALUES (38, '4', 'car_series', '', 'varchar(100)', 'String', 'carSeries', '0', '0', NULL, '1', '1', '0', '0', 'EQ', 'input', '', 6, 'admin', '2023-04-01 15:04:13', '', '2023-04-01 15:09:24');
INSERT INTO `gen_table_column` VALUES (39, '4', 'service_type', '', 'int(1)', 'Integer', 'serviceType', '0', '0', NULL, '1', '1', '1', '0', 'EQ', 'select', 'bus_si_service_type', 7, 'admin', '2023-04-01 15:04:13', '', '2023-04-01 15:09:24');
INSERT INTO `gen_table_column` VALUES (40, '4', 'appointment_id', '', 'bigint(20)', 'Long', 'appointmentId', '0', '0', NULL, '0', '0', '1', '0', 'EQ', 'input', '', 8, 'admin', '2023-04-01 15:04:13', '', '2023-04-01 15:09:24');
INSERT INTO `gen_table_column` VALUES (41, '4', 'status', '', 'int(1)', 'Integer', 'status', '0', '0', NULL, '0', '0', '1', '0', 'EQ', 'radio', 'bus_st_pay_status', 9, 'admin', '2023-04-01 15:04:13', '', '2023-04-01 15:09:24');
INSERT INTO `gen_table_column` VALUES (42, '4', 'pay_time', '', 'datetime', 'Date', 'payTime', '0', '0', NULL, '0', '0', '0', '0', 'EQ', 'datetime', '', 10, 'admin', '2023-04-01 15:04:13', '', '2023-04-01 15:09:24');
INSERT INTO `gen_table_column` VALUES (43, '4', 'payee_id', 'id', 'bigint(11)', 'Long', 'payeeId', '0', '0', NULL, '0', '0', '0', '0', 'EQ', 'input', '', 11, 'admin', '2023-04-01 15:04:13', '', '2023-04-01 15:09:24');
INSERT INTO `gen_table_column` VALUES (44, '4', 'total_amount', '', 'decimal(10,2)', 'BigDecimal', 'totalAmount', '0', '0', NULL, '0', '0', '1', '0', 'EQ', 'input', '', 12, 'admin', '2023-04-01 15:04:13', '', '2023-04-01 15:09:24');
INSERT INTO `gen_table_column` VALUES (45, '4', 'total_quantity', '', 'decimal(10,2)', 'BigDecimal', 'totalQuantity', '0', '0', NULL, '0', '0', '1', '0', 'EQ', 'input', '', 13, 'admin', '2023-04-01 15:04:13', '', '2023-04-01 15:09:24');
INSERT INTO `gen_table_column` VALUES (46, '4', 'discount_amount', '', 'decimal(10,2)', 'BigDecimal', 'discountAmount', '0', '0', NULL, '0', '0', '1', '0', 'EQ', 'input', '', 14, 'admin', '2023-04-01 15:04:14', '', '2023-04-01 15:09:24');
INSERT INTO `gen_table_column` VALUES (47, '4', 'create_time', '', 'datetime', 'Date', 'createTime', '0', '0', NULL, '0', NULL, NULL, NULL, 'EQ', 'datetime', '', 15, 'admin', '2023-04-01 15:04:14', '', '2023-04-01 15:09:24');
INSERT INTO `gen_table_column` VALUES (48, '4', 'info', '', 'varchar(255)', 'String', 'info', '0', '0', NULL, '1', '1', '1', '0', 'EQ', 'input', '', 16, 'admin', '2023-04-01 15:04:14', '', '2023-04-01 15:09:24');
INSERT INTO `gen_table_column` VALUES (49, '4', 'is_delete', NULL, 'int(1)', 'Integer', 'isDelete', '0', '0', NULL, '0', '0', '0', '0', 'EQ', 'input', '', 17, 'admin', '2023-04-01 15:04:14', '', '2023-04-01 15:09:24');
INSERT INTO `gen_table_column` VALUES (50, '5', 'id', NULL, 'bigint(20)', 'Long', 'id', '1', '1', NULL, '1', NULL, NULL, NULL, 'EQ', 'input', '', 1, 'admin', '2023-04-02 16:32:50', '', NULL);
INSERT INTO `gen_table_column` VALUES (51, '5', 'statement_id', 'ID', 'bigint(20)', 'Long', 'statementId', '0', '0', NULL, '1', '1', '1', '1', 'EQ', 'input', '', 2, 'admin', '2023-04-02 16:32:50', '', NULL);
INSERT INTO `gen_table_column` VALUES (52, '5', 'item_id', 'ID', 'bigint(20)', 'Long', 'itemId', '0', '0', NULL, '1', '1', '1', '1', 'EQ', 'input', '', 3, 'admin', '2023-04-02 16:32:50', '', NULL);
INSERT INTO `gen_table_column` VALUES (53, '5', 'item_name', '', 'varchar(255)', 'String', 'itemName', '0', '0', NULL, '1', '1', '1', '1', 'LIKE', 'input', '', 4, 'admin', '2023-04-02 16:32:50', '', NULL);
INSERT INTO `gen_table_column` VALUES (54, '5', 'item_price', '', 'decimal(10,2)', 'BigDecimal', 'itemPrice', '0', '0', NULL, '1', '1', '1', '1', 'EQ', 'input', '', 5, 'admin', '2023-04-02 16:32:50', '', NULL);
INSERT INTO `gen_table_column` VALUES (55, '5', 'item_quantity', '', 'decimal(10,0)', 'Long', 'itemQuantity', '0', '0', NULL, '1', '1', '1', '1', 'EQ', 'input', '', 6, 'admin', '2023-04-02 16:32:50', '', NULL);
INSERT INTO `gen_table_column` VALUES (56, '6', 'id', '', 'bigint(20)', 'Long', 'id', '1', '1', NULL, '0', NULL, NULL, NULL, 'EQ', 'input', '', 1, 'admin', '2023-04-04 17:01:33', '', '2023-04-04 17:11:35');
INSERT INTO `gen_table_column` VALUES (57, '6', 'bpmn_label', '', 'varchar(255)', 'String', 'bpmnLabel', '0', '0', NULL, '0', '0', '1', '0', 'EQ', 'input', '', 2, 'admin', '2023-04-04 17:01:33', '', '2023-04-04 17:11:35');
INSERT INTO `gen_table_column` VALUES (58, '6', 'bpmn_type', '', 'int(1)', 'Integer', 'bpmnType', '0', '0', NULL, '1', '0', '1', '1', 'EQ', 'select', 'bus_flow_audit_type', 3, 'admin', '2023-04-04 17:01:33', '', '2023-04-04 17:11:35');
INSERT INTO `gen_table_column` VALUES (59, '6', 'process_definition_key', 'key', 'varchar(255)', 'String', 'processDefinitionKey', '0', '0', NULL, '0', '0', '1', '0', 'EQ', 'input', '', 4, 'admin', '2023-04-04 17:01:33', '', '2023-04-04 17:11:35');
INSERT INTO `gen_table_column` VALUES (60, '6', 'deploy_time', '', 'datetime', 'Date', 'deployTime', '0', '0', NULL, '0', '0', '1', '1', 'BETWEEN', 'datetime', '', 5, 'admin', '2023-04-04 17:01:33', '', '2023-04-04 17:11:35');
INSERT INTO `gen_table_column` VALUES (61, '6', 'version', '', 'int(11)', 'Long', 'version', '0', '0', NULL, '0', '0', '1', '0', 'EQ', 'input', '', 6, 'admin', '2023-04-04 17:01:33', '', '2023-04-04 17:11:35');
INSERT INTO `gen_table_column` VALUES (62, '6', 'info', '', 'varchar(255)', 'String', 'info', '0', '0', NULL, '1', '0', '1', '0', 'EQ', 'input', '', 7, 'admin', '2023-04-04 17:01:33', '', '2023-04-04 17:11:35');
INSERT INTO `gen_table_column` VALUES (63, '7', 'id', '', 'bigint(20)', 'Long', 'id', '1', '1', NULL, '0', NULL, NULL, NULL, 'EQ', 'input', '', 1, 'admin', '2023-04-08 11:29:34', '', '2023-04-08 11:35:18');
INSERT INTO `gen_table_column` VALUES (64, '7', 'service_item_id', ' id', 'bigint(20)', 'Long', 'serviceItemId', '0', '0', NULL, '0', '0', '0', '0', 'EQ', 'input', '', 2, 'admin', '2023-04-08 11:29:34', '', '2023-04-08 11:35:18');
INSERT INTO `gen_table_column` VALUES (65, '7', 'service_item_name', '', 'varchar(100)', 'String', 'serviceItemName', '0', '0', NULL, '0', '0', '1', '0', 'LIKE', 'input', '', 3, 'admin', '2023-04-08 11:29:34', '', '2023-04-08 11:35:18');
INSERT INTO `gen_table_column` VALUES (66, '7', 'service_item_info', '', 'varchar(255)', 'String', 'serviceItemInfo', '0', '0', NULL, '0', '0', '1', '0', 'EQ', 'input', '', 4, 'admin', '2023-04-08 11:29:34', '', '2023-04-08 11:35:18');
INSERT INTO `gen_table_column` VALUES (67, '7', 'service_item_price', '', 'decimal(10,2)', 'BigDecimal', 'serviceItemPrice', '0', '0', NULL, '0', '0', '1', '0', 'EQ', 'input', '', 5, 'admin', '2023-04-08 11:29:34', '', '2023-04-08 11:35:18');
INSERT INTO `gen_table_column` VALUES (68, '7', 'instance_id', 'id', 'varchar(64)', 'String', 'instanceId', '0', '0', NULL, '0', '0', '0', '0', 'EQ', 'input', '', 6, 'admin', '2023-04-08 11:29:34', '', '2023-04-08 11:35:18');
INSERT INTO `gen_table_column` VALUES (69, '7', 'creator_id', '', 'varchar(20)', 'String', 'creatorId', '0', '0', NULL, '0', '0', '0', '0', 'EQ', 'input', '', 7, 'admin', '2023-04-08 11:29:34', '', '2023-04-08 11:35:18');
INSERT INTO `gen_table_column` VALUES (70, '7', 'info', '', 'varchar(255)', 'String', 'info', '0', '0', NULL, '0', '0', '1', '0', 'EQ', 'input', '', 8, 'admin', '2023-04-08 11:29:34', '', '2023-04-08 11:35:18');
INSERT INTO `gen_table_column` VALUES (71, '7', 'status', '', 'int(1)', 'Integer', 'status', '0', '0', NULL, '0', '0', '1', '1', 'EQ', 'select', 'bus_audit_status', 9, 'admin', '2023-04-08 11:29:34', '', '2023-04-08 11:35:18');
INSERT INTO `gen_table_column` VALUES (72, '7', 'create_time', '', 'datetime', 'Date', 'createTime', '0', '0', NULL, '0', NULL, '1', '1', 'BETWEEN', 'datetime', '', 10, 'admin', '2023-04-08 11:29:34', '', '2023-04-08 11:35:18');

-- ----------------------------
-- Table structure for qrtz_blob_triggers
-- ----------------------------
DROP TABLE IF EXISTS `qrtz_blob_triggers`;
CREATE TABLE `qrtz_blob_triggers`  (
  `sched_name` varchar(120) CHARACTER SET utf8 COLLATE utf8_general_ci NOT NULL COMMENT '',
  `trigger_name` varchar(200) CHARACTER SET utf8 COLLATE utf8_general_ci NOT NULL COMMENT 'qrtz_triggerstrigger_name',
  `trigger_group` varchar(200) CHARACTER SET utf8 COLLATE utf8_general_ci NOT NULL COMMENT 'qrtz_triggerstrigger_group',
  `blob_data` blob NULL COMMENT 'Trigger',
  PRIMARY KEY (`sched_name`, `trigger_name`, `trigger_group`) USING BTREE,
  CONSTRAINT `qrtz_blob_triggers_ibfk_1` FOREIGN KEY (`sched_name`, `trigger_name`, `trigger_group`) REFERENCES `qrtz_triggers` (`sched_name`, `trigger_name`, `trigger_group`) ON DELETE RESTRICT ON UPDATE RESTRICT
) ENGINE = InnoDB CHARACTER SET = utf8 COLLATE = utf8_general_ci COMMENT = 'Blob' ROW_FORMAT = Dynamic;

-- ----------------------------
-- Records of qrtz_blob_triggers
-- ----------------------------

-- ----------------------------
-- Table structure for qrtz_calendars
-- ----------------------------
DROP TABLE IF EXISTS `qrtz_calendars`;
CREATE TABLE `qrtz_calendars`  (
  `sched_name` varchar(120) CHARACTER SET utf8 COLLATE utf8_general_ci NOT NULL COMMENT '',
  `calendar_name` varchar(200) CHARACTER SET utf8 COLLATE utf8_general_ci NOT NULL COMMENT '',
  `calendar` blob NOT NULL COMMENT 'calendar',
  PRIMARY KEY (`sched_name`, `calendar_name`) USING BTREE
) ENGINE = InnoDB CHARACTER SET = utf8 COLLATE = utf8_general_ci COMMENT = '' ROW_FORMAT = Dynamic;

-- ----------------------------
-- Records of qrtz_calendars
-- ----------------------------

-- ----------------------------
-- Table structure for qrtz_cron_triggers
-- ----------------------------
DROP TABLE IF EXISTS `qrtz_cron_triggers`;
CREATE TABLE `qrtz_cron_triggers`  (
  `sched_name` varchar(120) CHARACTER SET utf8 COLLATE utf8_general_ci NOT NULL COMMENT '',
  `trigger_name` varchar(200) CHARACTER SET utf8 COLLATE utf8_general_ci NOT NULL COMMENT 'qrtz_triggerstrigger_name',
  `trigger_group` varchar(200) CHARACTER SET utf8 COLLATE utf8_general_ci NOT NULL COMMENT 'qrtz_triggerstrigger_group',
  `cron_expression` varchar(200) CHARACTER SET utf8 COLLATE utf8_general_ci NOT NULL COMMENT 'cron',
  `time_zone_id` varchar(80) CHARACTER SET utf8 COLLATE utf8_general_ci NULL DEFAULT NULL COMMENT '',
  PRIMARY KEY (`sched_name`, `trigger_name`, `trigger_group`) USING BTREE,
  CONSTRAINT `qrtz_cron_triggers_ibfk_1` FOREIGN KEY (`sched_name`, `trigger_name`, `trigger_group`) REFERENCES `qrtz_triggers` (`sched_name`, `trigger_name`, `trigger_group`) ON DELETE RESTRICT ON UPDATE RESTRICT
) ENGINE = InnoDB CHARACTER SET = utf8 COLLATE = utf8_general_ci COMMENT = 'Cron' ROW_FORMAT = Dynamic;

-- ----------------------------
-- Records of qrtz_cron_triggers
-- ----------------------------

-- ----------------------------
-- Table structure for qrtz_fired_triggers
-- ----------------------------
DROP TABLE IF EXISTS `qrtz_fired_triggers`;
CREATE TABLE `qrtz_fired_triggers`  (
  `sched_name` varchar(120) CHARACTER SET utf8 COLLATE utf8_general_ci NOT NULL COMMENT '',
  `entry_id` varchar(95) CHARACTER SET utf8 COLLATE utf8_general_ci NOT NULL COMMENT 'id',
  `trigger_name` varchar(200) CHARACTER SET utf8 COLLATE utf8_general_ci NOT NULL COMMENT 'qrtz_triggerstrigger_name',
  `trigger_group` varchar(200) CHARACTER SET utf8 COLLATE utf8_general_ci NOT NULL COMMENT 'qrtz_triggerstrigger_group',
  `instance_name` varchar(200) CHARACTER SET utf8 COLLATE utf8_general_ci NOT NULL COMMENT '',
  `fired_time` bigint(13) NOT NULL COMMENT '',
  `sched_time` bigint(13) NOT NULL COMMENT '',
  `priority` int(11) NOT NULL COMMENT '',
  `state` varchar(16) CHARACTER SET utf8 COLLATE utf8_general_ci NOT NULL COMMENT '',
  `job_name` varchar(200) CHARACTER SET utf8 COLLATE utf8_general_ci NULL DEFAULT NULL COMMENT '',
  `job_group` varchar(200) CHARACTER SET utf8 COLLATE utf8_general_ci NULL DEFAULT NULL COMMENT '',
  `is_nonconcurrent` varchar(1) CHARACTER SET utf8 COLLATE utf8_general_ci NULL DEFAULT NULL COMMENT '',
  `requests_recovery` varchar(1) CHARACTER SET utf8 COLLATE utf8_general_ci NULL DEFAULT NULL COMMENT '',
  PRIMARY KEY (`sched_name`, `entry_id`) USING BTREE
) ENGINE = InnoDB CHARACTER SET = utf8 COLLATE = utf8_general_ci COMMENT = '' ROW_FORMAT = Dynamic;

-- ----------------------------
-- Records of qrtz_fired_triggers
-- ----------------------------

-- ----------------------------
-- Table structure for qrtz_job_details
-- ----------------------------
DROP TABLE IF EXISTS `qrtz_job_details`;
CREATE TABLE `qrtz_job_details`  (
  `sched_name` varchar(120) CHARACTER SET utf8 COLLATE utf8_general_ci NOT NULL COMMENT '',
  `job_name` varchar(200) CHARACTER SET utf8 COLLATE utf8_general_ci NOT NULL COMMENT '',
  `job_group` varchar(200) CHARACTER SET utf8 COLLATE utf8_general_ci NOT NULL COMMENT '',
  `description` varchar(250) CHARACTER SET utf8 COLLATE utf8_general_ci NULL DEFAULT NULL COMMENT '',
  `job_class_name` varchar(250) CHARACTER SET utf8 COLLATE utf8_general_ci NOT NULL COMMENT '',
  `is_durable` varchar(1) CHARACTER SET utf8 COLLATE utf8_general_ci NOT NULL COMMENT '',
  `is_nonconcurrent` varchar(1) CHARACTER SET utf8 COLLATE utf8_general_ci NOT NULL COMMENT '',
  `is_update_data` varchar(1) CHARACTER SET utf8 COLLATE utf8_general_ci NOT NULL COMMENT '',
  `requests_recovery` varchar(1) CHARACTER SET utf8 COLLATE utf8_general_ci NOT NULL COMMENT '',
  `job_data` blob NULL COMMENT 'job',
  PRIMARY KEY (`sched_name`, `job_name`, `job_group`) USING BTREE
) ENGINE = InnoDB CHARACTER SET = utf8 COLLATE = utf8_general_ci COMMENT = '' ROW_FORMAT = Dynamic;

-- ----------------------------
-- Records of qrtz_job_details
-- ----------------------------

-- ----------------------------
-- Table structure for qrtz_locks
-- ----------------------------
DROP TABLE IF EXISTS `qrtz_locks`;
CREATE TABLE `qrtz_locks`  (
  `sched_name` varchar(120) CHARACTER SET utf8 COLLATE utf8_general_ci NOT NULL COMMENT '',
  `lock_name` varchar(40) CHARACTER SET utf8 COLLATE utf8_general_ci NOT NULL COMMENT '',
  PRIMARY KEY (`sched_name`, `lock_name`) USING BTREE
) ENGINE = InnoDB CHARACTER SET = utf8 COLLATE = utf8_general_ci COMMENT = '' ROW_FORMAT = Dynamic;

-- ----------------------------
-- Records of qrtz_locks
-- ----------------------------

-- ----------------------------
-- Table structure for qrtz_paused_trigger_grps
-- ----------------------------
DROP TABLE IF EXISTS `qrtz_paused_trigger_grps`;
CREATE TABLE `qrtz_paused_trigger_grps`  (
  `sched_name` varchar(120) CHARACTER SET utf8 COLLATE utf8_general_ci NOT NULL COMMENT '',
  `trigger_group` varchar(200) CHARACTER SET utf8 COLLATE utf8_general_ci NOT NULL COMMENT 'qrtz_triggerstrigger_group',
  PRIMARY KEY (`sched_name`, `trigger_group`) USING BTREE
) ENGINE = InnoDB CHARACTER SET = utf8 COLLATE = utf8_general_ci COMMENT = '' ROW_FORMAT = Dynamic;

-- ----------------------------
-- Records of qrtz_paused_trigger_grps
-- ----------------------------

-- ----------------------------
-- Table structure for qrtz_scheduler_state
-- ----------------------------
DROP TABLE IF EXISTS `qrtz_scheduler_state`;
CREATE TABLE `qrtz_scheduler_state`  (
  `sched_name` varchar(120) CHARACTER SET utf8 COLLATE utf8_general_ci NOT NULL COMMENT '',
  `instance_name` varchar(200) CHARACTER SET utf8 COLLATE utf8_general_ci NOT NULL COMMENT '',
  `last_checkin_time` bigint(13) NOT NULL COMMENT '',
  `checkin_interval` bigint(13) NOT NULL COMMENT '',
  PRIMARY KEY (`sched_name`, `instance_name`) USING BTREE
) ENGINE = InnoDB CHARACTER SET = utf8 COLLATE = utf8_general_ci COMMENT = '' ROW_FORMAT = Dynamic;

-- ----------------------------
-- Records of qrtz_scheduler_state
-- ----------------------------

-- ----------------------------
-- Table structure for qrtz_simple_triggers
-- ----------------------------
DROP TABLE IF EXISTS `qrtz_simple_triggers`;
CREATE TABLE `qrtz_simple_triggers`  (
  `sched_name` varchar(120) CHARACTER SET utf8 COLLATE utf8_general_ci NOT NULL COMMENT '',
  `trigger_name` varchar(200) CHARACTER SET utf8 COLLATE utf8_general_ci NOT NULL COMMENT 'qrtz_triggerstrigger_name',
  `trigger_group` varchar(200) CHARACTER SET utf8 COLLATE utf8_general_ci NOT NULL COMMENT 'qrtz_triggerstrigger_group',
  `repeat_count` bigint(7) NOT NULL COMMENT '',
  `repeat_interval` bigint(12) NOT NULL COMMENT '',
  `times_triggered` bigint(10) NOT NULL COMMENT '',
  PRIMARY KEY (`sched_name`, `trigger_name`, `trigger_group`) USING BTREE,
  CONSTRAINT `qrtz_simple_triggers_ibfk_1` FOREIGN KEY (`sched_name`, `trigger_name`, `trigger_group`) REFERENCES `qrtz_triggers` (`sched_name`, `trigger_name`, `trigger_group`) ON DELETE RESTRICT ON UPDATE RESTRICT
) ENGINE = InnoDB CHARACTER SET = utf8 COLLATE = utf8_general_ci COMMENT = '' ROW_FORMAT = Dynamic;

-- ----------------------------
-- Records of qrtz_simple_triggers
-- ----------------------------

-- ----------------------------
-- Table structure for qrtz_simprop_triggers
-- ----------------------------
DROP TABLE IF EXISTS `qrtz_simprop_triggers`;
CREATE TABLE `qrtz_simprop_triggers`  (
  `sched_name` varchar(120) CHARACTER SET utf8 COLLATE utf8_general_ci NOT NULL COMMENT '',
  `trigger_name` varchar(200) CHARACTER SET utf8 COLLATE utf8_general_ci NOT NULL COMMENT 'qrtz_triggerstrigger_name',
  `trigger_group` varchar(200) CHARACTER SET utf8 COLLATE utf8_general_ci NOT NULL COMMENT 'qrtz_triggerstrigger_group',
  `str_prop_1` varchar(512) CHARACTER SET utf8 COLLATE utf8_general_ci NULL DEFAULT NULL COMMENT 'Stringtrigger',
  `str_prop_2` varchar(512) CHARACTER SET utf8 COLLATE utf8_general_ci NULL DEFAULT NULL COMMENT 'Stringtrigger',
  `str_prop_3` varchar(512) CHARACTER SET utf8 COLLATE utf8_general_ci NULL DEFAULT NULL COMMENT 'Stringtrigger',
  `int_prop_1` int(11) NULL DEFAULT NULL COMMENT 'inttrigger',
  `int_prop_2` int(11) NULL DEFAULT NULL COMMENT 'inttrigger',
  `long_prop_1` bigint(20) NULL DEFAULT NULL COMMENT 'longtrigger',
  `long_prop_2` bigint(20) NULL DEFAULT NULL COMMENT 'longtrigger',
  `dec_prop_1` decimal(13, 4) NULL DEFAULT NULL COMMENT 'decimaltrigger',
  `dec_prop_2` decimal(13, 4) NULL DEFAULT NULL COMMENT 'decimaltrigger',
  `bool_prop_1` varchar(1) CHARACTER SET utf8 COLLATE utf8_general_ci NULL DEFAULT NULL COMMENT 'Booleantrigger',
  `bool_prop_2` varchar(1) CHARACTER SET utf8 COLLATE utf8_general_ci NULL DEFAULT NULL COMMENT 'Booleantrigger',
  PRIMARY KEY (`sched_name`, `trigger_name`, `trigger_group`) USING BTREE,
  CONSTRAINT `qrtz_simprop_triggers_ibfk_1` FOREIGN KEY (`sched_name`, `trigger_name`, `trigger_group`) REFERENCES `qrtz_triggers` (`sched_name`, `trigger_name`, `trigger_group`) ON DELETE RESTRICT ON UPDATE RESTRICT
) ENGINE = InnoDB CHARACTER SET = utf8 COLLATE = utf8_general_ci COMMENT = '' ROW_FORMAT = Dynamic;

-- ----------------------------
-- Records of qrtz_simprop_triggers
-- ----------------------------

-- ----------------------------
-- Table structure for qrtz_triggers
-- ----------------------------
DROP TABLE IF EXISTS `qrtz_triggers`;
CREATE TABLE `qrtz_triggers`  (
  `sched_name` varchar(120) CHARACTER SET utf8 COLLATE utf8_general_ci NOT NULL COMMENT '',
  `trigger_name` varchar(200) CHARACTER SET utf8 COLLATE utf8_general_ci NOT NULL COMMENT '',
  `trigger_group` varchar(200) CHARACTER SET utf8 COLLATE utf8_general_ci NOT NULL COMMENT '',
  `job_name` varchar(200) CHARACTER SET utf8 COLLATE utf8_general_ci NOT NULL COMMENT 'qrtz_job_detailsjob_name',
  `job_group` varchar(200) CHARACTER SET utf8 COLLATE utf8_general_ci NOT NULL COMMENT 'qrtz_job_detailsjob_group',
  `description` varchar(250) CHARACTER SET utf8 COLLATE utf8_general_ci NULL DEFAULT NULL COMMENT '',
  `next_fire_time` bigint(13) NULL DEFAULT NULL COMMENT '',
  `prev_fire_time` bigint(13) NULL DEFAULT NULL COMMENT '-1',
  `priority` int(11) NULL DEFAULT NULL COMMENT '',
  `trigger_state` varchar(16) CHARACTER SET utf8 COLLATE utf8_general_ci NOT NULL COMMENT '',
  `trigger_type` varchar(8) CHARACTER SET utf8 COLLATE utf8_general_ci NOT NULL COMMENT '',
  `start_time` bigint(13) NOT NULL COMMENT '',
  `end_time` bigint(13) NULL DEFAULT NULL COMMENT '',
  `calendar_name` varchar(200) CHARACTER SET utf8 COLLATE utf8_general_ci NULL DEFAULT NULL COMMENT '',
  `misfire_instr` smallint(2) NULL DEFAULT NULL COMMENT '',
  `job_data` blob NULL COMMENT 'job',
  PRIMARY KEY (`sched_name`, `trigger_name`, `trigger_group`) USING BTREE,
  INDEX `sched_name`(`sched_name`, `job_name`, `job_group`) USING BTREE,
  CONSTRAINT `qrtz_triggers_ibfk_1` FOREIGN KEY (`sched_name`, `job_name`, `job_group`) REFERENCES `qrtz_job_details` (`sched_name`, `job_name`, `job_group`) ON DELETE RESTRICT ON UPDATE RESTRICT
) ENGINE = InnoDB CHARACTER SET = utf8 COLLATE = utf8_general_ci COMMENT = '' ROW_FORMAT = Dynamic;

-- ----------------------------
-- Records of qrtz_triggers
-- ----------------------------

-- ----------------------------
-- Table structure for sys_config
-- ----------------------------
DROP TABLE IF EXISTS `sys_config`;
CREATE TABLE `sys_config`  (
  `config_id` int(5) NOT NULL AUTO_INCREMENT COMMENT '',
  `config_name` varchar(100) CHARACTER SET utf8 COLLATE utf8_general_ci NULL DEFAULT '' COMMENT '',
  `config_key` varchar(100) CHARACTER SET utf8 COLLATE utf8_general_ci NULL DEFAULT '' COMMENT '',
  `config_value` varchar(500) CHARACTER SET utf8 COLLATE utf8_general_ci NULL DEFAULT '' COMMENT '',
  `config_type` char(1) CHARACTER SET utf8 COLLATE utf8_general_ci NULL DEFAULT 'N' COMMENT 'Y N',
  `create_by` varchar(64) CHARACTER SET utf8 COLLATE utf8_general_ci NULL DEFAULT '' COMMENT '',
  `create_time` datetime NULL DEFAULT NULL COMMENT '',
  `update_by` varchar(64) CHARACTER SET utf8 COLLATE utf8_general_ci NULL DEFAULT '' COMMENT '',
  `update_time` datetime NULL DEFAULT NULL COMMENT '',
  `remark` varchar(500) CHARACTER SET utf8 COLLATE utf8_general_ci NULL DEFAULT NULL COMMENT '',
  PRIMARY KEY (`config_id`) USING BTREE
) ENGINE = InnoDB AUTO_INCREMENT = 7 CHARACTER SET = utf8 COLLATE = utf8_general_ci COMMENT = '' ROW_FORMAT = Dynamic;

-- ----------------------------
-- Records of sys_config
-- ----------------------------
INSERT INTO `sys_config` VALUES (1, '-', 'sys.index.skinName', 'skin-blue', 'Y', 'admin', '2023-03-27 10:35:45', '', NULL, ' skin-blue skin-green skin-purple skin-red skin-yellow');
INSERT INTO `sys_config` VALUES (2, '-', 'sys.user.initPassword', '123456', 'Y', 'admin', '2023-03-27 10:35:45', '', NULL, ' 123456');
INSERT INTO `sys_config` VALUES (3, '-', 'sys.index.sideTheme', 'theme-dark', 'Y', 'admin', '2023-03-27 10:35:45', '', NULL, 'theme-darktheme-light');
INSERT INTO `sys_config` VALUES (4, '-', 'sys.account.captchaEnabled', 'false', 'Y', 'admin', '2023-03-27 10:35:45', 'admin', '2023-03-27 11:51:10', 'truefalse');
INSERT INTO `sys_config` VALUES (5, '-', 'sys.account.registerUser', 'false', 'Y', 'admin', '2023-03-27 10:35:45', '', NULL, 'truefalse');
INSERT INTO `sys_config` VALUES (6, '', 'bus.appointment.max.num', '5', 'N', 'admin', '2023-03-29 15:53:40', 'admin', '2023-03-30 09:42:14', ' 5 ');

-- ----------------------------
-- Table structure for sys_dept
-- ----------------------------
DROP TABLE IF EXISTS `sys_dept`;
CREATE TABLE `sys_dept`  (
  `dept_id` bigint(20) NOT NULL AUTO_INCREMENT COMMENT 'id',
  `parent_id` bigint(20) NULL DEFAULT 0 COMMENT 'id',
  `ancestors` varchar(50) CHARACTER SET utf8 COLLATE utf8_general_ci NULL DEFAULT '' COMMENT '',
  `dept_name` varchar(30) CHARACTER SET utf8 COLLATE utf8_general_ci NULL DEFAULT '' COMMENT '',
  `order_num` int(4) NULL DEFAULT 0 COMMENT '',
  `leader` varchar(20) CHARACTER SET utf8 COLLATE utf8_general_ci NULL DEFAULT NULL COMMENT '',
  `phone` varchar(11) CHARACTER SET utf8 COLLATE utf8_general_ci NULL DEFAULT NULL COMMENT '',
  `email` varchar(50) CHARACTER SET utf8 COLLATE utf8_general_ci NULL DEFAULT NULL COMMENT '',
  `status` char(1) CHARACTER SET utf8 COLLATE utf8_general_ci NULL DEFAULT '0' COMMENT '0 1',
  `del_flag` char(1) CHARACTER SET utf8 COLLATE utf8_general_ci NULL DEFAULT '0' COMMENT '0 2',
  `create_by` varchar(64) CHARACTER SET utf8 COLLATE utf8_general_ci NULL DEFAULT '' COMMENT '',
  `create_time` datetime NULL DEFAULT NULL COMMENT '',
  `update_by` varchar(64) CHARACTER SET utf8 COLLATE utf8_general_ci NULL DEFAULT '' COMMENT '',
  `update_time` datetime NULL DEFAULT NULL COMMENT '',
  PRIMARY KEY (`dept_id`) USING BTREE
) ENGINE = InnoDB AUTO_INCREMENT = 110 CHARACTER SET = utf8 COLLATE = utf8_general_ci COMMENT = '' ROW_FORMAT = Dynamic;

-- ----------------------------
-- Records of sys_dept
-- ----------------------------
INSERT INTO `sys_dept` VALUES (100, 0, '0', '', 0, '', '15888888888', 'ry@qq.com', '0', '0', 'admin', '2023-03-27 10:35:42', '', NULL);
INSERT INTO `sys_dept` VALUES (101, 100, '0,100', '', 1, '', '15888888888', 'ry@qq.com', '0', '0', 'admin', '2023-03-27 10:35:42', '', NULL);
INSERT INTO `sys_dept` VALUES (102, 100, '0,100', '', 2, '', '15888888888', 'ry@qq.com', '0', '0', 'admin', '2023-03-27 10:35:42', '', NULL);
INSERT INTO `sys_dept` VALUES (103, 101, '0,100,101', '', 1, '', '15888888888', 'ry@qq.com', '0', '0', 'admin', '2023-03-27 10:35:42', '', NULL);
INSERT INTO `sys_dept` VALUES (104, 101, '0,100,101', '', 2, '', '15888888888', 'ry@qq.com', '0', '0', 'admin', '2023-03-27 10:35:42', '', NULL);
INSERT INTO `sys_dept` VALUES (105, 101, '0,100,101', '', 3, '', '15888888888', 'ry@qq.com', '0', '0', 'admin', '2023-03-27 10:35:42', '', NULL);
INSERT INTO `sys_dept` VALUES (106, 101, '0,100,101', '', 4, '', '15888888888', 'ry@qq.com', '0', '0', 'admin', '2023-03-27 10:35:42', '', NULL);
INSERT INTO `sys_dept` VALUES (107, 101, '0,100,101', '', 5, '', '15888888888', 'ry@qq.com', '0', '0', 'admin', '2023-03-27 10:35:42', '', NULL);
INSERT INTO `sys_dept` VALUES (108, 102, '0,100,102', '', 1, '', '15888888888', 'ry@qq.com', '0', '0', 'admin', '2023-03-27 10:35:42', '', NULL);
INSERT INTO `sys_dept` VALUES (109, 102, '0,100,102', '', 2, '', '15888888888', 'ry@qq.com', '0', '0', 'admin', '2023-03-27 10:35:42', '', NULL);

-- ----------------------------
-- Table structure for sys_dict_data
-- ----------------------------
DROP TABLE IF EXISTS `sys_dict_data`;
CREATE TABLE `sys_dict_data`  (
  `dict_code` bigint(20) NOT NULL AUTO_INCREMENT COMMENT '',
  `dict_sort` int(4) NULL DEFAULT 0 COMMENT '',
  `dict_label` varchar(100) CHARACTER SET utf8 COLLATE utf8_general_ci NULL DEFAULT '' COMMENT '',
  `dict_value` varchar(100) CHARACTER SET utf8 COLLATE utf8_general_ci NULL DEFAULT '' COMMENT '',
  `dict_type` varchar(100) CHARACTER SET utf8 COLLATE utf8_general_ci NULL DEFAULT '' COMMENT '',
  `css_class` varchar(100) CHARACTER SET utf8 COLLATE utf8_general_ci NULL DEFAULT NULL COMMENT '',
  `list_class` varchar(100) CHARACTER SET utf8 COLLATE utf8_general_ci NULL DEFAULT NULL COMMENT '',
  `is_default` char(1) CHARACTER SET utf8 COLLATE utf8_general_ci NULL DEFAULT 'N' COMMENT 'Y N',
  `status` char(1) CHARACTER SET utf8 COLLATE utf8_general_ci NULL DEFAULT '0' COMMENT '0 1',
  `create_by` varchar(64) CHARACTER SET utf8 COLLATE utf8_general_ci NULL DEFAULT '' COMMENT '',
  `create_time` datetime NULL DEFAULT NULL COMMENT '',
  `update_by` varchar(64) CHARACTER SET utf8 COLLATE utf8_general_ci NULL DEFAULT '' COMMENT '',
  `update_time` datetime NULL DEFAULT NULL COMMENT '',
  `remark` varchar(500) CHARACTER SET utf8 COLLATE utf8_general_ci NULL DEFAULT NULL COMMENT '',
  PRIMARY KEY (`dict_code`) USING BTREE
) ENGINE = InnoDB AUTO_INCREMENT = 129 CHARACTER SET = utf8 COLLATE = utf8_general_ci COMMENT = '' ROW_FORMAT = Dynamic;

-- ----------------------------
-- Records of sys_dict_data
-- ----------------------------
INSERT INTO `sys_dict_data` VALUES (1, 1, '', '0', 'sys_user_sex', '', '', 'Y', '0', 'admin', '2023-03-27 10:35:45', '', NULL, '');
INSERT INTO `sys_dict_data` VALUES (2, 2, '', '1', 'sys_user_sex', '', '', 'N', '0', 'admin', '2023-03-27 10:35:45', '', NULL, '');
INSERT INTO `sys_dict_data` VALUES (3, 3, '', '2', 'sys_user_sex', '', '', 'N', '0', 'admin', '2023-03-27 10:35:45', '', NULL, '');
INSERT INTO `sys_dict_data` VALUES (4, 1, '', '0', 'sys_show_hide', '', 'primary', 'Y', '0', 'admin', '2023-03-27 10:35:45', '', NULL, '');
INSERT INTO `sys_dict_data` VALUES (5, 2, '', '1', 'sys_show_hide', '', 'danger', 'N', '0', 'admin', '2023-03-27 10:35:45', '', NULL, '');
INSERT INTO `sys_dict_data` VALUES (6, 1, '', '0', 'sys_normal_disable', '', 'primary', 'Y', '0', 'admin', '2023-03-27 10:35:45', '', NULL, '');
INSERT INTO `sys_dict_data` VALUES (7, 2, '', '1', 'sys_normal_disable', '', 'danger', 'N', '0', 'admin', '2023-03-27 10:35:45', '', NULL, '');
INSERT INTO `sys_dict_data` VALUES (8, 1, '', '0', 'sys_job_status', '', 'primary', 'Y', '0', 'admin', '2023-03-27 10:35:45', '', NULL, '');
INSERT INTO `sys_dict_data` VALUES (9, 2, '', '1', 'sys_job_status', '', 'danger', 'N', '0', 'admin', '2023-03-27 10:35:45', '', NULL, '');
INSERT INTO `sys_dict_data` VALUES (10, 1, '', 'DEFAULT', 'sys_job_group', '', '', 'Y', '0', 'admin', '2023-03-27 10:35:45', '', NULL, '');
INSERT INTO `sys_dict_data` VALUES (11, 2, '', 'SYSTEM', 'sys_job_group', '', '', 'N', '0', 'admin', '2023-03-27 10:35:45', '', NULL, '');
INSERT INTO `sys_dict_data` VALUES (12, 1, '', 'Y', 'sys_yes_no', '', 'primary', 'Y', '0', 'admin', '2023-03-27 10:35:45', '', NULL, '');
INSERT INTO `sys_dict_data` VALUES (13, 2, '', 'N', 'sys_yes_no', '', 'danger', 'N', '0', 'admin', '2023-03-27 10:35:45', '', NULL, '');
INSERT INTO `sys_dict_data` VALUES (14, 1, '', '1', 'sys_notice_type', '', 'warning', 'Y', '0', 'admin', '2023-03-27 10:35:45', '', NULL, '');
INSERT INTO `sys_dict_data` VALUES (15, 2, '', '2', 'sys_notice_type', '', 'success', 'N', '0', 'admin', '2023-03-27 10:35:45', '', NULL, '');
INSERT INTO `sys_dict_data` VALUES (16, 1, '', '0', 'sys_notice_status', '', 'primary', 'Y', '0', 'admin', '2023-03-27 10:35:45', '', NULL, '');
INSERT INTO `sys_dict_data` VALUES (17, 2, '', '1', 'sys_notice_status', '', 'danger', 'N', '0', 'admin', '2023-03-27 10:35:45', '', NULL, '');
INSERT INTO `sys_dict_data` VALUES (18, 99, '', '0', 'sys_oper_type', '', 'info', 'N', '0', 'admin', '2023-03-27 10:35:45', '', NULL, '');
INSERT INTO `sys_dict_data` VALUES (19, 1, '', '1', 'sys_oper_type', '', 'info', 'N', '0', 'admin', '2023-03-27 10:35:45', '', NULL, '');
INSERT INTO `sys_dict_data` VALUES (20, 2, '', '2', 'sys_oper_type', '', 'info', 'N', '0', 'admin', '2023-03-27 10:35:45', '', NULL, '');
INSERT INTO `sys_dict_data` VALUES (21, 3, '', '3', 'sys_oper_type', '', 'danger', 'N', '0', 'admin', '2023-03-27 10:35:45', '', NULL, '');
INSERT INTO `sys_dict_data` VALUES (22, 4, '', '4', 'sys_oper_type', '', 'primary', 'N', '0', 'admin', '2023-03-27 10:35:45', '', NULL, '');
INSERT INTO `sys_dict_data` VALUES (23, 5, '', '5', 'sys_oper_type', '', 'warning', 'N', '0', 'admin', '2023-03-27 10:35:45', '', NULL, '');
INSERT INTO `sys_dict_data` VALUES (24, 6, '', '6', 'sys_oper_type', '', 'warning', 'N', '0', 'admin', '2023-03-27 10:35:45', '', NULL, '');
INSERT INTO `sys_dict_data` VALUES (25, 7, '', '7', 'sys_oper_type', '', 'danger', 'N', '0', 'admin', '2023-03-27 10:35:45', '', NULL, '');
INSERT INTO `sys_dict_data` VALUES (26, 8, '', '8', 'sys_oper_type', '', 'warning', 'N', '0', 'admin', '2023-03-27 10:35:45', '', NULL, '');
INSERT INTO `sys_dict_data` VALUES (27, 9, '', '9', 'sys_oper_type', '', 'danger', 'N', '0', 'admin', '2023-03-27 10:35:45', '', NULL, '');
INSERT INTO `sys_dict_data` VALUES (28, 1, '', '0', 'sys_common_status', '', 'primary', 'N', '0', 'admin', '2023-03-27 10:35:45', '', NULL, '');
INSERT INTO `sys_dict_data` VALUES (29, 2, '', '1', 'sys_common_status', '', 'danger', 'N', '0', 'admin', '2023-03-27 10:35:45', '', NULL, '');
INSERT INTO `sys_dict_data` VALUES (100, 0, '', '0', 'bus_service_type', NULL, 'default', 'N', '0', 'admin', '2023-03-27 17:26:17', '', NULL, NULL);
INSERT INTO `sys_dict_data` VALUES (101, 1, '', '1', 'bus_service_type', NULL, 'default', 'N', '0', 'admin', '2023-03-27 17:26:27', '', NULL, NULL);
INSERT INTO `sys_dict_data` VALUES (102, 0, '', '0', 'bus_appointment_status', NULL, 'default', 'N', '0', 'admin', '2023-03-27 17:27:41', '', NULL, NULL);
INSERT INTO `sys_dict_data` VALUES (103, 1, '', '1', 'bus_appointment_status', NULL, 'default', 'N', '0', 'admin', '2023-03-27 17:27:50', '', NULL, NULL);
INSERT INTO `sys_dict_data` VALUES (104, 2, '', '2', 'bus_appointment_status', NULL, 'default', 'N', '0', 'admin', '2023-03-27 17:28:01', '', NULL, NULL);
INSERT INTO `sys_dict_data` VALUES (105, 3, '', '3', 'bus_appointment_status', NULL, 'default', 'N', '0', 'admin', '2023-03-27 17:28:10', '', NULL, NULL);
INSERT INTO `sys_dict_data` VALUES (106, 4, '', '4', 'bus_appointment_status', NULL, 'default', 'N', '0', 'admin', '2023-03-27 17:28:30', '', NULL, NULL);
INSERT INTO `sys_dict_data` VALUES (107, 5, '', '5', 'bus_appointment_status', NULL, 'default', 'N', '0', 'admin', '2023-03-27 17:28:39', '', NULL, NULL);
INSERT INTO `sys_dict_data` VALUES (108, 0, '', '0', 'bus_si_car_package', NULL, 'default', 'N', '0', 'admin', '2023-03-30 15:57:53', '', NULL, NULL);
INSERT INTO `sys_dict_data` VALUES (109, 1, '', '1', 'bus_si_car_package', NULL, 'default', 'N', '0', 'admin', '2023-03-30 15:58:01', '', NULL, NULL);
INSERT INTO `sys_dict_data` VALUES (110, 0, '', '0', 'bus_si_service_type', NULL, 'default', 'N', '0', 'admin', '2023-03-30 15:59:44', '', NULL, NULL);
INSERT INTO `sys_dict_data` VALUES (111, 1, '', '1', 'bus_si_service_type', NULL, 'default', 'N', '0', 'admin', '2023-03-30 15:59:50', '', NULL, NULL);
INSERT INTO `sys_dict_data` VALUES (112, 2, '', '2', 'bus_si_service_type', NULL, 'default', 'N', '0', 'admin', '2023-03-30 15:59:58', '', NULL, NULL);
INSERT INTO `sys_dict_data` VALUES (113, 0, '', '0', 'bus_si_audit_status', NULL, 'default', 'N', '0', 'admin', '2023-03-30 16:00:59', '', NULL, NULL);
INSERT INTO `sys_dict_data` VALUES (114, 1, '', '1', 'bus_si_audit_status', NULL, 'default', 'N', '0', 'admin', '2023-03-30 16:01:08', '', NULL, NULL);
INSERT INTO `sys_dict_data` VALUES (115, 2, '', '2', 'bus_si_audit_status', NULL, 'default', 'N', '0', 'admin', '2023-03-30 16:01:19', '', NULL, NULL);
INSERT INTO `sys_dict_data` VALUES (116, 3, '', '3', 'bus_si_audit_status', NULL, 'default', 'N', '0', 'admin', '2023-03-30 16:01:26', '', NULL, NULL);
INSERT INTO `sys_dict_data` VALUES (117, 4, '', '4', 'bus_si_audit_status', NULL, 'default', 'N', '0', 'admin', '2023-03-30 16:01:33', '', NULL, NULL);
INSERT INTO `sys_dict_data` VALUES (118, 1, '', '1', 'bus_si_sale_status', NULL, 'default', 'N', '0', 'admin', '2023-03-30 16:02:29', 'admin', '2023-03-30 16:02:41', NULL);
INSERT INTO `sys_dict_data` VALUES (119, 0, '', '0', 'bus_si_sale_status', NULL, 'default', 'N', '0', 'admin', '2023-03-30 16:02:37', '', NULL, NULL);
INSERT INTO `sys_dict_data` VALUES (120, 0, '', '0', 'bus_yes_no', NULL, 'default', 'N', '0', 'admin', '2023-04-01 15:02:19', '', NULL, NULL);
INSERT INTO `sys_dict_data` VALUES (121, 1, '', '1', 'bus_yes_no', NULL, 'default', 'N', '0', 'admin', '2023-04-01 15:02:25', '', NULL, NULL);
INSERT INTO `sys_dict_data` VALUES (122, 0, '', '0', 'bus_st_pay_status', NULL, 'primary', 'N', '0', 'admin', '2023-04-01 15:03:19', 'admin', '2023-04-01 15:03:29', NULL);
INSERT INTO `sys_dict_data` VALUES (123, 1, '', '1', 'bus_st_pay_status', NULL, 'success', 'N', '0', 'admin', '2023-04-01 15:03:38', '', NULL, NULL);
INSERT INTO `sys_dict_data` VALUES (124, 0, '', '0', 'bus_flow_audit_type', NULL, 'default', 'N', '0', 'admin', '2023-04-04 17:04:19', '', NULL, NULL);
INSERT INTO `sys_dict_data` VALUES (125, 0, '', '0', 'bus_audit_status', NULL, 'default', 'N', '0', 'admin', '2023-04-08 11:34:21', '', NULL, NULL);
INSERT INTO `sys_dict_data` VALUES (126, 1, '', '1', 'bus_audit_status', NULL, 'default', 'N', '0', 'admin', '2023-04-08 11:34:29', '', NULL, NULL);
INSERT INTO `sys_dict_data` VALUES (127, 2, '', '2', 'bus_audit_status', NULL, 'default', 'N', '0', 'admin', '2023-04-08 11:34:36', '', NULL, NULL);
INSERT INTO `sys_dict_data` VALUES (128, 3, '', '3', 'bus_audit_status', NULL, 'default', 'N', '0', 'admin', '2023-04-08 11:34:45', '', NULL, NULL);

-- ----------------------------
-- Table structure for sys_dict_type
-- ----------------------------
DROP TABLE IF EXISTS `sys_dict_type`;
CREATE TABLE `sys_dict_type`  (
  `dict_id` bigint(20) NOT NULL AUTO_INCREMENT COMMENT '',
  `dict_name` varchar(100) CHARACTER SET utf8 COLLATE utf8_general_ci NULL DEFAULT '' COMMENT '',
  `dict_type` varchar(100) CHARACTER SET utf8 COLLATE utf8_general_ci NULL DEFAULT '' COMMENT '',
  `status` char(1) CHARACTER SET utf8 COLLATE utf8_general_ci NULL DEFAULT '0' COMMENT '0 1',
  `create_by` varchar(64) CHARACTER SET utf8 COLLATE utf8_general_ci NULL DEFAULT '' COMMENT '',
  `create_time` datetime NULL DEFAULT NULL COMMENT '',
  `update_by` varchar(64) CHARACTER SET utf8 COLLATE utf8_general_ci NULL DEFAULT '' COMMENT '',
  `update_time` datetime NULL DEFAULT NULL COMMENT '',
  `remark` varchar(500) CHARACTER SET utf8 COLLATE utf8_general_ci NULL DEFAULT NULL COMMENT '',
  PRIMARY KEY (`dict_id`) USING BTREE,
  UNIQUE INDEX `dict_type`(`dict_type`) USING BTREE
) ENGINE = InnoDB AUTO_INCREMENT = 110 CHARACTER SET = utf8 COLLATE = utf8_general_ci COMMENT = '' ROW_FORMAT = Dynamic;

-- ----------------------------
-- Records of sys_dict_type
-- ----------------------------
INSERT INTO `sys_dict_type` VALUES (1, '', 'sys_user_sex', '0', 'admin', '2023-03-27 10:35:45', '', NULL, '');
INSERT INTO `sys_dict_type` VALUES (2, '', 'sys_show_hide', '0', 'admin', '2023-03-27 10:35:45', '', NULL, '');
INSERT INTO `sys_dict_type` VALUES (3, '', 'sys_normal_disable', '0', 'admin', '2023-03-27 10:35:45', '', NULL, '');
INSERT INTO `sys_dict_type` VALUES (4, '', 'sys_job_status', '0', 'admin', '2023-03-27 10:35:45', '', NULL, '');
INSERT INTO `sys_dict_type` VALUES (5, '', 'sys_job_group', '0', 'admin', '2023-03-27 10:35:45', '', NULL, '');
INSERT INTO `sys_dict_type` VALUES (6, '', 'sys_yes_no', '0', 'admin', '2023-03-27 10:35:45', '', NULL, '');
INSERT INTO `sys_dict_type` VALUES (7, '', 'sys_notice_type', '0', 'admin', '2023-03-27 10:35:45', '', NULL, '');
INSERT INTO `sys_dict_type` VALUES (8, '', 'sys_notice_status', '0', 'admin', '2023-03-27 10:35:45', '', NULL, '');
INSERT INTO `sys_dict_type` VALUES (9, '', 'sys_oper_type', '0', 'admin', '2023-03-27 10:35:45', '', NULL, '');
INSERT INTO `sys_dict_type` VALUES (10, '', 'sys_common_status', '0', 'admin', '2023-03-27 10:35:45', '', NULL, '');
INSERT INTO `sys_dict_type` VALUES (100, '', 'bus_service_type', '0', 'admin', '2023-03-27 17:25:31', '', NULL, '');
INSERT INTO `sys_dict_type` VALUES (101, '', 'bus_appointment_status', '0', 'admin', '2023-03-27 17:27:13', '', NULL, '');
INSERT INTO `sys_dict_type` VALUES (102, '-', 'bus_si_car_package', '0', 'admin', '2023-03-30 15:57:36', '', NULL, '');
INSERT INTO `sys_dict_type` VALUES (103, '-', 'bus_si_service_type', '0', 'admin', '2023-03-30 15:59:20', '', NULL, '');
INSERT INTO `sys_dict_type` VALUES (104, '-', 'bus_si_audit_status', '0', 'admin', '2023-03-30 16:00:42', '', NULL, '');
INSERT INTO `sys_dict_type` VALUES (105, '-', 'bus_si_sale_status', '0', 'admin', '2023-03-30 16:02:17', '', NULL, '');
INSERT INTO `sys_dict_type` VALUES (106, '', 'bus_yes_no', '0', 'admin', '2023-04-01 15:02:08', '', NULL, '0=1=');
INSERT INTO `sys_dict_type` VALUES (107, '', 'bus_st_pay_status', '0', 'admin', '2023-04-01 15:03:08', '', NULL, '');
INSERT INTO `sys_dict_type` VALUES (108, '-', 'bus_flow_audit_type', '0', 'admin', '2023-04-04 17:02:17', '', NULL, '');
INSERT INTO `sys_dict_type` VALUES (109, '', 'bus_audit_status', '0', 'admin', '2023-04-08 11:33:57', '', NULL, '');

-- ----------------------------
-- Table structure for sys_job
-- ----------------------------
DROP TABLE IF EXISTS `sys_job`;
CREATE TABLE `sys_job`  (
  `job_id` bigint(20) NOT NULL AUTO_INCREMENT COMMENT 'ID',
  `job_name` varchar(64) CHARACTER SET utf8 COLLATE utf8_general_ci NOT NULL DEFAULT '' COMMENT '',
  `job_group` varchar(64) CHARACTER SET utf8 COLLATE utf8_general_ci NOT NULL DEFAULT 'DEFAULT' COMMENT '',
  `invoke_target` varchar(500) CHARACTER SET utf8 COLLATE utf8_general_ci NOT NULL COMMENT '',
  `cron_expression` varchar(255) CHARACTER SET utf8 COLLATE utf8_general_ci NULL DEFAULT '' COMMENT 'cron',
  `misfire_policy` varchar(20) CHARACTER SET utf8 COLLATE utf8_general_ci NULL DEFAULT '3' COMMENT '1 2 3',
  `concurrent` char(1) CHARACTER SET utf8 COLLATE utf8_general_ci NULL DEFAULT '1' COMMENT '0 1',
  `status` char(1) CHARACTER SET utf8 COLLATE utf8_general_ci NULL DEFAULT '0' COMMENT '0 1',
  `create_by` varchar(64) CHARACTER SET utf8 COLLATE utf8_general_ci NULL DEFAULT '' COMMENT '',
  `create_time` datetime NULL DEFAULT NULL COMMENT '',
  `update_by` varchar(64) CHARACTER SET utf8 COLLATE utf8_general_ci NULL DEFAULT '' COMMENT '',
  `update_time` datetime NULL DEFAULT NULL COMMENT '',
  `remark` varchar(500) CHARACTER SET utf8 COLLATE utf8_general_ci NULL DEFAULT '' COMMENT '',
  PRIMARY KEY (`job_id`, `job_name`, `job_group`) USING BTREE
) ENGINE = InnoDB AUTO_INCREMENT = 4 CHARACTER SET = utf8 COLLATE = utf8_general_ci COMMENT = '' ROW_FORMAT = Dynamic;

-- ----------------------------
-- Records of sys_job
-- ----------------------------
INSERT INTO `sys_job` VALUES (1, '', 'DEFAULT', 'ryTask.ryNoParams', '0/10 * * * * ?', '3', '1', '1', 'admin', '2023-03-27 10:35:46', '', NULL, '');
INSERT INTO `sys_job` VALUES (2, '', 'DEFAULT', 'ryTask.ryParams(\'ry\')', '0/15 * * * * ?', '3', '1', '1', 'admin', '2023-03-27 10:35:46', '', NULL, '');
INSERT INTO `sys_job` VALUES (3, '', 'DEFAULT', 'ryTask.ryMultipleParams(\'ry\', true, 2000L, 316.50D, 100)', '0/20 * * * * ?', '3', '1', '1', 'admin', '2023-03-27 10:35:46', '', NULL, '');

-- ----------------------------
-- Table structure for sys_job_log
-- ----------------------------
DROP TABLE IF EXISTS `sys_job_log`;
CREATE TABLE `sys_job_log`  (
  `job_log_id` bigint(20) NOT NULL AUTO_INCREMENT COMMENT 'ID',
  `job_name` varchar(64) CHARACTER SET utf8 COLLATE utf8_general_ci NOT NULL COMMENT '',
  `job_group` varchar(64) CHARACTER SET utf8 COLLATE utf8_general_ci NOT NULL COMMENT '',
  `invoke_target` varchar(500) CHARACTER SET utf8 COLLATE utf8_general_ci NOT NULL COMMENT '',
  `job_message` varchar(500) CHARACTER SET utf8 COLLATE utf8_general_ci NULL DEFAULT NULL COMMENT '',
  `status` char(1) CHARACTER SET utf8 COLLATE utf8_general_ci NULL DEFAULT '0' COMMENT '0 1',
  `exception_info` varchar(2000) CHARACTER SET utf8 COLLATE utf8_general_ci NULL DEFAULT '' COMMENT '',
  `create_time` datetime NULL DEFAULT NULL COMMENT '',
  PRIMARY KEY (`job_log_id`) USING BTREE
) ENGINE = InnoDB AUTO_INCREMENT = 1 CHARACTER SET = utf8 COLLATE = utf8_general_ci COMMENT = '' ROW_FORMAT = Dynamic;

-- ----------------------------
-- Records of sys_job_log
-- ----------------------------

-- ----------------------------
-- Table structure for sys_logininfor
-- ----------------------------
DROP TABLE IF EXISTS `sys_logininfor`;
CREATE TABLE `sys_logininfor`  (
  `info_id` bigint(20) NOT NULL AUTO_INCREMENT COMMENT 'ID',
  `user_name` varchar(50) CHARACTER SET utf8 COLLATE utf8_general_ci NULL DEFAULT '' COMMENT '',
  `ipaddr` varchar(128) CHARACTER SET utf8 COLLATE utf8_general_ci NULL DEFAULT '' COMMENT 'IP',
  `login_location` varchar(255) CHARACTER SET utf8 COLLATE utf8_general_ci NULL DEFAULT '' COMMENT '',
  `browser` varchar(50) CHARACTER SET utf8 COLLATE utf8_general_ci NULL DEFAULT '' COMMENT '',
  `os` varchar(50) CHARACTER SET utf8 COLLATE utf8_general_ci NULL DEFAULT '' COMMENT '',
  `status` char(1) CHARACTER SET utf8 COLLATE utf8_general_ci NULL DEFAULT '0' COMMENT '0 1',
  `msg` varchar(255) CHARACTER SET utf8 COLLATE utf8_general_ci NULL DEFAULT '' COMMENT '',
  `login_time` datetime NULL DEFAULT NULL COMMENT '',
  PRIMARY KEY (`info_id`) USING BTREE
) ENGINE = InnoDB AUTO_INCREMENT = 411 CHARACTER SET = utf8 COLLATE = utf8_general_ci COMMENT = '' ROW_FORMAT = Dynamic;

-- ----------------------------
-- Records of sys_logininfor
-- ----------------------------
INSERT INTO `sys_logininfor` VALUES (100, 'admin', '127.0.0.1', 'IP', 'Chrome 11', 'Windows 10', '0', '', '2023-03-27 10:55:32');
INSERT INTO `sys_logininfor` VALUES (101, 'admin', '127.0.0.1', 'IP', 'Chrome 11', 'Windows 10', '0', '', '2023-03-27 11:44:23');
INSERT INTO `sys_logininfor` VALUES (102, 'admin', '127.0.0.1', 'IP', 'Chrome 11', 'Windows 10', '0', '', '2023-03-27 11:45:00');
INSERT INTO `sys_logininfor` VALUES (103, 'admin', '127.0.0.1', 'IP', 'Chrome 11', 'Windows 10', '0', '', '2023-03-27 11:45:12');
INSERT INTO `sys_logininfor` VALUES (104, 'admin', '127.0.0.1', 'IP', 'Chrome 11', 'Windows 10', '0', '', '2023-03-27 11:49:14');
INSERT INTO `sys_logininfor` VALUES (105, 'admin', '127.0.0.1', 'IP', 'Chrome 11', 'Windows 10', '0', '', '2023-03-27 11:49:20');
INSERT INTO `sys_logininfor` VALUES (106, 'admin', '127.0.0.1', 'IP', 'Chrome 11', 'Windows 10', '0', '', '2023-03-27 11:50:25');
INSERT INTO `sys_logininfor` VALUES (107, 'admin', '127.0.0.1', 'IP', 'Chrome 11', 'Windows 10', '0', '', '2023-03-27 11:50:56');
INSERT INTO `sys_logininfor` VALUES (108, 'admin', '127.0.0.1', 'IP', 'Chrome 11', 'Windows 10', '0', '', '2023-03-27 14:35:57');
INSERT INTO `sys_logininfor` VALUES (109, 'admin', '127.0.0.1', 'IP', 'Chrome 11', 'Windows 10', '0', '', '2023-03-27 16:45:39');
INSERT INTO `sys_logininfor` VALUES (110, 'admin', '127.0.0.1', 'IP', 'Chrome 11', 'Windows 10', '0', '', '2023-03-27 17:20:32');
INSERT INTO `sys_logininfor` VALUES (111, 'admin', '127.0.0.1', 'IP', 'Chrome 11', 'Windows 10', '0', '', '2023-03-27 18:29:45');
INSERT INTO `sys_logininfor` VALUES (112, 'admin', '127.0.0.1', 'IP', 'Chrome 11', 'Windows 10', '0', '', '2023-03-27 19:08:48');
INSERT INTO `sys_logininfor` VALUES (113, 'admin', '127.0.0.1', 'IP', 'Chrome 11', 'Windows 10', '0', '', '2023-03-29 09:05:37');
INSERT INTO `sys_logininfor` VALUES (114, 'admin', '127.0.0.1', 'IP', 'Chrome 11', 'Windows 10', '0', '', '2023-03-29 10:05:36');
INSERT INTO `sys_logininfor` VALUES (115, 'admin', '127.0.0.1', 'IP', 'Chrome 11', 'Windows 10', '0', '', '2023-03-29 10:13:04');
INSERT INTO `sys_logininfor` VALUES (116, 'admin', '127.0.0.1', 'IP', 'Chrome 11', 'Windows 10', '0', '', '2023-03-29 11:55:32');
INSERT INTO `sys_logininfor` VALUES (117, 'admin', '127.0.0.1', 'IP', 'Chrome 11', 'Windows 10', '0', '', '2023-03-29 14:35:13');
INSERT INTO `sys_logininfor` VALUES (118, 'admin', '127.0.0.1', 'IP', 'Chrome 11', 'Windows 10', '0', '', '2023-03-29 16:33:29');
INSERT INTO `sys_logininfor` VALUES (119, 'admin', '127.0.0.1', 'IP', 'Chrome 11', 'Windows 10', '0', '', '2023-03-30 09:21:58');
INSERT INTO `sys_logininfor` VALUES (120, 'admin', '127.0.0.1', 'IP', 'Chrome 11', 'Windows 10', '0', '', '2023-03-30 10:05:04');
INSERT INTO `sys_logininfor` VALUES (121, 'admin', '127.0.0.1', 'IP', 'Chrome 11', 'Windows 10', '0', '', '2023-03-30 10:09:33');
INSERT INTO `sys_logininfor` VALUES (122, 'admin', '127.0.0.1', 'IP', 'Chrome 11', 'Windows 10', '0', '', '2023-03-30 11:09:38');
INSERT INTO `sys_logininfor` VALUES (123, 'admin', '127.0.0.1', 'IP', 'Chrome 11', 'Windows 10', '0', '', '2023-03-30 14:48:56');
INSERT INTO `sys_logininfor` VALUES (124, 'admin', '192.168.20.93', 'IP', 'Chrome 11', 'Windows 10', '0', '', '2023-03-30 15:19:12');
INSERT INTO `sys_logininfor` VALUES (125, 'admin', '192.168.20.93', 'IP', 'Chrome 11', 'Windows 10', '0', '', '2023-03-30 15:21:58');
INSERT INTO `sys_logininfor` VALUES (126, 'admin', '192.168.20.93', 'IP', 'Chrome 11', 'Windows 10', '0', '', '2023-03-30 15:45:18');
INSERT INTO `sys_logininfor` VALUES (127, 'admin', '127.0.0.1', 'IP', 'Chrome 11', 'Windows 10', '0', '', '2023-03-30 15:54:23');
INSERT INTO `sys_logininfor` VALUES (128, 'admin', '192.168.20.93', 'IP', 'Chrome 11', 'Windows 10', '0', '', '2023-03-30 16:08:33');
INSERT INTO `sys_logininfor` VALUES (129, 'admin', '192.168.20.172', 'IP', 'Chrome 11', 'Windows 10', '0', '', '2023-03-30 16:17:18');
INSERT INTO `sys_logininfor` VALUES (130, 'admin', '192.168.20.172', 'IP', 'Chrome 11', 'Windows 10', '0', '', '2023-03-30 16:17:50');
INSERT INTO `sys_logininfor` VALUES (131, 'admin', '192.168.20.93', 'IP', 'Chrome 11', 'Windows 10', '0', '', '2023-03-30 16:21:42');
INSERT INTO `sys_logininfor` VALUES (132, 'admin', '192.168.20.172', 'IP', 'Chrome 11', 'Windows 10', '0', '', '2023-03-30 16:24:40');
INSERT INTO `sys_logininfor` VALUES (133, 'admin', '192.168.20.93', 'IP', 'Chrome 11', 'Windows 10', '0', '', '2023-03-30 16:24:45');
INSERT INTO `sys_logininfor` VALUES (134, 'admin', '192.168.20.172', 'IP', 'Chrome 11', 'Windows 10', '0', '', '2023-03-30 16:25:18');
INSERT INTO `sys_logininfor` VALUES (135, 'admin', '192.168.20.93', 'IP', 'Chrome 11', 'Windows 10', '0', '', '2023-03-30 16:26:04');
INSERT INTO `sys_logininfor` VALUES (136, 'admin', '192.168.20.172', 'IP', 'Chrome 11', 'Windows 10', '0', '', '2023-03-30 16:26:31');
INSERT INTO `sys_logininfor` VALUES (137, 'admin', '192.168.20.93', 'IP', 'Chrome 11', 'Windows 10', '0', '', '2023-03-30 16:27:15');
INSERT INTO `sys_logininfor` VALUES (138, 'admin', '192.168.20.172', 'IP', 'Chrome 11', 'Windows 10', '0', '', '2023-03-30 16:28:22');
INSERT INTO `sys_logininfor` VALUES (139, 'admin', '192.168.20.93', 'IP', 'Chrome 11', 'Windows 10', '0', '', '2023-03-30 16:50:19');
INSERT INTO `sys_logininfor` VALUES (140, 'admin', '192.168.20.93', 'IP', 'Chrome 11', 'Windows 10', '0', '', '2023-03-30 16:50:58');
INSERT INTO `sys_logininfor` VALUES (141, 'admin', '192.168.20.93', 'IP', 'Chrome 11', 'Windows 10', '0', '', '2023-03-30 16:51:24');
INSERT INTO `sys_logininfor` VALUES (142, 'admin', '192.168.20.93', 'IP', 'Chrome 11', 'Windows 10', '0', '', '2023-03-30 16:51:42');
INSERT INTO `sys_logininfor` VALUES (143, 'admin', '192.168.20.93', 'IP', 'Chrome 11', 'Windows 10', '0', '', '2023-03-30 16:51:54');
INSERT INTO `sys_logininfor` VALUES (144, 'admin', '192.168.20.172', 'IP', 'Chrome 11', 'Windows 10', '0', '', '2023-03-30 16:52:04');
INSERT INTO `sys_logininfor` VALUES (145, 'admin', '192.168.20.93', 'IP', 'Chrome 11', 'Windows 10', '0', '', '2023-03-30 16:52:17');
INSERT INTO `sys_logininfor` VALUES (146, 'admin', '192.168.20.93', 'IP', 'Chrome 11', 'Windows 10', '0', '', '2023-03-30 16:52:28');
INSERT INTO `sys_logininfor` VALUES (147, 'admin', '192.168.20.93', 'IP', 'Chrome 11', 'Windows 10', '0', '', '2023-03-30 16:52:38');
INSERT INTO `sys_logininfor` VALUES (148, 'admin', '192.168.20.93', 'IP', 'Chrome 11', 'Windows 10', '0', '', '2023-03-30 16:52:45');
INSERT INTO `sys_logininfor` VALUES (149, 'admin', '192.168.20.93', 'IP', 'Chrome 11', 'Windows 10', '0', '', '2023-03-30 16:52:55');
INSERT INTO `sys_logininfor` VALUES (150, 'admin', '192.168.20.93', 'IP', 'Chrome 11', 'Windows 10', '0', '', '2023-03-30 16:53:05');
INSERT INTO `sys_logininfor` VALUES (151, 'admin', '192.168.20.93', 'IP', 'Chrome 11', 'Windows 10', '0', '', '2023-03-30 16:53:13');
INSERT INTO `sys_logininfor` VALUES (152, 'admin', '192.168.20.93', 'IP', 'Chrome 11', 'Windows 10', '0', '', '2023-03-30 16:53:19');
INSERT INTO `sys_logininfor` VALUES (153, 'admin', '192.168.20.93', 'IP', 'Chrome 11', 'Windows 10', '0', '', '2023-03-30 16:53:25');
INSERT INTO `sys_logininfor` VALUES (154, 'admin', '192.168.20.93', 'IP', 'Chrome 11', 'Windows 10', '0', '', '2023-03-30 16:53:33');
INSERT INTO `sys_logininfor` VALUES (155, 'admin', '192.168.20.93', 'IP', 'Chrome 11', 'Windows 10', '0', '', '2023-03-30 16:53:39');
INSERT INTO `sys_logininfor` VALUES (156, 'admin', '127.0.0.1', 'IP', 'Chrome 11', 'Windows 10', '0', '', '2023-03-30 16:54:02');
INSERT INTO `sys_logininfor` VALUES (157, 'admin', '192.168.20.93', 'IP', 'Chrome 11', 'Windows 10', '0', '', '2023-03-30 16:55:08');
INSERT INTO `sys_logininfor` VALUES (158, 'admin', '192.168.20.93', 'IP', 'Chrome 11', 'Windows 10', '0', '', '2023-03-30 17:14:37');
INSERT INTO `sys_logininfor` VALUES (159, 'admin', '192.168.20.93', 'IP', 'Chrome 11', 'Windows 10', '0', '', '2023-03-30 17:14:58');
INSERT INTO `sys_logininfor` VALUES (160, 'admin', '192.168.20.93', 'IP', 'Chrome 11', 'Windows 10', '0', '', '2023-03-30 17:18:40');
INSERT INTO `sys_logininfor` VALUES (161, 'admin', '192.168.20.93', 'IP', 'Chrome 11', 'Windows 10', '0', '', '2023-03-30 17:19:43');
INSERT INTO `sys_logininfor` VALUES (162, 'admin', '192.168.20.93', 'IP', 'Chrome 11', 'Windows 10', '0', '', '2023-03-30 17:20:18');
INSERT INTO `sys_logininfor` VALUES (163, 'admin', '127.0.0.1', 'IP', 'Chrome 11', 'Windows 10', '0', '', '2023-03-30 18:40:40');
INSERT INTO `sys_logininfor` VALUES (164, 'admin', '127.0.0.1', 'IP', 'Chrome 11', 'Windows 10', '0', '', '2023-04-01 09:05:22');
INSERT INTO `sys_logininfor` VALUES (165, 'admin', '127.0.0.1', 'IP', 'Chrome 11', 'Windows 10', '0', '', '2023-04-01 09:39:05');
INSERT INTO `sys_logininfor` VALUES (166, 'admin', '127.0.0.1', 'IP', 'Chrome 11', 'Windows 10', '0', '', '2023-04-01 10:46:02');
INSERT INTO `sys_logininfor` VALUES (167, 'admin', '192.168.20.93', 'IP', 'Chrome 11', 'Windows 10', '0', '', '2023-04-01 10:47:20');
INSERT INTO `sys_logininfor` VALUES (168, 'admin', '192.168.20.93', 'IP', 'Chrome 11', 'Windows 10', '0', '', '2023-04-01 10:47:56');
INSERT INTO `sys_logininfor` VALUES (169, 'admin', '127.0.0.1', 'IP', 'Chrome 11', 'Windows 10', '0', '', '2023-04-01 15:00:21');
INSERT INTO `sys_logininfor` VALUES (170, 'admin', '192.168.20.93', 'IP', 'Chrome 11', 'Windows 10', '0', '', '2023-04-01 15:50:00');
INSERT INTO `sys_logininfor` VALUES (171, 'admin', '192.168.20.93', 'IP', 'Chrome 11', 'Windows 10', '0', '', '2023-04-01 15:51:09');
INSERT INTO `sys_logininfor` VALUES (172, 'admin', '192.168.20.93', 'IP', 'Chrome 11', 'Windows 10', '0', '', '2023-04-01 17:13:14');
INSERT INTO `sys_logininfor` VALUES (173, 'admin', '192.168.20.93', 'IP', 'Chrome 11', 'Windows 10', '0', '', '2023-04-01 17:14:52');
INSERT INTO `sys_logininfor` VALUES (174, 'admin', '127.0.0.1', 'IP', 'Chrome 11', 'Windows 10', '0', '', '2023-04-01 17:55:09');
INSERT INTO `sys_logininfor` VALUES (175, 'admin', '192.168.20.91', 'IP', 'Chrome 11', 'Windows 10', '0', '', '2023-04-01 18:35:17');
INSERT INTO `sys_logininfor` VALUES (176, 'admin', '192.168.20.72', 'IP', 'Chrome 11', 'Windows 10', '0', '', '2023-04-01 18:49:47');
INSERT INTO `sys_logininfor` VALUES (177, 'admin', '192.168.20.72', 'IP', 'Chrome', 'Windows 10', '0', '', '2023-04-01 19:11:01');
INSERT INTO `sys_logininfor` VALUES (178, 'admin', '192.168.20.72', 'IP', 'Chrome', 'Windows 10', '0', '', '2023-04-01 21:52:36');
INSERT INTO `sys_logininfor` VALUES (179, 'admin', '192.168.20.91', 'IP', 'Chrome 11', 'Windows 10', '0', '', '2023-04-01 22:39:06');
INSERT INTO `sys_logininfor` VALUES (180, 'admin', '127.0.0.1', 'IP', 'Chrome 11', 'Windows 10', '0', '', '2023-04-02 08:56:45');
INSERT INTO `sys_logininfor` VALUES (181, 'admin', '192.168.20.72', 'IP', 'Chrome', 'Windows 10', '0', '', '2023-04-02 09:55:21');
INSERT INTO `sys_logininfor` VALUES (182, 'admin', '127.0.0.1', 'IP', 'Chrome 11', 'Windows 10', '0', '', '2023-04-02 10:08:39');
INSERT INTO `sys_logininfor` VALUES (183, 'admin', '192.168.20.72', 'IP', 'Chrome 11', 'Windows 10', '0', '', '2023-04-02 10:44:43');
INSERT INTO `sys_logininfor` VALUES (184, 'admin', '192.168.20.72', 'IP', 'Chrome', 'Windows 10', '0', '', '2023-04-02 10:53:50');
INSERT INTO `sys_logininfor` VALUES (185, 'admin', '192.168.20.91', 'IP', 'Chrome 11', 'Windows 10', '0', '', '2023-04-02 14:05:28');
INSERT INTO `sys_logininfor` VALUES (186, 'admin', '192.168.20.72', 'IP', 'Chrome', 'Windows 10', '0', '', '2023-04-02 14:08:43');
INSERT INTO `sys_logininfor` VALUES (187, 'admin', '127.0.0.1', 'IP', 'Chrome 11', 'Windows 10', '0', '', '2023-04-02 14:24:49');
INSERT INTO `sys_logininfor` VALUES (188, 'admin', '192.168.20.93', 'IP', 'Chrome 11', 'Windows 10', '0', '', '2023-04-02 15:16:54');
INSERT INTO `sys_logininfor` VALUES (189, 'admin', '192.168.20.93', 'IP', 'Chrome 11', 'Windows 10', '0', '', '2023-04-02 15:17:17');
INSERT INTO `sys_logininfor` VALUES (190, 'admin', '192.168.20.91', 'IP', 'Chrome 11', 'Windows 10', '0', '', '2023-04-02 15:35:09');
INSERT INTO `sys_logininfor` VALUES (191, 'admin', '127.0.0.1', 'IP', 'Chrome 11', 'Windows 10', '0', '', '2023-04-02 17:24:01');
INSERT INTO `sys_logininfor` VALUES (192, 'admin', '127.0.0.1', 'IP', 'Chrome 11', 'Windows 10', '0', '', '2023-04-02 18:44:08');
INSERT INTO `sys_logininfor` VALUES (193, 'admin', '192.168.20.72', 'IP', 'Chrome', 'Windows 10', '0', '', '2023-04-02 19:58:54');
INSERT INTO `sys_logininfor` VALUES (194, 'admin', '127.0.0.1', 'IP', 'Chrome 11', 'Windows 10', '0', '', '2023-04-02 20:00:12');
INSERT INTO `sys_logininfor` VALUES (195, 'admin', '192.168.20.72', 'IP', 'Chrome', 'Windows 10', '0', '', '2023-04-02 20:03:56');
INSERT INTO `sys_logininfor` VALUES (196, 'admin', '192.168.20.93', 'IP', 'Chrome 11', 'Windows 10', '0', '', '2023-04-02 20:32:16');
INSERT INTO `sys_logininfor` VALUES (197, 'admin', '192.168.20.72', 'IP', 'Chrome', 'Windows 10', '0', '', '2023-04-02 21:12:31');
INSERT INTO `sys_logininfor` VALUES (198, 'admin', '192.168.20.72', 'IP', 'Chrome', 'Windows 10', '0', '', '2023-04-02 22:15:22');
INSERT INTO `sys_logininfor` VALUES (199, 'admin', '192.168.20.91', 'IP', 'Chrome 11', 'Windows 10', '0', '', '2023-04-02 22:29:34');
INSERT INTO `sys_logininfor` VALUES (200, 'admin', '127.0.0.1', 'IP', 'Chrome 11', 'Windows 10', '0', '', '2023-04-03 10:35:26');
INSERT INTO `sys_logininfor` VALUES (201, 'admin', '192.168.20.91', 'IP', 'Chrome 11', 'Windows 10', '0', '', '2023-04-03 10:47:20');
INSERT INTO `sys_logininfor` VALUES (202, 'admin', '192.168.20.72', 'IP', 'Chrome', 'Windows 10', '0', '', '2023-04-03 10:50:22');
INSERT INTO `sys_logininfor` VALUES (203, 'admin', '192.168.20.72', 'IP', 'Chrome', 'Windows 10', '0', '', '2023-04-03 11:52:46');
INSERT INTO `sys_logininfor` VALUES (204, 'admin', '127.0.0.1', 'IP', 'Chrome 11', 'Windows 10', '0', '', '2023-04-03 14:09:25');
INSERT INTO `sys_logininfor` VALUES (205, 'admin', '192.168.20.91', 'IP', 'Chrome 11', 'Windows 10', '0', '', '2023-04-03 17:35:49');
INSERT INTO `sys_logininfor` VALUES (206, 'admin', '192.168.20.91', 'IP', 'Chrome 11', 'Windows 10', '0', '', '2023-04-03 18:19:54');
INSERT INTO `sys_logininfor` VALUES (207, 'admin', '127.0.0.1', 'IP', 'Chrome 11', 'Windows 10', '0', '', '2023-04-03 18:32:51');
INSERT INTO `sys_logininfor` VALUES (208, 'admin', '192.168.20.91', 'IP', 'Chrome 11', 'Windows 10', '0', '', '2023-04-03 18:59:11');
INSERT INTO `sys_logininfor` VALUES (209, 'admin', '192.168.20.91', 'IP', 'Chrome 11', 'Windows 10', '0', '', '2023-04-03 20:37:20');
INSERT INTO `sys_logininfor` VALUES (210, 'admin', '192.168.20.91', 'IP', 'Chrome 11', 'Windows 10', '0', '', '2023-04-03 22:27:02');
INSERT INTO `sys_logininfor` VALUES (211, 'admin', '127.0.0.1', 'IP', 'Chrome 11', 'Windows 10', '0', '', '2023-04-04 10:03:18');
INSERT INTO `sys_logininfor` VALUES (212, 'admin', '127.0.0.1', 'IP', 'Chrome 11', 'Windows 10', '0', '', '2023-04-04 10:20:25');
INSERT INTO `sys_logininfor` VALUES (213, 'admin', '192.168.20.72', 'IP', 'Chrome', 'Windows 10', '0', '', '2023-04-04 11:31:42');
INSERT INTO `sys_logininfor` VALUES (214, 'admin', '192.168.20.91', 'IP', 'Chrome 11', 'Windows 10', '0', '', '2023-04-04 11:45:54');
INSERT INTO `sys_logininfor` VALUES (215, 'admin', '192.168.20.72', 'IP', 'Chrome 11', 'Windows 10', '0', '', '2023-04-04 14:38:19');
INSERT INTO `sys_logininfor` VALUES (216, 'admin', '127.0.0.1', 'IP', 'Chrome 11', 'Windows 10', '0', '', '2023-04-04 14:53:26');
INSERT INTO `sys_logininfor` VALUES (217, 'admin', '127.0.0.1', 'IP', 'Chrome 11', 'Windows 10', '0', '', '2023-04-04 15:48:32');
INSERT INTO `sys_logininfor` VALUES (218, 'admin', '127.0.0.1', 'IP', 'Chrome 11', 'Windows 10', '0', '', '2023-04-04 16:42:13');
INSERT INTO `sys_logininfor` VALUES (219, 'admin', '127.0.0.1', 'IP', 'Chrome 11', 'Windows 10', '0', '', '2023-04-05 15:34:35');
INSERT INTO `sys_logininfor` VALUES (220, 'admin', '127.0.0.1', 'IP', 'Chrome 11', 'Windows 10', '0', '', '2023-04-06 13:41:31');
INSERT INTO `sys_logininfor` VALUES (221, 'admin', '127.0.0.1', 'IP', 'Chrome 11', 'Windows 10', '0', '', '2023-04-06 15:17:26');
INSERT INTO `sys_logininfor` VALUES (222, 'admin', '127.0.0.1', 'IP', 'Chrome 11', 'Windows 10', '0', '', '2023-04-06 17:54:44');
INSERT INTO `sys_logininfor` VALUES (223, 'admin', '192.168.20.72', 'IP', 'Chrome', 'Windows 10', '0', '', '2023-04-06 23:20:33');
INSERT INTO `sys_logininfor` VALUES (224, 'admin', '192.168.20.72', 'IP', 'Chrome', 'Windows 10', '0', '', '2023-04-07 00:09:32');
INSERT INTO `sys_logininfor` VALUES (225, 'admin', '127.0.0.1', 'IP', 'Chrome 11', 'Windows 10', '0', '', '2023-04-07 09:22:54');
INSERT INTO `sys_logininfor` VALUES (226, 'admin', '127.0.0.1', 'IP', 'Chrome 11', 'Windows 10', '0', '', '2023-04-07 10:27:38');
INSERT INTO `sys_logininfor` VALUES (227, 'admin', '127.0.0.1', 'IP', 'Chrome 11', 'Windows 10', '0', '', '2023-04-07 14:41:30');
INSERT INTO `sys_logininfor` VALUES (228, 'admin', '127.0.0.1', 'IP', 'Chrome 11', 'Windows 10', '0', '', '2023-04-08 08:55:04');
INSERT INTO `sys_logininfor` VALUES (229, 'admin', '127.0.0.1', 'IP', 'Chrome 10', 'Windows 10', '0', '', '2023-04-08 08:56:54');
INSERT INTO `sys_logininfor` VALUES (230, 'admin', '127.0.0.1', 'IP', 'Chrome 10', 'Windows 10', '0', '', '2023-04-08 11:16:46');
INSERT INTO `sys_logininfor` VALUES (231, 'admin', '127.0.0.1', 'IP', 'Chrome 11', 'Windows 10', '0', '', '2023-04-08 14:17:35');
INSERT INTO `sys_logininfor` VALUES (232, 'admin', '192.168.20.72', 'IP', 'Chrome 11', 'Windows 10', '0', '', '2023-04-08 14:28:24');
INSERT INTO `sys_logininfor` VALUES (233, 'admin', '192.168.20.93', 'IP', 'Chrome 11', 'Windows 10', '0', '', '2023-04-08 14:41:23');
INSERT INTO `sys_logininfor` VALUES (234, 'admin', '192.168.20.93', 'IP', 'Chrome 11', 'Windows 10', '0', '', '2023-04-08 14:44:37');
INSERT INTO `sys_logininfor` VALUES (235, 'admin', '192.168.20.93', 'IP', 'Chrome 11', 'Windows 10', '0', '', '2023-04-08 14:45:40');
INSERT INTO `sys_logininfor` VALUES (236, 'admin', '192.168.20.93', 'IP', 'Chrome 11', 'Windows 10', '0', '', '2023-04-08 14:46:06');
INSERT INTO `sys_logininfor` VALUES (237, 'admin', '192.168.20.93', 'IP', 'Chrome 11', 'Windows 10', '0', '', '2023-04-08 16:05:00');
INSERT INTO `sys_logininfor` VALUES (238, 'admin', '192.168.20.93', 'IP', 'Chrome 11', 'Windows 10', '0', '', '2023-04-08 16:05:28');
INSERT INTO `sys_logininfor` VALUES (239, 'admin', '127.0.0.1', 'IP', 'Chrome 11', 'Windows 10', '0', '', '2023-04-08 17:16:42');
INSERT INTO `sys_logininfor` VALUES (240, 'admin', '127.0.0.1', 'IP', 'Chrome 11', 'Windows 10', '0', '', '2023-04-08 19:05:16');
INSERT INTO `sys_logininfor` VALUES (241, 'admin', '192.168.20.72', 'IP', 'Chrome', 'Windows 10', '0', '', '2023-04-08 19:27:48');
INSERT INTO `sys_logininfor` VALUES (242, 'admin', '192.168.20.72', 'IP', 'Chrome', 'Windows 10', '0', '', '2023-04-08 19:43:10');
INSERT INTO `sys_logininfor` VALUES (243, 'admin', '192.168.20.72', 'IP', 'Chrome', 'Windows 10', '0', '', '2023-04-08 19:56:38');
INSERT INTO `sys_logininfor` VALUES (244, 'admin', '192.168.20.72', 'IP', 'Chrome', 'Windows 10', '0', '', '2023-04-08 21:05:50');
INSERT INTO `sys_logininfor` VALUES (245, 'admin', '192.168.20.91', 'IP', 'Chrome 11', 'Windows 10', '0', '', '2023-04-08 21:17:02');
INSERT INTO `sys_logininfor` VALUES (246, 'admin', '192.168.20.91', 'IP', 'Chrome 11', 'Windows 10', '0', '', '2023-04-08 22:01:39');
INSERT INTO `sys_logininfor` VALUES (247, 'admin', '192.168.20.91', 'IP', 'Chrome 11', 'Windows 10', '0', '', '2023-04-09 10:14:14');
INSERT INTO `sys_logininfor` VALUES (248, 'admin', '192.168.20.72', 'IP', 'Chrome', 'Windows 10', '0', '', '2023-04-09 10:30:18');
INSERT INTO `sys_logininfor` VALUES (249, 'admin', '192.168.20.91', 'IP', 'Chrome 11', 'Windows 10', '0', '', '2023-04-09 14:24:30');
INSERT INTO `sys_logininfor` VALUES (250, 'admin', '192.168.20.72', 'IP', 'Chrome', 'Windows 10', '0', '', '2023-04-09 14:58:52');
INSERT INTO `sys_logininfor` VALUES (251, 'admin', '192.168.20.91', 'IP', 'Chrome 11', 'Windows 10', '0', '', '2023-04-09 15:26:11');
INSERT INTO `sys_logininfor` VALUES (252, 'admin', '192.168.20.91', 'IP', 'Chrome 11', 'Windows 10', '0', '', '2023-04-09 16:39:45');
INSERT INTO `sys_logininfor` VALUES (253, 'admin', '192.168.20.131', 'IP', 'Chrome 11', 'Windows 10', '0', '', '2023-04-09 17:59:23');
INSERT INTO `sys_logininfor` VALUES (254, 'admin', '127.0.0.1', 'IP', 'Chrome 11', 'Windows 10', '0', '', '2023-04-09 18:16:17');
INSERT INTO `sys_logininfor` VALUES (255, 'admin', '192.168.20.91', 'IP', 'Chrome 11', 'Windows 10', '0', '', '2023-04-09 19:58:43');
INSERT INTO `sys_logininfor` VALUES (256, 'admin', '127.0.0.1', 'IP', 'Chrome 11', 'Windows 10', '0', '', '2023-04-10 08:56:50');
INSERT INTO `sys_logininfor` VALUES (257, 'admin', '127.0.0.1', 'IP', 'Chrome 11', 'Windows 10', '0', '', '2023-04-10 08:58:27');
INSERT INTO `sys_logininfor` VALUES (258, 'admin', '192.168.20.72', 'IP', 'Chrome 11', 'Windows 10', '0', '', '2023-04-10 09:54:54');
INSERT INTO `sys_logininfor` VALUES (259, 'admin', '192.168.20.72', 'IP', 'Chrome 11', 'Windows 10', '0', '', '2023-04-10 11:09:09');
INSERT INTO `sys_logininfor` VALUES (260, 'admin', '127.0.0.1', 'IP', 'Chrome 11', 'Windows 10', '0', '', '2023-04-10 11:18:13');
INSERT INTO `sys_logininfor` VALUES (261, 'admin', '192.168.20.91', 'IP', 'Chrome 11', 'Windows 10', '0', '', '2023-04-10 14:16:17');
INSERT INTO `sys_logininfor` VALUES (262, 'admin', '127.0.0.1', 'IP', 'Chrome 11', 'Windows 10', '0', '', '2023-04-10 15:53:35');
INSERT INTO `sys_logininfor` VALUES (263, 'admin', '127.0.0.1', 'IP', 'Chrome 11', 'Windows 10', '0', '', '2023-04-10 16:05:59');
INSERT INTO `sys_logininfor` VALUES (264, 'xiaoliu', '127.0.0.1', 'IP', 'Chrome 11', 'Windows 10', '1', '1', '2023-04-10 16:06:08');
INSERT INTO `sys_logininfor` VALUES (265, 'xiaoliu', '127.0.0.1', 'IP', 'Chrome 11', 'Windows 10', '1', '/', '2023-04-10 16:06:08');
INSERT INTO `sys_logininfor` VALUES (266, 'xiaoliu', '127.0.0.1', 'IP', 'Chrome 11', 'Windows 10', '0', '', '2023-04-10 16:06:13');
INSERT INTO `sys_logininfor` VALUES (267, 'xiaoliu', '127.0.0.1', 'IP', 'Chrome 11', 'Windows 10', '0', '', '2023-04-10 16:06:38');
INSERT INTO `sys_logininfor` VALUES (268, 'admin', '127.0.0.1', 'IP', 'Chrome 11', 'Windows 10', '0', '', '2023-04-10 16:06:40');
INSERT INTO `sys_logininfor` VALUES (269, 'admin', '127.0.0.1', 'IP', 'Chrome 11', 'Windows 10', '0', '', '2023-04-10 16:07:20');
INSERT INTO `sys_logininfor` VALUES (270, 'xiaoliu', '127.0.0.1', 'IP', 'Chrome 11', 'Windows 10', '0', '', '2023-04-10 16:07:27');
INSERT INTO `sys_logininfor` VALUES (271, 'admin', '127.0.0.1', 'IP', 'Chrome 11', 'Windows 10', '0', '', '2023-04-10 17:14:01');
INSERT INTO `sys_logininfor` VALUES (272, 'admin', '127.0.0.1', 'IP', 'Chrome 11', 'Windows 10', '0', '', '2023-04-10 17:14:06');
INSERT INTO `sys_logininfor` VALUES (273, 'xiaoliu', '127.0.0.1', 'IP', 'Chrome 11', 'Windows 10', '0', '', '2023-04-10 17:14:16');
INSERT INTO `sys_logininfor` VALUES (274, 'xiaoliu', '127.0.0.1', 'IP', 'Chrome 11', 'Windows 10', '0', '', '2023-04-10 17:17:50');
INSERT INTO `sys_logininfor` VALUES (275, 'admin', '127.0.0.1', 'IP', 'Chrome 11', 'Windows 10', '1', '1', '2023-04-10 17:18:01');
INSERT INTO `sys_logininfor` VALUES (276, 'admin', '127.0.0.1', 'IP', 'Chrome 11', 'Windows 10', '1', '/', '2023-04-10 17:18:01');
INSERT INTO `sys_logininfor` VALUES (277, 'admin', '127.0.0.1', 'IP', 'Chrome 11', 'Windows 10', '1', '/', '2023-04-10 17:18:13');
INSERT INTO `sys_logininfor` VALUES (278, 'admin', '127.0.0.1', 'IP', 'Chrome 11', 'Windows 10', '1', '2', '2023-04-10 17:18:13');
INSERT INTO `sys_logininfor` VALUES (279, 'admin', '127.0.0.1', 'IP', 'Chrome 11', 'Windows 10', '0', '', '2023-04-10 17:18:16');
INSERT INTO `sys_logininfor` VALUES (280, 'admin', '127.0.0.1', 'IP', 'Chrome 11', 'Windows 10', '0', '', '2023-04-10 17:19:28');
INSERT INTO `sys_logininfor` VALUES (281, 'xiaoliu', '127.0.0.1', 'IP', 'Chrome 11', 'Windows 10', '0', '', '2023-04-10 17:19:36');
INSERT INTO `sys_logininfor` VALUES (282, 'admin', '127.0.0.1', 'IP', 'Chrome 10', 'Windows 10', '0', '', '2023-04-10 17:25:44');
INSERT INTO `sys_logininfor` VALUES (283, 'xiaoliu', '127.0.0.1', 'IP', 'Chrome 11', 'Windows 10', '0', '', '2023-04-10 17:29:21');
INSERT INTO `sys_logininfor` VALUES (284, 'laoliu', '127.0.0.1', 'IP', 'Chrome 11', 'Windows 10', '0', '', '2023-04-10 17:29:26');
INSERT INTO `sys_logininfor` VALUES (285, 'admin', '127.0.0.1', 'IP', 'Chrome 10', 'Windows 10', '0', '', '2023-04-10 17:58:22');
INSERT INTO `sys_logininfor` VALUES (286, 'admin', '192.168.20.72', 'IP', 'Chrome', 'Windows 10', '0', '', '2023-04-10 19:25:30');
INSERT INTO `sys_logininfor` VALUES (287, 'laoliu', '127.0.0.1', 'IP', 'Chrome 11', 'Windows 10', '0', '', '2023-04-10 19:27:33');
INSERT INTO `sys_logininfor` VALUES (288, 'admin', '192.168.20.72', 'IP', 'Chrome', 'Windows 10', '0', '', '2023-04-10 19:58:47');
INSERT INTO `sys_logininfor` VALUES (289, 'admin', '127.0.0.1', 'IP', 'Chrome 11', 'Windows 10', '0', '', '2023-04-10 21:07:51');
INSERT INTO `sys_logininfor` VALUES (290, 'admin', '127.0.0.1', 'IP', 'Chrome 10', 'Windows 10', '0', '', '2023-04-10 21:38:32');
INSERT INTO `sys_logininfor` VALUES (291, 'admin', '127.0.0.1', 'IP', 'Chrome 11', 'Windows 10', '0', '', '2023-04-10 21:39:24');
INSERT INTO `sys_logininfor` VALUES (292, 'liujun', '192.168.20.72', 'IP', 'Chrome', 'Windows 10', '1', 'liujun ', '2023-04-10 21:42:06');
INSERT INTO `sys_logininfor` VALUES (293, 'lijun', '192.168.20.72', 'IP', 'Chrome', 'Windows 10', '1', 'lijun ', '2023-04-10 21:42:16');
INSERT INTO `sys_logininfor` VALUES (294, 'liujun', '192.168.20.72', 'IP', 'Chrome', 'Windows 10', '1', 'liujun ', '2023-04-10 21:42:25');
INSERT INTO `sys_logininfor` VALUES (295, 'liujun', '192.168.20.72', 'IP', 'Chrome', 'Windows 10', '1', 'liujun ', '2023-04-10 21:42:27');
INSERT INTO `sys_logininfor` VALUES (296, 'admin', '127.0.0.1', 'IP', 'Chrome 11', 'Windows 10', '0', '', '2023-04-10 21:45:35');
INSERT INTO `sys_logininfor` VALUES (297, 'admin', '192.168.20.72', 'IP', 'Chrome', 'Windows 10', '0', '', '2023-04-10 21:46:00');
INSERT INTO `sys_logininfor` VALUES (298, 'admin', '127.0.0.1', 'IP', 'Chrome 11', 'Windows 10', '0', '', '2023-04-10 22:03:10');
INSERT INTO `sys_logininfor` VALUES (299, 'xiaoliu', '127.0.0.1', 'IP', 'Chrome 11', 'Windows 10', '0', '', '2023-04-10 22:03:20');
INSERT INTO `sys_logininfor` VALUES (300, 'xiaoliu', '127.0.0.1', 'IP', 'Chrome 11', 'Windows 10', '0', '', '2023-04-10 22:04:14');
INSERT INTO `sys_logininfor` VALUES (301, 'admin', '127.0.0.1', 'IP', 'Chrome 11', 'Windows 10', '0', '', '2023-04-10 22:04:25');
INSERT INTO `sys_logininfor` VALUES (302, 'admin', '127.0.0.1', 'IP', 'Chrome 11', 'Windows 10', '0', '', '2023-04-10 22:04:48');
INSERT INTO `sys_logininfor` VALUES (303, '', '127.0.0.1', 'IP', 'Chrome 11', 'Windows 10', '1', ' ', '2023-04-10 22:04:58');
INSERT INTO `sys_logininfor` VALUES (304, 'xiaoliu', '127.0.0.1', 'IP', 'Chrome 11', 'Windows 10', '0', '', '2023-04-10 22:05:08');
INSERT INTO `sys_logininfor` VALUES (305, 'xiaoliu', '127.0.0.1', 'IP', 'Chrome 11', 'Windows 10', '0', '', '2023-04-10 22:21:43');
INSERT INTO `sys_logininfor` VALUES (306, 'admin', '127.0.0.1', 'IP', 'Chrome 11', 'Windows 10', '0', '', '2023-04-10 22:22:00');
INSERT INTO `sys_logininfor` VALUES (307, 'admin', '127.0.0.1', 'IP', 'Chrome 11', 'Windows 10', '0', '', '2023-04-11 08:56:50');
INSERT INTO `sys_logininfor` VALUES (308, 'admin', '192.168.20.172', 'IP', 'Chrome 11', 'Windows 10', '0', '', '2023-04-11 09:43:10');
INSERT INTO `sys_logininfor` VALUES (309, 'admin', '127.0.0.1', 'IP', 'Chrome 11', 'Windows 10', '0', '', '2023-04-11 10:26:15');
INSERT INTO `sys_logininfor` VALUES (310, 'admin', '127.0.0.1', 'IP', 'Chrome 11', 'Windows 10', '0', '', '2023-04-11 10:28:13');
INSERT INTO `sys_logininfor` VALUES (311, 'xiaoliu', '127.0.0.1', 'IP', 'Chrome 11', 'Windows 10', '0', '', '2023-04-11 10:28:23');
INSERT INTO `sys_logininfor` VALUES (312, 'xiaoliu', '127.0.0.1', 'IP', 'Chrome 11', 'Windows 10', '0', '', '2023-04-11 10:39:18');
INSERT INTO `sys_logininfor` VALUES (313, 'admin', '127.0.0.1', 'IP', 'Chrome 11', 'Windows 10', '0', '', '2023-04-11 10:39:25');
INSERT INTO `sys_logininfor` VALUES (314, 'admin', '127.0.0.1', 'IP', 'Chrome 11', 'Windows 10', '0', '', '2023-04-11 10:40:22');
INSERT INTO `sys_logininfor` VALUES (315, 'xiaoliu', '127.0.0.1', 'IP', 'Chrome 11', 'Windows 10', '1', '1', '2023-04-11 10:40:27');
INSERT INTO `sys_logininfor` VALUES (316, 'xiaoliu', '127.0.0.1', 'IP', 'Chrome 11', 'Windows 10', '1', '/', '2023-04-11 10:40:27');
INSERT INTO `sys_logininfor` VALUES (317, 'xiaoliu', '127.0.0.1', 'IP', 'Chrome 11', 'Windows 10', '0', '', '2023-04-11 10:40:33');
INSERT INTO `sys_logininfor` VALUES (318, 'xiaoliu', '127.0.0.1', 'IP', 'Chrome 11', 'Windows 10', '0', '', '2023-04-11 10:41:14');
INSERT INTO `sys_logininfor` VALUES (319, 'laoliu', '127.0.0.1', 'IP', 'Chrome 11', 'Windows 10', '0', '', '2023-04-11 10:41:19');
INSERT INTO `sys_logininfor` VALUES (320, 'admin', '192.168.20.72', 'IP', 'Chrome', 'Windows 10', '1', '/', '2023-04-11 10:47:55');
INSERT INTO `sys_logininfor` VALUES (321, 'admin', '192.168.20.72', 'IP', 'Chrome', 'Windows 10', '1', '1', '2023-04-11 10:47:55');
INSERT INTO `sys_logininfor` VALUES (322, 'admin', '192.168.20.72', 'IP', 'Chrome', 'Windows 10', '0', '', '2023-04-11 10:48:01');
INSERT INTO `sys_logininfor` VALUES (323, 'laoliu', '127.0.0.1', 'IP', 'Chrome 11', 'Windows 10', '0', '', '2023-04-11 11:49:47');
INSERT INTO `sys_logininfor` VALUES (324, 'laoliu', '127.0.0.1', 'IP', 'Chrome 11', 'Windows 10', '0', '', '2023-04-11 11:49:58');
INSERT INTO `sys_logininfor` VALUES (325, 'admin', '127.0.0.1', 'IP', 'Chrome 11', 'Windows 10', '0', '', '2023-04-11 11:50:05');
INSERT INTO `sys_logininfor` VALUES (326, 'admin', '127.0.0.1', 'IP', 'Chrome 11', 'Windows 10', '0', '', '2023-04-11 11:54:53');
INSERT INTO `sys_logininfor` VALUES (327, 'xiaoliu', '127.0.0.1', 'IP', 'Chrome 11', 'Windows 10', '0', '', '2023-04-11 11:54:59');
INSERT INTO `sys_logininfor` VALUES (328, 'admin', '127.0.0.1', 'IP', 'Chrome 11', 'Windows 10', '0', '', '2023-04-11 14:17:29');
INSERT INTO `sys_logininfor` VALUES (329, 'admin', '127.0.0.1', 'IP', 'Chrome 11', 'Windows 10', '0', '', '2023-04-11 14:19:00');
INSERT INTO `sys_logininfor` VALUES (330, 'xiaoliu', '127.0.0.1', 'IP', 'Chrome 11', 'Windows 10', '0', '', '2023-04-11 14:19:06');
INSERT INTO `sys_logininfor` VALUES (331, 'admin', '127.0.0.1', 'IP', 'Chrome 11', 'Windows 10', '0', '', '2023-04-11 15:47:02');
INSERT INTO `sys_logininfor` VALUES (332, 'admin', '127.0.0.1', 'IP', 'Chrome 11', 'Windows 10', '0', '', '2023-04-11 16:28:59');
INSERT INTO `sys_logininfor` VALUES (333, 'admin', '127.0.0.1', 'IP', 'Chrome 11', 'Windows 10', '0', '', '2023-04-11 16:29:04');
INSERT INTO `sys_logininfor` VALUES (334, 'admin', '127.0.0.1', 'IP', 'Chrome 11', 'Windows 10', '0', '', '2023-04-11 16:29:52');
INSERT INTO `sys_logininfor` VALUES (335, 'xiaoliu', '127.0.0.1', 'IP', 'Chrome 11', 'Windows 10', '0', '', '2023-04-11 16:29:57');
INSERT INTO `sys_logininfor` VALUES (336, 'admin', '192.168.20.72', 'IP', 'Chrome', 'Windows 10', '1', '1', '2023-04-11 21:00:14');
INSERT INTO `sys_logininfor` VALUES (337, 'admin', '192.168.20.72', 'IP', 'Chrome', 'Windows 10', '1', '/', '2023-04-11 21:00:14');
INSERT INTO `sys_logininfor` VALUES (338, 'admin', '192.168.20.72', 'IP', 'Chrome', 'Windows 10', '0', '', '2023-04-11 21:00:18');
INSERT INTO `sys_logininfor` VALUES (339, 'admin', '127.0.0.1', 'IP', 'Chrome 11', 'Windows 10', '1', '1', '2023-11-17 11:30:00');
INSERT INTO `sys_logininfor` VALUES (340, 'admin', '127.0.0.1', 'IP', 'Chrome 11', 'Windows 10', '1', '/', '2023-11-17 11:30:00');
INSERT INTO `sys_logininfor` VALUES (341, 'admin', '127.0.0.1', 'IP', 'Chrome 11', 'Windows 10', '1', '2', '2023-11-17 11:30:21');
INSERT INTO `sys_logininfor` VALUES (342, 'admin', '127.0.0.1', 'IP', 'Chrome 11', 'Windows 10', '1', '/', '2023-11-17 11:30:21');
INSERT INTO `sys_logininfor` VALUES (343, 'ry', '127.0.0.1', 'IP', 'Chrome 11', 'Windows 10', '1', '1', '2023-11-17 11:30:37');
INSERT INTO `sys_logininfor` VALUES (344, 'ry', '127.0.0.1', 'IP', 'Chrome 11', 'Windows 10', '1', '/', '2023-11-17 11:30:37');
INSERT INTO `sys_logininfor` VALUES (345, 'ry', '127.0.0.1', 'IP', 'Chrome 11', 'Windows 10', '1', '/', '2023-11-17 11:30:40');
INSERT INTO `sys_logininfor` VALUES (346, 'ry', '127.0.0.1', 'IP', 'Chrome 11', 'Windows 10', '1', '2', '2023-11-17 11:30:40');
INSERT INTO `sys_logininfor` VALUES (347, 'ruoyi', '127.0.0.1', 'IP', 'Chrome 11', 'Windows 10', '1', 'ruoyi ', '2023-11-17 11:31:15');
INSERT INTO `sys_logininfor` VALUES (348, 'ruoyi', '127.0.0.1', 'IP', 'Chrome 11', 'Windows 10', '1', 'ruoyi ', '2023-11-17 11:31:16');
INSERT INTO `sys_logininfor` VALUES (349, 'admin', '127.0.0.1', 'IP', 'Chrome 11', 'Windows 10', '1', '3', '2023-11-17 11:33:36');
INSERT INTO `sys_logininfor` VALUES (350, 'admin', '127.0.0.1', 'IP', 'Chrome 11', 'Windows 10', '1', '/', '2023-11-17 11:33:36');
INSERT INTO `sys_logininfor` VALUES (351, 'admin', '127.0.0.1', 'IP', 'Chrome 11', 'Windows 10', '1', '/', '2023-11-17 11:33:41');
INSERT INTO `sys_logininfor` VALUES (352, 'admin', '127.0.0.1', 'IP', 'Chrome 11', 'Windows 10', '1', '4', '2023-11-17 11:33:41');
INSERT INTO `sys_logininfor` VALUES (353, 'admin', '127.0.0.1', 'IP', 'Chrome 11', 'Windows 10', '1', '5', '2023-11-17 11:35:57');
INSERT INTO `sys_logininfor` VALUES (354, 'admin', '127.0.0.1', 'IP', 'Chrome 11', 'Windows 10', '1', '/', '2023-11-17 11:35:57');
INSERT INTO `sys_logininfor` VALUES (355, 'admin', '127.0.0.1', 'IP', 'Chrome 11', 'Windows 10', '1', '510', '2023-11-17 11:36:09');
INSERT INTO `sys_logininfor` VALUES (356, 'admin', '127.0.0.1', 'IP', 'Chrome 11', 'Windows 10', '1', '510', '2023-11-17 11:36:09');
INSERT INTO `sys_logininfor` VALUES (357, 'admin', '127.0.0.1', 'IP', 'Chrome 11', 'Windows 10', '1', '/', '2023-11-17 13:07:58');
INSERT INTO `sys_logininfor` VALUES (358, 'admin', '127.0.0.1', 'IP', 'Chrome 11', 'Windows 10', '1', '1', '2023-11-17 13:07:58');
INSERT INTO `sys_logininfor` VALUES (359, 'admin', '127.0.0.1', 'IP', 'Chrome 11', 'Windows 10', '1', '/', '2023-11-17 13:11:31');
INSERT INTO `sys_logininfor` VALUES (360, 'admin', '127.0.0.1', 'IP', 'Chrome 11', 'Windows 10', '1', '2', '2023-11-17 13:11:31');
INSERT INTO `sys_logininfor` VALUES (361, 'admin', '127.0.0.1', 'IP', 'Chrome 11', 'Windows 10', '1', '3', '2023-11-17 13:11:39');
INSERT INTO `sys_logininfor` VALUES (362, 'admin', '127.0.0.1', 'IP', 'Chrome 11', 'Windows 10', '1', '/', '2023-11-17 13:11:39');
INSERT INTO `sys_logininfor` VALUES (363, 'admin', '127.0.0.1', 'IP', 'Chrome 11', 'Windows 10', '1', '4', '2023-11-17 13:11:43');
INSERT INTO `sys_logininfor` VALUES (364, 'admin', '127.0.0.1', 'IP', 'Chrome 11', 'Windows 10', '1', '/', '2023-11-17 13:11:43');
INSERT INTO `sys_logininfor` VALUES (365, 'xiaobai', '127.0.0.1', 'IP', 'Chrome 11', 'Windows 10', '1', '1', '2023-11-17 13:13:06');
INSERT INTO `sys_logininfor` VALUES (366, 'xiaobai', '127.0.0.1', 'IP', 'Chrome 11', 'Windows 10', '1', '/', '2023-11-17 13:13:06');
INSERT INTO `sys_logininfor` VALUES (367, 'admin', '127.0.0.1', 'IP', 'Chrome 11', 'Windows 10', '1', '5', '2023-11-17 13:18:32');
INSERT INTO `sys_logininfor` VALUES (368, 'admin', '127.0.0.1', 'IP', 'Chrome 11', 'Windows 10', '1', '/', '2023-11-17 13:18:32');
INSERT INTO `sys_logininfor` VALUES (369, 'admin', '127.0.0.1', 'IP', 'Chrome 11', 'Windows 10', '1', 'admin ', '2023-11-17 13:19:30');
INSERT INTO `sys_logininfor` VALUES (370, 'admin', '127.0.0.1', 'IP', 'Chrome 11', 'Windows 10', '1', 'admin ', '2023-11-17 13:19:37');
INSERT INTO `sys_logininfor` VALUES (371, 'admin', '127.0.0.1', 'IP', 'Chrome 11', 'Windows 10', '1', '510', '2023-11-17 13:20:03');
INSERT INTO `sys_logininfor` VALUES (372, 'admin', '127.0.0.1', 'IP', 'Chrome 11', 'Windows 10', '1', '510', '2023-11-17 13:20:03');
INSERT INTO `sys_logininfor` VALUES (373, 'admin', '127.0.0.1', 'IP', 'Chrome 11', 'Windows 10', '1', '510', '2023-11-17 13:20:15');
INSERT INTO `sys_logininfor` VALUES (374, 'admin', '127.0.0.1', 'IP', 'Chrome 11', 'Windows 10', '1', '510', '2023-11-17 13:20:15');
INSERT INTO `sys_logininfor` VALUES (375, 'admin', '127.0.0.1', 'IP', 'Chrome 11', 'Windows 10', '1', '510', '2023-11-17 13:20:28');
INSERT INTO `sys_logininfor` VALUES (376, 'admin', '127.0.0.1', 'IP', 'Chrome 11', 'Windows 10', '1', '510', '2023-11-17 13:20:28');
INSERT INTO `sys_logininfor` VALUES (377, 'admin', '127.0.0.1', 'IP', 'Chrome 11', 'Windows 10', '1', '6', '2023-11-17 13:24:03');
INSERT INTO `sys_logininfor` VALUES (378, 'admin', '127.0.0.1', 'IP', 'Chrome 11', 'Windows 10', '1', '/', '2023-11-17 13:24:03');
INSERT INTO `sys_logininfor` VALUES (379, 'admin', '127.0.0.1', 'IP', 'Chrome 11', 'Windows 10', '1', '7', '2023-11-17 13:24:20');
INSERT INTO `sys_logininfor` VALUES (380, 'admin', '127.0.0.1', 'IP', 'Chrome 11', 'Windows 10', '1', '/', '2023-11-17 13:24:20');
INSERT INTO `sys_logininfor` VALUES (381, 'admin', '127.0.0.1', 'IP', 'Chrome 11', 'Windows 10', '1', '8', '2023-11-17 13:24:21');
INSERT INTO `sys_logininfor` VALUES (382, 'admin', '127.0.0.1', 'IP', 'Chrome 11', 'Windows 10', '1', '/', '2023-11-17 13:24:21');
INSERT INTO `sys_logininfor` VALUES (383, 'admin', '127.0.0.1', 'IP', 'Chrome 11', 'Windows 10', '1', '/', '2023-11-17 13:24:25');
INSERT INTO `sys_logininfor` VALUES (384, 'admin', '127.0.0.1', 'IP', 'Chrome 11', 'Windows 10', '1', '9', '2023-11-17 13:24:25');
INSERT INTO `sys_logininfor` VALUES (385, 'admin', '127.0.0.1', 'IP', 'Chrome 11', 'Windows 10', '0', '', '2023-11-17 13:34:33');
INSERT INTO `sys_logininfor` VALUES (386, 'admin', '127.0.0.1', 'IP', 'Chrome 11', 'Windows 10', '0', '', '2023-11-17 13:37:09');
INSERT INTO `sys_logininfor` VALUES (387, 'admin', '127.0.0.1', 'IP', 'Chrome 11', 'Windows 10', '1', '1', '2023-11-17 13:37:24');
INSERT INTO `sys_logininfor` VALUES (388, 'admin', '127.0.0.1', 'IP', 'Chrome 11', 'Windows 10', '1', '/', '2023-11-17 13:37:24');
INSERT INTO `sys_logininfor` VALUES (389, 'admin', '127.0.0.1', 'IP', 'Chrome 11', 'Windows 10', '0', '', '2023-11-17 13:37:27');
INSERT INTO `sys_logininfor` VALUES (390, 'admin', '127.0.0.1', 'IP', 'Chrome 11', 'Windows 10', '0', '', '2023-11-17 13:40:02');
INSERT INTO `sys_logininfor` VALUES (391, 'admin', '127.0.0.1', 'IP', 'Chrome 11', 'Windows 10', '1', '1', '2023-11-17 13:41:42');
INSERT INTO `sys_logininfor` VALUES (392, 'admin', '127.0.0.1', 'IP', 'Chrome 11', 'Windows 10', '1', '/', '2023-11-17 13:41:42');
INSERT INTO `sys_logininfor` VALUES (393, 'admin', '127.0.0.1', 'IP', 'Chrome 11', 'Windows 10', '0', '', '2023-11-17 13:41:46');
INSERT INTO `sys_logininfor` VALUES (394, 'admin', '127.0.0.1', 'IP', 'Chrome 11', 'Windows 10', '0', '', '2023-11-17 13:44:37');
INSERT INTO `sys_logininfor` VALUES (395, 'admin', '127.0.0.1', 'IP', 'Chrome 11', 'Windows 10', '0', '', '2023-11-17 13:44:45');
INSERT INTO `sys_logininfor` VALUES (396, 'admin', '127.0.0.1', 'IP', 'Chrome 11', 'Windows 10', '0', '', '2023-11-17 13:51:19');
INSERT INTO `sys_logininfor` VALUES (397, 'admin', '127.0.0.1', 'IP', 'Chrome 11', 'Windows 10', '0', '', '2023-11-17 13:51:26');
INSERT INTO `sys_logininfor` VALUES (398, 'admin', '127.0.0.1', 'IP', 'Chrome 11', 'Windows 10', '1', '1', '2023-11-17 13:57:57');
INSERT INTO `sys_logininfor` VALUES (399, 'admin', '127.0.0.1', 'IP', 'Chrome 11', 'Windows 10', '1', '/', '2023-11-17 13:57:57');
INSERT INTO `sys_logininfor` VALUES (400, 'admin', '127.0.0.1', 'IP', 'Chrome 11', 'Windows 10', '0', '', '2023-11-17 13:58:01');
INSERT INTO `sys_logininfor` VALUES (401, 'admin', '127.0.0.1', 'IP', 'Chrome 11', 'Windows 10', '0', '', '2023-11-17 13:58:20');
INSERT INTO `sys_logininfor` VALUES (402, 'admin', '127.0.0.1', 'IP', 'Chrome 11', 'Windows 10', '0', '', '2023-11-17 14:35:12');
INSERT INTO `sys_logininfor` VALUES (403, 'admin', '127.0.0.1', 'IP', 'Chrome 11', 'Windows 10', '0', '', '2023-11-17 14:35:29');
INSERT INTO `sys_logininfor` VALUES (404, 'admin', '127.0.0.1', 'IP', 'Chrome 11', 'Windows 10', '0', '', '2023-11-17 16:44:39');
INSERT INTO `sys_logininfor` VALUES (405, 'admin', '127.0.0.1', 'IP', 'Chrome 11', 'Windows 10', '0', '', '2023-11-17 19:17:05');
INSERT INTO `sys_logininfor` VALUES (406, 'admin', '127.0.0.1', 'IP', 'Chrome 11', 'Windows 10', '0', '', '2023-11-17 19:21:17');
INSERT INTO `sys_logininfor` VALUES (407, 'admin', '127.0.0.1', 'IP', 'Chrome 11', 'Windows 10', '0', '', '2023-11-17 19:24:27');
INSERT INTO `sys_logininfor` VALUES (408, 'admin', '127.0.0.1', 'IP', 'Chrome 11', 'Windows 10', '0', '', '2023-11-17 22:26:00');
INSERT INTO `sys_logininfor` VALUES (409, 'admin', '127.0.0.1', 'IP', 'Chrome 11', 'Windows 10', '0', '', '2023-11-17 23:19:43');
INSERT INTO `sys_logininfor` VALUES (410, 'admin', '127.0.0.1', 'IP', 'Chrome 11', 'Windows 10', '0', '', '2023-11-17 23:19:49');

-- ----------------------------
-- Table structure for sys_menu
-- ----------------------------
DROP TABLE IF EXISTS `sys_menu`;
CREATE TABLE `sys_menu`  (
  `menu_id` bigint(20) NOT NULL AUTO_INCREMENT COMMENT 'ID',
  `menu_name` varchar(50) CHARACTER SET utf8 COLLATE utf8_general_ci NOT NULL COMMENT '',
  `parent_id` bigint(20) NULL DEFAULT 0 COMMENT 'ID',
  `order_num` int(4) NULL DEFAULT 0 COMMENT '',
  `path` varchar(200) CHARACTER SET utf8 COLLATE utf8_general_ci NULL DEFAULT '' COMMENT '',
  `component` varchar(255) CHARACTER SET utf8 COLLATE utf8_general_ci NULL DEFAULT NULL COMMENT '',
  `query` varchar(255) CHARACTER SET utf8 COLLATE utf8_general_ci NULL DEFAULT NULL COMMENT '',
  `is_frame` int(1) NULL DEFAULT 1 COMMENT '0 1',
  `is_cache` int(1) NULL DEFAULT 0 COMMENT '0 1',
  `menu_type` char(1) CHARACTER SET utf8 COLLATE utf8_general_ci NULL DEFAULT '' COMMENT 'M C F',
  `visible` char(1) CHARACTER SET utf8 COLLATE utf8_general_ci NULL DEFAULT '0' COMMENT '0 1',
  `status` char(1) CHARACTER SET utf8 COLLATE utf8_general_ci NULL DEFAULT '0' COMMENT '0 1',
  `perms` varchar(100) CHARACTER SET utf8 COLLATE utf8_general_ci NULL DEFAULT NULL COMMENT '',
  `icon` varchar(100) CHARACTER SET utf8 COLLATE utf8_general_ci NULL DEFAULT '#' COMMENT '',
  `create_by` varchar(64) CHARACTER SET utf8 COLLATE utf8_general_ci NULL DEFAULT '' COMMENT '',
  `create_time` datetime NULL DEFAULT NULL COMMENT '',
  `update_by` varchar(64) CHARACTER SET utf8 COLLATE utf8_general_ci NULL DEFAULT '' COMMENT '',
  `update_time` datetime NULL DEFAULT NULL COMMENT '',
  `remark` varchar(500) CHARACTER SET utf8 COLLATE utf8_general_ci NULL DEFAULT '' COMMENT '',
  PRIMARY KEY (`menu_id`) USING BTREE
) ENGINE = InnoDB AUTO_INCREMENT = 2046 CHARACTER SET = utf8 COLLATE = utf8_general_ci COMMENT = '' ROW_FORMAT = Dynamic;

-- ----------------------------
-- Records of sys_menu
-- ----------------------------
INSERT INTO `sys_menu` VALUES (1, '', 0, 5, 'system', NULL, '', 1, 0, 'M', '0', '0', '', 'system', 'admin', '2023-03-27 10:35:43', 'admin', '2023-04-04 17:07:59', '');
INSERT INTO `sys_menu` VALUES (2, '', 0, 10, 'monitor', NULL, '', 1, 0, 'M', '0', '0', '', 'monitor', 'admin', '2023-03-27 10:35:43', 'admin', '2023-04-04 17:08:04', '');
INSERT INTO `sys_menu` VALUES (3, '', 0, 15, 'tool', NULL, '', 1, 0, 'M', '0', '0', '', 'tool', 'admin', '2023-03-27 10:35:43', 'admin', '2023-04-04 17:08:11', '');
INSERT INTO `sys_menu` VALUES (4, '', 0, 20, 'https://mirrorseek.com', NULL, '', 0, 0, 'M', '0', '0', '', 'international', 'admin', '2023-03-27 10:35:43', 'admin', '2023-11-17 20:45:53', '');
INSERT INTO `sys_menu` VALUES (100, '', 1, 1, 'user', 'system/user/index', '', 1, 0, 'C', '0', '0', 'system:user:list', 'user', 'admin', '2023-03-27 10:35:43', '', NULL, '');
INSERT INTO `sys_menu` VALUES (101, '', 1, 2, 'role', 'system/role/index', '', 1, 0, 'C', '0', '0', 'system:role:list', 'peoples', 'admin', '2023-03-27 10:35:43', '', NULL, '');
INSERT INTO `sys_menu` VALUES (102, '', 1, 3, 'menu', 'system/menu/index', '', 1, 0, 'C', '0', '0', 'system:menu:list', 'tree-table', 'admin', '2023-03-27 10:35:43', '', NULL, '');
INSERT INTO `sys_menu` VALUES (103, '', 1, 4, 'dept', 'system/dept/index', '', 1, 0, 'C', '0', '0', 'system:dept:list', 'tree', 'admin', '2023-03-27 10:35:43', '', NULL, '');
INSERT INTO `sys_menu` VALUES (104, '', 1, 5, 'post', 'system/post/index', '', 1, 0, 'C', '0', '0', 'system:post:list', 'post', 'admin', '2023-03-27 10:35:43', '', NULL, '');
INSERT INTO `sys_menu` VALUES (105, '', 1, 6, 'dict', 'system/dict/index', '', 1, 0, 'C', '0', '0', 'system:dict:list', 'dict', 'admin', '2023-03-27 10:35:43', '', NULL, '');
INSERT INTO `sys_menu` VALUES (106, '', 1, 7, 'config', 'system/config/index', '', 1, 0, 'C', '0', '0', 'system:config:list', 'edit', 'admin', '2023-03-27 10:35:43', '', NULL, '');
INSERT INTO `sys_menu` VALUES (107, '', 1, 8, 'notice', 'system/notice/index', '', 1, 0, 'C', '0', '0', 'system:notice:list', 'message', 'admin', '2023-03-27 10:35:43', '', NULL, '');
INSERT INTO `sys_menu` VALUES (108, '', 1, 9, 'log', '', '', 1, 0, 'M', '0', '0', '', 'log', 'admin', '2023-03-27 10:35:43', '', NULL, '');
INSERT INTO `sys_menu` VALUES (109, '', 2, 1, 'online', 'monitor/online/index', '', 1, 0, 'C', '0', '0', 'monitor:online:list', 'online', 'admin', '2023-03-27 10:35:43', '', NULL, '');
INSERT INTO `sys_menu` VALUES (110, '', 2, 2, 'job', 'monitor/job/index', '', 1, 0, 'C', '0', '0', 'monitor:job:list', 'job', 'admin', '2023-03-27 10:35:43', '', NULL, '');
INSERT INTO `sys_menu` VALUES (111, '', 2, 3, 'druid', 'monitor/druid/index', '', 1, 0, 'C', '0', '0', 'monitor:druid:list', 'druid', 'admin', '2023-03-27 10:35:43', '', NULL, '');
INSERT INTO `sys_menu` VALUES (112, '', 2, 4, 'server', 'monitor/server/index', '', 1, 0, 'C', '0', '0', 'monitor:server:list', 'server', 'admin', '2023-03-27 10:35:43', '', NULL, '');
INSERT INTO `sys_menu` VALUES (113, '', 2, 5, 'cache', 'monitor/cache/index', '', 1, 0, 'C', '0', '0', 'monitor:cache:list', 'redis', 'admin', '2023-03-27 10:35:43', '', NULL, '');
INSERT INTO `sys_menu` VALUES (114, '', 2, 6, 'cacheList', 'monitor/cache/list', '', 1, 0, 'C', '0', '0', 'monitor:cache:list', 'redis-list', 'admin', '2023-03-27 10:35:43', '', NULL, '');
INSERT INTO `sys_menu` VALUES (115, '', 3, 1, 'build', 'tool/build/index', '', 1, 0, 'C', '0', '0', 'tool:build:list', 'build', 'admin', '2023-03-27 10:35:43', '', NULL, '');
INSERT INTO `sys_menu` VALUES (116, '', 3, 2, 'gen', 'tool/gen/index', '', 1, 0, 'C', '0', '0', 'tool:gen:list', 'code', 'admin', '2023-03-27 10:35:43', '', NULL, '');
INSERT INTO `sys_menu` VALUES (117, '', 3, 3, 'swagger', 'tool/swagger/index', '', 1, 0, 'C', '0', '0', 'tool:swagger:list', 'swagger', 'admin', '2023-03-27 10:35:43', '', NULL, '');
INSERT INTO `sys_menu` VALUES (500, '', 108, 1, 'operlog', 'monitor/operlog/index', '', 1, 0, 'C', '0', '0', 'monitor:operlog:list', 'form', 'admin', '2023-03-27 10:35:43', '', NULL, '');
INSERT INTO `sys_menu` VALUES (501, '', 108, 2, 'logininfor', 'monitor/logininfor/index', '', 1, 0, 'C', '0', '0', 'monitor:logininfor:list', 'logininfor', 'admin', '2023-03-27 10:35:43', '', NULL, '');
INSERT INTO `sys_menu` VALUES (1000, '', 100, 1, '', '', '', 1, 0, 'F', '0', '0', 'system:user:query', '#', 'admin', '2023-03-27 10:35:43', '', NULL, '');
INSERT INTO `sys_menu` VALUES (1001, '', 100, 2, '', '', '', 1, 0, 'F', '0', '0', 'system:user:add', '#', 'admin', '2023-03-27 10:35:43', '', NULL, '');
INSERT INTO `sys_menu` VALUES (1002, '', 100, 3, '', '', '', 1, 0, 'F', '0', '0', 'system:user:edit', '#', 'admin', '2023-03-27 10:35:43', '', NULL, '');
INSERT INTO `sys_menu` VALUES (1003, '', 100, 4, '', '', '', 1, 0, 'F', '0', '0', 'system:user:remove', '#', 'admin', '2023-03-27 10:35:43', '', NULL, '');
INSERT INTO `sys_menu` VALUES (1004, '', 100, 5, '', '', '', 1, 0, 'F', '0', '0', 'system:user:export', '#', 'admin', '2023-03-27 10:35:43', '', NULL, '');
INSERT INTO `sys_menu` VALUES (1005, '', 100, 6, '', '', '', 1, 0, 'F', '0', '0', 'system:user:import', '#', 'admin', '2023-03-27 10:35:43', '', NULL, '');
INSERT INTO `sys_menu` VALUES (1006, '', 100, 7, '', '', '', 1, 0, 'F', '0', '0', 'system:user:resetPwd', '#', 'admin', '2023-03-27 10:35:43', '', NULL, '');
INSERT INTO `sys_menu` VALUES (1007, '', 101, 1, '', '', '', 1, 0, 'F', '0', '0', 'system:role:query', '#', 'admin', '2023-03-27 10:35:43', '', NULL, '');
INSERT INTO `sys_menu` VALUES (1008, '', 101, 2, '', '', '', 1, 0, 'F', '0', '0', 'system:role:add', '#', 'admin', '2023-03-27 10:35:43', '', NULL, '');
INSERT INTO `sys_menu` VALUES (1009, '', 101, 3, '', '', '', 1, 0, 'F', '0', '0', 'system:role:edit', '#', 'admin', '2023-03-27 10:35:43', '', NULL, '');
INSERT INTO `sys_menu` VALUES (1010, '', 101, 4, '', '', '', 1, 0, 'F', '0', '0', 'system:role:remove', '#', 'admin', '2023-03-27 10:35:43', '', NULL, '');
INSERT INTO `sys_menu` VALUES (1011, '', 101, 5, '', '', '', 1, 0, 'F', '0', '0', 'system:role:export', '#', 'admin', '2023-03-27 10:35:43', '', NULL, '');
INSERT INTO `sys_menu` VALUES (1012, '', 102, 1, '', '', '', 1, 0, 'F', '0', '0', 'system:menu:query', '#', 'admin', '2023-03-27 10:35:43', '', NULL, '');
INSERT INTO `sys_menu` VALUES (1013, '', 102, 2, '', '', '', 1, 0, 'F', '0', '0', 'system:menu:add', '#', 'admin', '2023-03-27 10:35:43', '', NULL, '');
INSERT INTO `sys_menu` VALUES (1014, '', 102, 3, '', '', '', 1, 0, 'F', '0', '0', 'system:menu:edit', '#', 'admin', '2023-03-27 10:35:43', '', NULL, '');
INSERT INTO `sys_menu` VALUES (1015, '', 102, 4, '', '', '', 1, 0, 'F', '0', '0', 'system:menu:remove', '#', 'admin', '2023-03-27 10:35:43', '', NULL, '');
INSERT INTO `sys_menu` VALUES (1016, '', 103, 1, '', '', '', 1, 0, 'F', '0', '0', 'system:dept:query', '#', 'admin', '2023-03-27 10:35:43', '', NULL, '');
INSERT INTO `sys_menu` VALUES (1017, '', 103, 2, '', '', '', 1, 0, 'F', '0', '0', 'system:dept:add', '#', 'admin', '2023-03-27 10:35:43', '', NULL, '');
INSERT INTO `sys_menu` VALUES (1018, '', 103, 3, '', '', '', 1, 0, 'F', '0', '0', 'system:dept:edit', '#', 'admin', '2023-03-27 10:35:43', '', NULL, '');
INSERT INTO `sys_menu` VALUES (1019, '', 103, 4, '', '', '', 1, 0, 'F', '0', '0', 'system:dept:remove', '#', 'admin', '2023-03-27 10:35:43', '', NULL, '');
INSERT INTO `sys_menu` VALUES (1020, '', 104, 1, '', '', '', 1, 0, 'F', '0', '0', 'system:post:query', '#', 'admin', '2023-03-27 10:35:43', '', NULL, '');
INSERT INTO `sys_menu` VALUES (1021, '', 104, 2, '', '', '', 1, 0, 'F', '0', '0', 'system:post:add', '#', 'admin', '2023-03-27 10:35:43', '', NULL, '');
INSERT INTO `sys_menu` VALUES (1022, '', 104, 3, '', '', '', 1, 0, 'F', '0', '0', 'system:post:edit', '#', 'admin', '2023-03-27 10:35:43', '', NULL, '');
INSERT INTO `sys_menu` VALUES (1023, '', 104, 4, '', '', '', 1, 0, 'F', '0', '0', 'system:post:remove', '#', 'admin', '2023-03-27 10:35:43', '', NULL, '');
INSERT INTO `sys_menu` VALUES (1024, '', 104, 5, '', '', '', 1, 0, 'F', '0', '0', 'system:post:export', '#', 'admin', '2023-03-27 10:35:43', '', NULL, '');
INSERT INTO `sys_menu` VALUES (1025, '', 105, 1, '#', '', '', 1, 0, 'F', '0', '0', 'system:dict:query', '#', 'admin', '2023-03-27 10:35:43', '', NULL, '');
INSERT INTO `sys_menu` VALUES (1026, '', 105, 2, '#', '', '', 1, 0, 'F', '0', '0', 'system:dict:add', '#', 'admin', '2023-03-27 10:35:43', '', NULL, '');
INSERT INTO `sys_menu` VALUES (1027, '', 105, 3, '#', '', '', 1, 0, 'F', '0', '0', 'system:dict:edit', '#', 'admin', '2023-03-27 10:35:43', '', NULL, '');
INSERT INTO `sys_menu` VALUES (1028, '', 105, 4, '#', '', '', 1, 0, 'F', '0', '0', 'system:dict:remove', '#', 'admin', '2023-03-27 10:35:43', '', NULL, '');
INSERT INTO `sys_menu` VALUES (1029, '', 105, 5, '#', '', '', 1, 0, 'F', '0', '0', 'system:dict:export', '#', 'admin', '2023-03-27 10:35:43', '', NULL, '');
INSERT INTO `sys_menu` VALUES (1030, '', 106, 1, '#', '', '', 1, 0, 'F', '0', '0', 'system:config:query', '#', 'admin', '2023-03-27 10:35:43', '', NULL, '');
INSERT INTO `sys_menu` VALUES (1031, '', 106, 2, '#', '', '', 1, 0, 'F', '0', '0', 'system:config:add', '#', 'admin', '2023-03-27 10:35:43', '', NULL, '');
INSERT INTO `sys_menu` VALUES (1032, '', 106, 3, '#', '', '', 1, 0, 'F', '0', '0', 'system:config:edit', '#', 'admin', '2023-03-27 10:35:43', '', NULL, '');
INSERT INTO `sys_menu` VALUES (1033, '', 106, 4, '#', '', '', 1, 0, 'F', '0', '0', 'system:config:remove', '#', 'admin', '2023-03-27 10:35:43', '', NULL, '');
INSERT INTO `sys_menu` VALUES (1034, '', 106, 5, '#', '', '', 1, 0, 'F', '0', '0', 'system:config:export', '#', 'admin', '2023-03-27 10:35:43', '', NULL, '');
INSERT INTO `sys_menu` VALUES (1035, '', 107, 1, '#', '', '', 1, 0, 'F', '0', '0', 'system:notice:query', '#', 'admin', '2023-03-27 10:35:43', '', NULL, '');
INSERT INTO `sys_menu` VALUES (1036, '', 107, 2, '#', '', '', 1, 0, 'F', '0', '0', 'system:notice:add', '#', 'admin', '2023-03-27 10:35:43', '', NULL, '');
INSERT INTO `sys_menu` VALUES (1037, '', 107, 3, '#', '', '', 1, 0, 'F', '0', '0', 'system:notice:edit', '#', 'admin', '2023-03-27 10:35:43', '', NULL, '');
INSERT INTO `sys_menu` VALUES (1038, '', 107, 4, '#', '', '', 1, 0, 'F', '0', '0', 'system:notice:remove', '#', 'admin', '2023-03-27 10:35:43', '', NULL, '');
INSERT INTO `sys_menu` VALUES (1039, '', 500, 1, '#', '', '', 1, 0, 'F', '0', '0', 'monitor:operlog:query', '#', 'admin', '2023-03-27 10:35:43', '', NULL, '');
INSERT INTO `sys_menu` VALUES (1040, '', 500, 2, '#', '', '', 1, 0, 'F', '0', '0', 'monitor:operlog:remove', '#', 'admin', '2023-03-27 10:35:43', '', NULL, '');
INSERT INTO `sys_menu` VALUES (1041, '', 500, 3, '#', '', '', 1, 0, 'F', '0', '0', 'monitor:operlog:export', '#', 'admin', '2023-03-27 10:35:43', '', NULL, '');
INSERT INTO `sys_menu` VALUES (1042, '', 501, 1, '#', '', '', 1, 0, 'F', '0', '0', 'monitor:logininfor:query', '#', 'admin', '2023-03-27 10:35:43', '', NULL, '');
INSERT INTO `sys_menu` VALUES (1043, '', 501, 2, '#', '', '', 1, 0, 'F', '0', '0', 'monitor:logininfor:remove', '#', 'admin', '2023-03-27 10:35:43', '', NULL, '');
INSERT INTO `sys_menu` VALUES (1044, '', 501, 3, '#', '', '', 1, 0, 'F', '0', '0', 'monitor:logininfor:export', '#', 'admin', '2023-03-27 10:35:43', '', NULL, '');
INSERT INTO `sys_menu` VALUES (1045, '', 501, 4, '#', '', '', 1, 0, 'F', '0', '0', 'monitor:logininfor:unlock', '#', 'admin', '2023-03-27 10:35:43', '', NULL, '');
INSERT INTO `sys_menu` VALUES (1046, '', 109, 1, '#', '', '', 1, 0, 'F', '0', '0', 'monitor:online:query', '#', 'admin', '2023-03-27 10:35:43', '', NULL, '');
INSERT INTO `sys_menu` VALUES (1047, '', 109, 2, '#', '', '', 1, 0, 'F', '0', '0', 'monitor:online:batchLogout', '#', 'admin', '2023-03-27 10:35:43', '', NULL, '');
INSERT INTO `sys_menu` VALUES (1048, '', 109, 3, '#', '', '', 1, 0, 'F', '0', '0', 'monitor:online:forceLogout', '#', 'admin', '2023-03-27 10:35:43', '', NULL, '');
INSERT INTO `sys_menu` VALUES (1049, '', 110, 1, '#', '', '', 1, 0, 'F', '0', '0', 'monitor:job:query', '#', 'admin', '2023-03-27 10:35:43', '', NULL, '');
INSERT INTO `sys_menu` VALUES (1050, '', 110, 2, '#', '', '', 1, 0, 'F', '0', '0', 'monitor:job:add', '#', 'admin', '2023-03-27 10:35:43', '', NULL, '');
INSERT INTO `sys_menu` VALUES (1051, '', 110, 3, '#', '', '', 1, 0, 'F', '0', '0', 'monitor:job:edit', '#', 'admin', '2023-03-27 10:35:43', '', NULL, '');
INSERT INTO `sys_menu` VALUES (1052, '', 110, 4, '#', '', '', 1, 0, 'F', '0', '0', 'monitor:job:remove', '#', 'admin', '2023-03-27 10:35:43', '', NULL, '');
INSERT INTO `sys_menu` VALUES (1053, '', 110, 5, '#', '', '', 1, 0, 'F', '0', '0', 'monitor:job:changeStatus', '#', 'admin', '2023-03-27 10:35:43', '', NULL, '');
INSERT INTO `sys_menu` VALUES (1054, '', 110, 6, '#', '', '', 1, 0, 'F', '0', '0', 'monitor:job:export', '#', 'admin', '2023-03-27 10:35:43', '', NULL, '');
INSERT INTO `sys_menu` VALUES (1055, '', 116, 1, '#', '', '', 1, 0, 'F', '0', '0', 'tool:gen:query', '#', 'admin', '2023-03-27 10:35:43', '', NULL, '');
INSERT INTO `sys_menu` VALUES (1056, '', 116, 2, '#', '', '', 1, 0, 'F', '0', '0', 'tool:gen:edit', '#', 'admin', '2023-03-27 10:35:43', '', NULL, '');
INSERT INTO `sys_menu` VALUES (1057, '', 116, 3, '#', '', '', 1, 0, 'F', '0', '0', 'tool:gen:remove', '#', 'admin', '2023-03-27 10:35:43', '', NULL, '');
INSERT INTO `sys_menu` VALUES (1058, '', 116, 4, '#', '', '', 1, 0, 'F', '0', '0', 'tool:gen:import', '#', 'admin', '2023-03-27 10:35:43', '', NULL, '');
INSERT INTO `sys_menu` VALUES (1059, '', 116, 5, '#', '', '', 1, 0, 'F', '0', '0', 'tool:gen:preview', '#', 'admin', '2023-03-27 10:35:43', '', NULL, '');
INSERT INTO `sys_menu` VALUES (1060, '', 116, 6, '#', '', '', 1, 0, 'F', '0', '0', 'tool:gen:code', '#', 'admin', '2023-03-27 10:35:43', '', NULL, '');
INSERT INTO `sys_menu` VALUES (2000, '', 0, 0, 'appointment', NULL, NULL, 1, 0, 'M', '0', '0', NULL, 'online', 'admin', '2023-03-27 16:47:11', '', NULL, '');
INSERT INTO `sys_menu` VALUES (2001, '', 2000, 0, 'info', 'business/appointment/info/index', NULL, 1, 0, 'C', '0', '0', 'appointment:info:list', '#', 'admin', '2023-03-27 16:49:47', '', NULL, '');
INSERT INTO `sys_menu` VALUES (2002, '', 2000, 1, 'serviceItem', 'business/appointment/serviceItem/index', NULL, 1, 0, 'C', '0', '0', 'appointment:serviceItem:list', '#', 'admin', '2023-03-27 16:50:53', '', NULL, '');
INSERT INTO `sys_menu` VALUES (2003, '', 2000, 2, 'statement', 'business/appointment/statement/index', NULL, 1, 0, 'C', '0', '0', 'appointment:statement:list', '#', 'admin', '2023-03-27 16:51:58', '', NULL, '');
INSERT INTO `sys_menu` VALUES (2004, '', 2001, 1, '#', '', NULL, 1, 0, 'F', '0', '0', 'appointment:info:query', '#', 'admin', '2023-03-27 17:13:49', '', NULL, '');
INSERT INTO `sys_menu` VALUES (2005, '', 2001, 2, '#', '', NULL, 1, 0, 'F', '0', '0', 'appointment:info:add', '#', 'admin', '2023-03-27 17:13:50', '', NULL, '');
INSERT INTO `sys_menu` VALUES (2006, '', 2001, 3, '#', '', NULL, 1, 0, 'F', '0', '0', 'appointment:info:edit', '#', 'admin', '2023-03-27 17:13:50', '', NULL, '');
INSERT INTO `sys_menu` VALUES (2007, '', 2001, 4, '#', '', NULL, 1, 0, 'F', '0', '0', 'appointment:info:remove', '#', 'admin', '2023-03-27 17:13:50', '', NULL, '');
INSERT INTO `sys_menu` VALUES (2008, '', 2001, 5, '#', '', NULL, 1, 0, 'F', '0', '0', 'appointment:info:export', '#', 'admin', '2023-03-27 17:13:50', '', NULL, '');
INSERT INTO `sys_menu` VALUES (2009, '', 2002, 1, '#', '', NULL, 1, 0, 'F', '0', '0', 'appointment:serviceItem:query', '#', 'admin', '2023-03-30 16:06:13', '', NULL, '');
INSERT INTO `sys_menu` VALUES (2010, '', 2002, 2, '#', '', NULL, 1, 0, 'F', '0', '0', 'appointment:serviceItem:add', '#', 'admin', '2023-03-30 16:06:13', '', NULL, '');
INSERT INTO `sys_menu` VALUES (2011, '', 2002, 3, '#', '', NULL, 1, 0, 'F', '0', '0', 'appointment:serviceItem:edit', '#', 'admin', '2023-03-30 16:06:13', '', NULL, '');
INSERT INTO `sys_menu` VALUES (2012, '', 2002, 4, '#', '', NULL, 1, 0, 'F', '0', '0', 'appointment:serviceItem:remove', '#', 'admin', '2023-03-30 16:06:13', '', NULL, '');
INSERT INTO `sys_menu` VALUES (2013, '', 2002, 5, '#', '', NULL, 1, 0, 'F', '0', '0', 'appointment:serviceItem:export', '#', 'admin', '2023-03-30 16:06:13', '', NULL, '');
INSERT INTO `sys_menu` VALUES (2014, '', 2003, 1, '#', '', NULL, 1, 0, 'F', '0', '0', 'appointment:statement:query', '#', 'admin', '2023-04-01 15:10:37', '', NULL, '');
INSERT INTO `sys_menu` VALUES (2015, '', 2003, 2, '#', '', NULL, 1, 0, 'F', '0', '0', 'appointment:statement:add', '#', 'admin', '2023-04-01 15:10:37', '', NULL, '');
INSERT INTO `sys_menu` VALUES (2016, '', 2003, 3, '#', '', NULL, 1, 0, 'F', '0', '0', 'appointment:statement:edit', '#', 'admin', '2023-04-01 15:10:37', '', NULL, '');
INSERT INTO `sys_menu` VALUES (2017, '', 2003, 4, '#', '', NULL, 1, 0, 'F', '0', '0', 'appointment:statement:remove', '#', 'admin', '2023-04-01 15:10:37', '', NULL, '');
INSERT INTO `sys_menu` VALUES (2018, '', 2003, 5, '#', '', NULL, 1, 0, 'F', '0', '0', 'appointment:statement:export', '#', 'admin', '2023-04-01 15:10:37', '', NULL, '');
INSERT INTO `sys_menu` VALUES (2019, '', 2000, 6, 'statement/item/:statementId(\\d+)', 'business/appointment/statement/item/index', NULL, 1, 0, 'C', '1', '0', '', '#', 'admin', '2023-04-02 10:15:58', 'admin', '2023-04-02 10:20:37', '');
INSERT INTO `sys_menu` VALUES (2020, '', 2001, 3, 'statement/details/:statementId(\\d)', NULL, NULL, 1, 0, 'M', '0', '0', NULL, '#', 'admin', '2023-04-04 10:24:35', '', NULL, '');
INSERT INTO `sys_menu` VALUES (2021, '', 2000, 3, 'statement/details/:statementId(\\d+)', 'business/appointment/statement/item/details', NULL, 1, 0, 'C', '1', '0', '', '#', 'admin', '2023-04-04 10:27:00', 'admin', '2023-04-06 13:53:55', '');
INSERT INTO `sys_menu` VALUES (2022, '', 0, 2, 'flow', NULL, NULL, 1, 0, 'M', '0', '0', NULL, 'component', 'admin', '2023-04-04 17:07:37', '', NULL, '');
INSERT INTO `sys_menu` VALUES (2023, '', 0, 1, 'audit', NULL, NULL, 1, 0, 'M', '0', '0', NULL, 'druid', 'admin', '2023-04-04 17:08:56', '', NULL, '');
INSERT INTO `sys_menu` VALUES (2030, '', 2022, 1, 'bpmnInfo', 'business/flow/bpmnInfo/index', NULL, 1, 0, 'C', '0', '0', 'flow:bpmnInfo:list', '#', 'admin', '2023-04-04 17:13:32', 'admin', '2023-04-06 18:02:44', '');
INSERT INTO `sys_menu` VALUES (2031, '', 2030, 1, '#', '', NULL, 1, 0, 'F', '0', '0', 'flow:bpmnInfo:query', '#', 'admin', '2023-04-04 17:13:32', '', NULL, '');
INSERT INTO `sys_menu` VALUES (2032, '', 2030, 2, '#', '', NULL, 1, 0, 'F', '0', '0', 'flow:bpmnInfo:add', '#', 'admin', '2023-04-04 17:13:32', '', NULL, '');
INSERT INTO `sys_menu` VALUES (2033, '', 2030, 3, '#', '', NULL, 1, 0, 'F', '0', '0', 'flow:bpmnInfo:edit', '#', 'admin', '2023-04-04 17:13:32', '', NULL, '');
INSERT INTO `sys_menu` VALUES (2034, '', 2030, 4, '#', '', NULL, 1, 0, 'F', '0', '0', 'flow:bpmnInfo:remove', '#', 'admin', '2023-04-04 17:13:32', '', NULL, '');
INSERT INTO `sys_menu` VALUES (2035, '', 2030, 5, '#', '', NULL, 1, 0, 'F', '0', '0', 'flow:bpmnInfo:export', '#', 'admin', '2023-04-04 17:13:32', '', NULL, '');
INSERT INTO `sys_menu` VALUES (2036, '', 2023, 1, 'packageInfo', 'business/audit/info/index', NULL, 1, 0, 'C', '0', '0', 'audit:info:list', '#', 'admin', '2023-04-08 11:35:40', 'admin', '2023-04-08 11:44:04', '');
INSERT INTO `sys_menu` VALUES (2037, '', 2036, 1, '#', '', NULL, 1, 0, 'F', '0', '0', 'audit:info:query', '#', 'admin', '2023-04-08 11:35:40', '', NULL, '');
INSERT INTO `sys_menu` VALUES (2038, '', 2036, 2, '#', '', NULL, 1, 0, 'F', '0', '0', 'audit:info:add', '#', 'admin', '2023-04-08 11:35:40', '', NULL, '');
INSERT INTO `sys_menu` VALUES (2039, '', 2036, 3, '#', '', NULL, 1, 0, 'F', '0', '0', 'audit:info:processing', '#', 'admin', '2023-04-08 11:35:40', 'admin', '2023-04-11 16:29:33', '');
INSERT INTO `sys_menu` VALUES (2040, '', 2036, 4, '#', '', NULL, 1, 0, 'F', '0', '0', 'audit:info:remove', '#', 'admin', '2023-04-08 11:35:40', '', NULL, '');
INSERT INTO `sys_menu` VALUES (2041, '', 2036, 5, '#', '', NULL, 1, 0, 'F', '0', '0', 'audit:info:export', '#', 'admin', '2023-04-08 11:35:40', '', NULL, '');
INSERT INTO `sys_menu` VALUES (2042, '', 2023, 2, 'todo', 'business/audit/todo/index', NULL, 1, 0, 'C', '0', '0', 'audit:todo:list', '#', 'admin', '2023-04-10 15:54:24', 'admin', '2023-04-10 15:55:32', '');
INSERT INTO `sys_menu` VALUES (2043, '', 2042, 1, '', NULL, NULL, 1, 0, 'F', '0', '0', 'audit:todo:handle', '#', 'admin', '2023-04-10 17:19:01', '', NULL, '');
INSERT INTO `sys_menu` VALUES (2044, '', 2023, 3, 'done', 'business/audit/done/index', NULL, 1, 0, 'C', '0', '0', 'audit:done:list', '#', 'admin', '2023-04-11 10:27:28', '', NULL, '');
INSERT INTO `sys_menu` VALUES (2045, '', 2036, 6, '', NULL, NULL, 1, 0, 'F', '0', '0', 'audit:info:history', '#', 'admin', '2023-04-11 14:18:38', '', NULL, '');

-- ----------------------------
-- Table structure for sys_notice
-- ----------------------------
DROP TABLE IF EXISTS `sys_notice`;
CREATE TABLE `sys_notice`  (
  `notice_id` int(4) NOT NULL AUTO_INCREMENT COMMENT 'ID',
  `notice_title` varchar(50) CHARACTER SET utf8 COLLATE utf8_general_ci NOT NULL COMMENT '',
  `notice_type` char(1) CHARACTER SET utf8 COLLATE utf8_general_ci NOT NULL COMMENT '1 2',
  `notice_content` longblob NULL COMMENT '',
  `status` char(1) CHARACTER SET utf8 COLLATE utf8_general_ci NULL DEFAULT '0' COMMENT '0 1',
  `create_by` varchar(64) CHARACTER SET utf8 COLLATE utf8_general_ci NULL DEFAULT '' COMMENT '',
  `create_time` datetime NULL DEFAULT NULL COMMENT '',
  `update_by` varchar(64) CHARACTER SET utf8 COLLATE utf8_general_ci NULL DEFAULT '' COMMENT '',
  `update_time` datetime NULL DEFAULT NULL COMMENT '',
  `remark` varchar(255) CHARACTER SET utf8 COLLATE utf8_general_ci NULL DEFAULT NULL COMMENT '',
  PRIMARY KEY (`notice_id`) USING BTREE
) ENGINE = InnoDB AUTO_INCREMENT = 3 CHARACTER SET = utf8 COLLATE = utf8_general_ci COMMENT = '' ROW_FORMAT = Dynamic;

-- ----------------------------
-- Records of sys_notice
-- ----------------------------
INSERT INTO `sys_notice` VALUES (1, '2018-07-01 ', '2', 0xE696B0E78988E69CACE58685E5AEB9, '0', 'admin', '2023-03-27 10:35:46', '', NULL, '');
INSERT INTO `sys_notice` VALUES (2, '2018-07-01 ', '1', 0xE7BBB4E68AA4E58685E5AEB9, '0', 'admin', '2023-03-27 10:35:46', '', NULL, '');

-- ----------------------------
-- Table structure for sys_oper_log
-- ----------------------------
DROP TABLE IF EXISTS `sys_oper_log`;
CREATE TABLE `sys_oper_log`  (
  `oper_id` bigint(20) NOT NULL AUTO_INCREMENT COMMENT '',
  `title` varchar(50) CHARACTER SET utf8 COLLATE utf8_general_ci NULL DEFAULT '' COMMENT '',
  `business_type` int(2) NULL DEFAULT 0 COMMENT '0 1 2 3',
  `method` varchar(100) CHARACTER SET utf8 COLLATE utf8_general_ci NULL DEFAULT '' COMMENT '',
  `request_method` varchar(10) CHARACTER SET utf8 COLLATE utf8_general_ci NULL DEFAULT '' COMMENT '',
  `operator_type` int(1) NULL DEFAULT 0 COMMENT '0 1 2',
  `oper_name` varchar(50) CHARACTER SET utf8 COLLATE utf8_general_ci NULL DEFAULT '' COMMENT '',
  `dept_name` varchar(50) CHARACTER SET utf8 COLLATE utf8_general_ci NULL DEFAULT '' COMMENT '',
  `oper_url` varchar(255) CHARACTER SET utf8 COLLATE utf8_general_ci NULL DEFAULT '' COMMENT 'URL',
  `oper_ip` varchar(128) CHARACTER SET utf8 COLLATE utf8_general_ci NULL DEFAULT '' COMMENT '',
  `oper_location` varchar(255) CHARACTER SET utf8 COLLATE utf8_general_ci NULL DEFAULT '' COMMENT '',
  `oper_param` varchar(2000) CHARACTER SET utf8 COLLATE utf8_general_ci NULL DEFAULT '' COMMENT '',
  `json_result` varchar(2000) CHARACTER SET utf8 COLLATE utf8_general_ci NULL DEFAULT '' COMMENT '',
  `status` int(1) NULL DEFAULT 0 COMMENT '0 1',
  `error_msg` varchar(2000) CHARACTER SET utf8 COLLATE utf8_general_ci NULL DEFAULT '' COMMENT '',
  `oper_time` datetime NULL DEFAULT NULL COMMENT '',
  PRIMARY KEY (`oper_id`) USING BTREE
) ENGINE = InnoDB AUTO_INCREMENT = 467 CHARACTER SET = utf8 COLLATE = utf8_general_ci COMMENT = '' ROW_FORMAT = Dynamic;

-- ----------------------------
-- Records of sys_oper_log
-- ----------------------------
INSERT INTO `sys_oper_log` VALUES (100, '', 2, 'cn.wolfcode.car.web.controller.system.SysMenuController.edit()', 'PUT', 1, 'admin', NULL, '/system/menu', '127.0.0.1', 'IP', '{\"children\":[],\"createTime\":\"2023-03-27 10:35:43\",\"icon\":\"guide\",\"isCache\":\"0\",\"isFrame\":\"0\",\"menuId\":4,\"menuName\":\"e \",\"menuType\":\"M\",\"orderNum\":4,\"params\":{},\"parentId\":0,\"path\":\"http://xue.cnkdl.cn:23683/frontend/home.html\",\"perms\":\"\",\"query\":\"\",\"status\":\"0\",\"updateBy\":\"admin\",\"visible\":\"0\"}', '{\"msg\":\"\",\"code\":200}', 0, NULL, '2023-03-27 11:28:17');
INSERT INTO `sys_oper_log` VALUES (101, '', 2, 'cn.wolfcode.car.web.controller.system.SysConfigController.edit()', 'PUT', 1, 'admin', NULL, '/system/config', '127.0.0.1', 'IP', '{\"configId\":4,\"configKey\":\"sys.account.captchaEnabled\",\"configName\":\"-\",\"configType\":\"Y\",\"configValue\":\"false\",\"createBy\":\"admin\",\"createTime\":\"2023-03-27 10:35:45\",\"params\":{},\"remark\":\"truefalse\",\"updateBy\":\"admin\"}', '{\"msg\":\"\",\"code\":200}', 0, NULL, '2023-03-27 11:51:10');
INSERT INTO `sys_oper_log` VALUES (102, '', 1, 'cn.wolfcode.car.web.controller.system.SysMenuController.add()', 'POST', 1, 'admin', NULL, '/system/menu', '127.0.0.1', 'IP', '{\"children\":[],\"createBy\":\"admin\",\"icon\":\"online\",\"isCache\":\"0\",\"isFrame\":\"1\",\"menuName\":\"\",\"menuType\":\"M\",\"orderNum\":0,\"params\":{},\"parentId\":0,\"path\":\"appointment\",\"status\":\"0\",\"visible\":\"0\"}', '{\"msg\":\"\",\"code\":200}', 0, NULL, '2023-03-27 16:47:11');
INSERT INTO `sys_oper_log` VALUES (103, '', 1, 'cn.wolfcode.car.web.controller.system.SysMenuController.add()', 'POST', 1, 'admin', NULL, '/system/menu', '127.0.0.1', 'IP', '{\"children\":[],\"component\":\"business/appointment/info/index\",\"createBy\":\"admin\",\"isCache\":\"0\",\"isFrame\":\"1\",\"menuName\":\"\",\"menuType\":\"C\",\"orderNum\":0,\"params\":{},\"parentId\":2000,\"path\":\"info\",\"perms\":\"appointment:info:list\",\"status\":\"0\",\"visible\":\"0\"}', '{\"msg\":\"\",\"code\":200}', 0, NULL, '2023-03-27 16:49:47');
INSERT INTO `sys_oper_log` VALUES (104, '', 1, 'cn.wolfcode.car.web.controller.system.SysMenuController.add()', 'POST', 1, 'admin', NULL, '/system/menu', '127.0.0.1', 'IP', '{\"children\":[],\"component\":\"business/appointment/serviceItem/index\",\"createBy\":\"admin\",\"isCache\":\"0\",\"isFrame\":\"1\",\"menuName\":\"\",\"menuType\":\"C\",\"orderNum\":1,\"params\":{},\"parentId\":2000,\"path\":\"serviceItem\",\"perms\":\"appointment:serviceItem:list\",\"status\":\"0\",\"visible\":\"0\"}', '{\"msg\":\"\",\"code\":200}', 0, NULL, '2023-03-27 16:50:53');
INSERT INTO `sys_oper_log` VALUES (105, '', 1, 'cn.wolfcode.car.web.controller.system.SysMenuController.add()', 'POST', 1, 'admin', NULL, '/system/menu', '127.0.0.1', 'IP', '{\"children\":[],\"component\":\"business/appointment/statement/index\",\"createBy\":\"admin\",\"isCache\":\"0\",\"isFrame\":\"1\",\"menuName\":\"\",\"menuType\":\"C\",\"orderNum\":2,\"params\":{},\"parentId\":2000,\"path\":\"statement\",\"perms\":\"appointment:statement:list\",\"status\":\"0\",\"visible\":\"0\"}', '{\"msg\":\"\",\"code\":200}', 0, NULL, '2023-03-27 16:51:58');
INSERT INTO `sys_oper_log` VALUES (106, '', 6, 'cn.wolfcode.car.generator.controller.GenController.importTableSave()', 'POST', 1, 'admin', NULL, '/tool/gen/importTable', '127.0.0.1', 'IP', '\"bus_appointment\"', '{\"msg\":\"\",\"code\":200}', 0, NULL, '2023-03-27 17:03:11');
INSERT INTO `sys_oper_log` VALUES (107, '', 3, 'cn.wolfcode.car.generator.controller.GenController.remove()', 'DELETE', 1, 'admin', NULL, '/tool/gen/1', '127.0.0.1', 'IP', '{}', '{\"msg\":\"\",\"code\":200}', 0, NULL, '2023-03-27 17:04:44');
INSERT INTO `sys_oper_log` VALUES (108, '', 6, 'cn.wolfcode.car.generator.controller.GenController.importTableSave()', 'POST', 1, 'admin', NULL, '/tool/gen/importTable', '127.0.0.1', 'IP', '\"bus_appointment\"', '{\"msg\":\"\",\"code\":200}', 0, NULL, '2023-03-27 17:06:05');
INSERT INTO `sys_oper_log` VALUES (109, '', 2, 'cn.wolfcode.car.generator.controller.GenController.editSave()', 'PUT', 1, 'admin', NULL, '/tool/gen', '127.0.0.1', 'IP', '{\"businessName\":\"info\",\"className\":\"BusAppointment\",\"columns\":[{\"capJavaField\":\"Id\",\"columnId\":12,\"columnName\":\"id\",\"columnType\":\"bigint(20)\",\"createBy\":\"admin\",\"createTime\":\"2023-03-27 17:06:04\",\"dictType\":\"\",\"edit\":false,\"htmlType\":\"input\",\"increment\":true,\"insert\":true,\"isIncrement\":\"1\",\"isInsert\":\"1\",\"isPk\":\"1\",\"javaField\":\"id\",\"javaType\":\"Long\",\"list\":false,\"params\":{},\"pk\":true,\"query\":false,\"queryType\":\"EQ\",\"required\":false,\"sort\":1,\"superColumn\":false,\"tableId\":2,\"updateBy\":\"\",\"usableColumn\":false},{\"capJavaField\":\"CustomerName\",\"columnComment\":\"\",\"columnId\":13,\"columnName\":\"customer_name\",\"columnType\":\"varchar(20)\",\"createBy\":\"admin\",\"createTime\":\"2023-03-27 17:06:04\",\"dictType\":\"\",\"edit\":true,\"htmlType\":\"input\",\"increment\":false,\"insert\":true,\"isEdit\":\"1\",\"isIncrement\":\"0\",\"isInsert\":\"1\",\"isList\":\"1\",\"isPk\":\"0\",\"isQuery\":\"1\",\"javaField\":\"customerName\",\"javaType\":\"String\",\"list\":true,\"params\":{},\"pk\":false,\"query\":true,\"queryType\":\"LIKE\",\"required\":false,\"sort\":2,\"superColumn\":false,\"tableId\":2,\"updateBy\":\"\",\"usableColumn\":false},{\"capJavaField\":\"CustomerPhone\",\"columnComment\":\"\",\"columnId\":14,\"columnName\":\"customer_phone\",\"columnType\":\"varchar(11)\",\"createBy\":\"admin\",\"createTime\":\"2023-03-27 17:06:04\",\"dictType\":\"\",\"edit\":true,\"htmlType\":\"input\",\"increment\":false,\"insert\":true,\"isEdit\":\"1\",\"isIncrement\":\"0\",\"isInsert\":\"1\",\"isList\":\"1\",\"isPk\":\"0\",\"isQuery\":\"1\",\"javaField\":\"customerPhone\",\"javaType\":\"String\",\"list\":true,\"params\":{},\"pk\":false,\"query\":true,\"queryType\":\"EQ\",\"required\":false,\"sort\":3,\"superColumn\":false,\"tableId\":2,\"updateBy\":\"\",\"usableColumn\":false},{\"capJavaField\":\"AppointmentTime\",\"columnComment\":\"\",\"columnId\":15,\"columnName\":\"appointment_time\",\"columnType\":\"datetime\",\"createBy\":\"admin\",\"createTime\":\"2023-03-27 17:06:04\",\"dictType\":\"\",\"edit\":true,\"htmlType\":\"datetime\",\"increment\":false,\"insert\":true,\"isEdit\":\"1\",\"isIncrement\":\"0\",\"isInsert\":\"1\",\"isList\":\"1\",\"isPk\":\"0\",\"isQuery\":\"1\",\"javaField\":\"appointmentTime\",\"javaType\":\"Date', '{\"msg\":\"\",\"code\":200}', 0, NULL, '2023-03-27 17:11:10');
INSERT INTO `sys_oper_log` VALUES (110, '', 1, 'cn.wolfcode.car.web.controller.system.SysDictTypeController.add()', 'POST', 1, 'admin', NULL, '/system/dict/type', '127.0.0.1', 'IP', '{\"createBy\":\"admin\",\"dictName\":\"\",\"dictType\":\"bus_service_type\",\"params\":{},\"remark\":\"\",\"status\":\"0\"}', '{\"msg\":\"\",\"code\":200}', 0, NULL, '2023-03-27 17:25:31');
INSERT INTO `sys_oper_log` VALUES (111, '', 1, 'cn.wolfcode.car.web.controller.system.SysDictDataController.add()', 'POST', 1, 'admin', NULL, '/system/dict/data', '127.0.0.1', 'IP', '{\"createBy\":\"admin\",\"default\":false,\"dictLabel\":\"\",\"dictSort\":0,\"dictType\":\"bus_service_type\",\"dictValue\":\"0\",\"listClass\":\"default\",\"params\":{},\"status\":\"0\"}', '{\"msg\":\"\",\"code\":200}', 0, NULL, '2023-03-27 17:26:17');
INSERT INTO `sys_oper_log` VALUES (112, '', 1, 'cn.wolfcode.car.web.controller.system.SysDictDataController.add()', 'POST', 1, 'admin', NULL, '/system/dict/data', '127.0.0.1', 'IP', '{\"createBy\":\"admin\",\"default\":false,\"dictLabel\":\"\",\"dictSort\":1,\"dictType\":\"bus_service_type\",\"dictValue\":\"1\",\"listClass\":\"default\",\"params\":{},\"status\":\"0\"}', '{\"msg\":\"\",\"code\":200}', 0, NULL, '2023-03-27 17:26:28');
INSERT INTO `sys_oper_log` VALUES (113, '', 1, 'cn.wolfcode.car.web.controller.system.SysDictTypeController.add()', 'POST', 1, 'admin', NULL, '/system/dict/type', '127.0.0.1', 'IP', '{\"createBy\":\"admin\",\"dictName\":\"\",\"dictType\":\"bus_appointment_status\",\"params\":{},\"remark\":\"\",\"status\":\"0\"}', '{\"msg\":\"\",\"code\":200}', 0, NULL, '2023-03-27 17:27:13');
INSERT INTO `sys_oper_log` VALUES (114, '', 1, 'cn.wolfcode.car.web.controller.system.SysDictDataController.add()', 'POST', 1, 'admin', NULL, '/system/dict/data', '127.0.0.1', 'IP', '{\"createBy\":\"admin\",\"default\":false,\"dictLabel\":\"\",\"dictSort\":0,\"dictType\":\"bus_appointment_status\",\"dictValue\":\"0\",\"listClass\":\"default\",\"params\":{},\"status\":\"0\"}', '{\"msg\":\"\",\"code\":200}', 0, NULL, '2023-03-27 17:27:41');
INSERT INTO `sys_oper_log` VALUES (115, '', 1, 'cn.wolfcode.car.web.controller.system.SysDictDataController.add()', 'POST', 1, 'admin', NULL, '/system/dict/data', '127.0.0.1', 'IP', '{\"createBy\":\"admin\",\"default\":false,\"dictLabel\":\"\",\"dictSort\":1,\"dictType\":\"bus_appointment_status\",\"dictValue\":\"1\",\"listClass\":\"default\",\"params\":{},\"status\":\"0\"}', '{\"msg\":\"\",\"code\":200}', 0, NULL, '2023-03-27 17:27:50');
INSERT INTO `sys_oper_log` VALUES (116, '', 1, 'cn.wolfcode.car.web.controller.system.SysDictDataController.add()', 'POST', 1, 'admin', NULL, '/system/dict/data', '127.0.0.1', 'IP', '{\"createBy\":\"admin\",\"default\":false,\"dictLabel\":\"\",\"dictSort\":2,\"dictType\":\"bus_appointment_status\",\"dictValue\":\"2\",\"listClass\":\"default\",\"params\":{},\"status\":\"0\"}', '{\"msg\":\"\",\"code\":200}', 0, NULL, '2023-03-27 17:28:01');
INSERT INTO `sys_oper_log` VALUES (117, '', 1, 'cn.wolfcode.car.web.controller.system.SysDictDataController.add()', 'POST', 1, 'admin', NULL, '/system/dict/data', '127.0.0.1', 'IP', '{\"createBy\":\"admin\",\"default\":false,\"dictLabel\":\"\",\"dictSort\":3,\"dictType\":\"bus_appointment_status\",\"dictValue\":\"3\",\"listClass\":\"default\",\"params\":{},\"status\":\"0\"}', '{\"msg\":\"\",\"code\":200}', 0, NULL, '2023-03-27 17:28:10');
INSERT INTO `sys_oper_log` VALUES (118, '', 1, 'cn.wolfcode.car.web.controller.system.SysDictDataController.add()', 'POST', 1, 'admin', NULL, '/system/dict/data', '127.0.0.1', 'IP', '{\"createBy\":\"admin\",\"default\":false,\"dictLabel\":\"\",\"dictSort\":4,\"dictType\":\"bus_appointment_status\",\"dictValue\":\"4\",\"listClass\":\"default\",\"params\":{},\"status\":\"0\"}', '{\"msg\":\"\",\"code\":200}', 0, NULL, '2023-03-27 17:28:30');
INSERT INTO `sys_oper_log` VALUES (119, '', 1, 'cn.wolfcode.car.web.controller.system.SysDictDataController.add()', 'POST', 1, 'admin', NULL, '/system/dict/data', '127.0.0.1', 'IP', '{\"createBy\":\"admin\",\"default\":false,\"dictLabel\":\"\",\"dictSort\":5,\"dictType\":\"bus_appointment_status\",\"dictValue\":\"5\",\"listClass\":\"default\",\"params\":{},\"status\":\"0\"}', '{\"msg\":\"\",\"code\":200}', 0, NULL, '2023-03-27 17:28:39');
INSERT INTO `sys_oper_log` VALUES (120, '', 1, 'cn.wolfcode.car.appointment.controller.BusAppointmentController.add()', 'POST', 1, 'admin', NULL, '/appointment/info', '127.0.0.1', 'IP', '{\"appointmentTime\":\"2023-03-08 00:00:00\",\"carSeries\":\"123\",\"createTime\":\"2023-03-29 11:55:59.912\",\"customerName\":\"111\",\"customerPhone\":\"13512344561\",\"id\":58,\"licensePlate\":\"A12345\",\"params\":{},\"serviceType\":0}', '{\"msg\":\"\",\"code\":200}', 0, NULL, '2023-03-29 11:56:00');
INSERT INTO `sys_oper_log` VALUES (121, '', 3, 'cn.wolfcode.car.appointment.controller.BusAppointmentController.remove()', 'DELETE', 1, 'admin', NULL, '/appointment/info/5', '127.0.0.1', 'IP', '{}', '{\"msg\":\"\",\"code\":200}', 0, NULL, '2023-03-29 14:35:25');
INSERT INTO `sys_oper_log` VALUES (122, '', 3, 'cn.wolfcode.car.appointment.controller.BusAppointmentController.remove()', 'DELETE', 1, 'admin', NULL, '/appointment/info/54', '127.0.0.1', 'IP', '{}', '{\"msg\":\"\",\"code\":200}', 0, NULL, '2023-03-29 14:35:36');
INSERT INTO `sys_oper_log` VALUES (123, '', 3, 'cn.wolfcode.car.appointment.controller.BusAppointmentController.remove()', 'DELETE', 1, 'admin', NULL, '/appointment/info/55', '127.0.0.1', 'IP', '{}', '{\"msg\":\"\",\"code\":200}', 0, NULL, '2023-03-29 14:35:39');
INSERT INTO `sys_oper_log` VALUES (124, '', 3, 'cn.wolfcode.car.appointment.controller.BusAppointmentController.remove()', 'DELETE', 1, 'admin', NULL, '/appointment/info/58', '127.0.0.1', 'IP', '{}', '{\"msg\":\"\",\"code\":200}', 0, NULL, '2023-03-29 14:35:42');
INSERT INTO `sys_oper_log` VALUES (125, '', 3, 'cn.wolfcode.car.appointment.controller.BusAppointmentController.remove()', 'DELETE', 1, 'admin', NULL, '/appointment/info/50', '127.0.0.1', 'IP', '{}', '{\"msg\":\"\",\"code\":200}', 0, NULL, '2023-03-29 14:35:49');
INSERT INTO `sys_oper_log` VALUES (126, '', 3, 'cn.wolfcode.car.appointment.controller.BusAppointmentController.remove()', 'DELETE', 1, 'admin', NULL, '/appointment/info/49', '127.0.0.1', 'IP', '{}', '{\"msg\":\"\",\"code\":200}', 0, NULL, '2023-03-29 14:35:52');
INSERT INTO `sys_oper_log` VALUES (127, '', 3, 'cn.wolfcode.car.appointment.controller.BusAppointmentController.remove()', 'DELETE', 1, 'admin', NULL, '/appointment/info/51', '127.0.0.1', 'IP', '{}', '{\"msg\":\"\",\"code\":200}', 0, NULL, '2023-03-29 14:35:56');
INSERT INTO `sys_oper_log` VALUES (128, '', 3, 'cn.wolfcode.car.appointment.controller.BusAppointmentController.remove()', 'DELETE', 1, 'admin', NULL, '/appointment/info/48', '127.0.0.1', 'IP', '{}', '{\"msg\":\"\",\"code\":200}', 0, NULL, '2023-03-29 14:35:59');
INSERT INTO `sys_oper_log` VALUES (129, '', 3, 'cn.wolfcode.car.appointment.controller.BusAppointmentController.remove()', 'DELETE', 1, 'admin', NULL, '/appointment/info/47', '127.0.0.1', 'IP', '{}', '{\"msg\":\"\",\"code\":200}', 0, NULL, '2023-03-29 14:36:02');
INSERT INTO `sys_oper_log` VALUES (130, '', 3, 'cn.wolfcode.car.appointment.controller.BusAppointmentController.remove()', 'DELETE', 1, 'admin', NULL, '/appointment/info/46', '127.0.0.1', 'IP', '{}', '{\"msg\":\"\",\"code\":200}', 0, NULL, '2023-03-29 14:36:05');
INSERT INTO `sys_oper_log` VALUES (131, '', 3, 'cn.wolfcode.car.appointment.controller.BusAppointmentController.remove()', 'DELETE', 1, 'admin', NULL, '/appointment/info/41', '127.0.0.1', 'IP', '{}', '{\"msg\":\"\",\"code\":200}', 0, NULL, '2023-03-29 14:36:18');
INSERT INTO `sys_oper_log` VALUES (132, '', 3, 'cn.wolfcode.car.appointment.controller.BusAppointmentController.remove()', 'DELETE', 1, 'admin', NULL, '/appointment/info/42', '127.0.0.1', 'IP', '{}', '{\"msg\":\"\",\"code\":200}', 0, NULL, '2023-03-29 14:36:21');
INSERT INTO `sys_oper_log` VALUES (133, '', 3, 'cn.wolfcode.car.appointment.controller.BusAppointmentController.remove()', 'DELETE', 1, 'admin', NULL, '/appointment/info/43', '127.0.0.1', 'IP', '{}', '{\"msg\":\"\",\"code\":200}', 0, NULL, '2023-03-29 14:36:23');
INSERT INTO `sys_oper_log` VALUES (134, '', 3, 'cn.wolfcode.car.appointment.controller.BusAppointmentController.remove()', 'DELETE', 1, 'admin', NULL, '/appointment/info/44', '127.0.0.1', 'IP', '{}', '{\"msg\":\"\",\"code\":200}', 0, NULL, '2023-03-29 14:36:25');
INSERT INTO `sys_oper_log` VALUES (135, '', 3, 'cn.wolfcode.car.appointment.controller.BusAppointmentController.remove()', 'DELETE', 1, 'admin', NULL, '/appointment/info/45', '127.0.0.1', 'IP', '{}', '{\"msg\":\"\",\"code\":200}', 0, NULL, '2023-03-29 14:36:26');
INSERT INTO `sys_oper_log` VALUES (136, '', 3, 'cn.wolfcode.car.appointment.controller.BusAppointmentController.remove()', 'DELETE', 1, 'admin', NULL, '/appointment/info/52', '127.0.0.1', 'IP', '{}', '{\"msg\":\"\",\"code\":200}', 0, NULL, '2023-03-29 14:36:28');
INSERT INTO `sys_oper_log` VALUES (137, '', 3, 'cn.wolfcode.car.appointment.controller.BusAppointmentController.remove()', 'DELETE', 1, 'admin', NULL, '/appointment/info/53', '127.0.0.1', 'IP', '{}', '{\"msg\":\"\",\"code\":200}', 0, NULL, '2023-03-29 14:36:31');
INSERT INTO `sys_oper_log` VALUES (138, '', 3, 'cn.wolfcode.car.appointment.controller.BusAppointmentController.remove()', 'DELETE', 1, 'admin', NULL, '/appointment/info/30', '127.0.0.1', 'IP', '{}', '{\"msg\":\"\",\"code\":200}', 0, NULL, '2023-03-29 14:36:36');
INSERT INTO `sys_oper_log` VALUES (139, '', 3, 'cn.wolfcode.car.appointment.controller.BusAppointmentController.remove()', 'DELETE', 1, 'admin', NULL, '/appointment/info/29', '127.0.0.1', 'IP', '{}', '{\"msg\":\"\",\"code\":200}', 0, NULL, '2023-03-29 14:36:39');
INSERT INTO `sys_oper_log` VALUES (140, '', 3, 'cn.wolfcode.car.appointment.controller.BusAppointmentController.remove()', 'DELETE', 1, 'admin', NULL, '/appointment/info/34', '127.0.0.1', 'IP', '{}', '{\"msg\":\"\",\"code\":200}', 0, NULL, '2023-03-29 14:36:41');
INSERT INTO `sys_oper_log` VALUES (141, '', 3, 'cn.wolfcode.car.appointment.controller.BusAppointmentController.remove()', 'DELETE', 1, 'admin', NULL, '/appointment/info/35', '127.0.0.1', 'IP', '{}', '{\"msg\":\"\",\"code\":200}', 0, NULL, '2023-03-29 14:36:43');
INSERT INTO `sys_oper_log` VALUES (142, '', 3, 'cn.wolfcode.car.appointment.controller.BusAppointmentController.remove()', 'DELETE', 1, 'admin', NULL, '/appointment/info/36', '127.0.0.1', 'IP', '{}', '{\"msg\":\"\",\"code\":200}', 0, NULL, '2023-03-29 14:36:45');
INSERT INTO `sys_oper_log` VALUES (143, '', 3, 'cn.wolfcode.car.appointment.controller.BusAppointmentController.remove()', 'DELETE', 1, 'admin', NULL, '/appointment/info/37', '127.0.0.1', 'IP', '{}', '{\"msg\":\"\",\"code\":200}', 0, NULL, '2023-03-29 14:36:48');
INSERT INTO `sys_oper_log` VALUES (144, '', 3, 'cn.wolfcode.car.appointment.controller.BusAppointmentController.remove()', 'DELETE', 1, 'admin', NULL, '/appointment/info/38', '127.0.0.1', 'IP', '{}', '{\"msg\":\"\",\"code\":200}', 0, NULL, '2023-03-29 14:36:49');
INSERT INTO `sys_oper_log` VALUES (145, '', 3, 'cn.wolfcode.car.appointment.controller.BusAppointmentController.remove()', 'DELETE', 1, 'admin', NULL, '/appointment/info/39', '127.0.0.1', 'IP', '{}', '{\"msg\":\"\",\"code\":200}', 0, NULL, '2023-03-29 14:36:52');
INSERT INTO `sys_oper_log` VALUES (146, '', 3, 'cn.wolfcode.car.appointment.controller.BusAppointmentController.remove()', 'DELETE', 1, 'admin', NULL, '/appointment/info/40', '127.0.0.1', 'IP', '{}', '{\"msg\":\"\",\"code\":200}', 0, NULL, '2023-03-29 14:36:55');
INSERT INTO `sys_oper_log` VALUES (147, '', 3, 'cn.wolfcode.car.appointment.controller.BusAppointmentController.remove()', 'DELETE', 1, 'admin', NULL, '/appointment/info/27', '127.0.0.1', 'IP', '{}', '{\"msg\":\"\",\"code\":200}', 0, NULL, '2023-03-29 14:37:01');
INSERT INTO `sys_oper_log` VALUES (148, '', 3, 'cn.wolfcode.car.appointment.controller.BusAppointmentController.remove()', 'DELETE', 1, 'admin', NULL, '/appointment/info/28', '127.0.0.1', 'IP', '{}', '{\"msg\":\"\",\"code\":200}', 0, NULL, '2023-03-29 14:37:05');
INSERT INTO `sys_oper_log` VALUES (149, '', 3, 'cn.wolfcode.car.appointment.controller.BusAppointmentController.remove()', 'DELETE', 1, 'admin', NULL, '/appointment/info/20', '127.0.0.1', 'IP', '{}', '{\"msg\":\"\",\"code\":200}', 0, NULL, '2023-03-29 14:37:09');
INSERT INTO `sys_oper_log` VALUES (150, '', 3, 'cn.wolfcode.car.appointment.controller.BusAppointmentController.remove()', 'DELETE', 1, 'admin', NULL, '/appointment/info/21', '127.0.0.1', 'IP', '{}', '{\"msg\":\"\",\"code\":200}', 0, NULL, '2023-03-29 14:37:11');
INSERT INTO `sys_oper_log` VALUES (151, '', 3, 'cn.wolfcode.car.appointment.controller.BusAppointmentController.remove()', 'DELETE', 1, 'admin', NULL, '/appointment/info/23', '127.0.0.1', 'IP', '{}', '{\"msg\":\"\",\"code\":200}', 0, NULL, '2023-03-29 14:37:15');
INSERT INTO `sys_oper_log` VALUES (152, '', 3, 'cn.wolfcode.car.appointment.controller.BusAppointmentController.remove()', 'DELETE', 1, 'admin', NULL, '/appointment/info/24', '127.0.0.1', 'IP', '{}', '{\"msg\":\"\",\"code\":200}', 0, NULL, '2023-03-29 14:37:18');
INSERT INTO `sys_oper_log` VALUES (153, '', 3, 'cn.wolfcode.car.appointment.controller.BusAppointmentController.remove()', 'DELETE', 1, 'admin', NULL, '/appointment/info/25', '127.0.0.1', 'IP', '{}', '{\"msg\":\"\",\"code\":200}', 0, NULL, '2023-03-29 14:37:20');
INSERT INTO `sys_oper_log` VALUES (154, '', 3, 'cn.wolfcode.car.appointment.controller.BusAppointmentController.remove()', 'DELETE', 1, 'admin', NULL, '/appointment/info/26', '127.0.0.1', 'IP', '{}', '{\"msg\":\"\",\"code\":200}', 0, NULL, '2023-03-29 14:37:22');
INSERT INTO `sys_oper_log` VALUES (155, '', 3, 'cn.wolfcode.car.appointment.controller.BusAppointmentController.remove()', 'DELETE', 1, 'admin', NULL, '/appointment/info/17', '127.0.0.1', 'IP', '{}', '{\"msg\":\"\",\"code\":200}', 0, NULL, '2023-03-29 14:37:40');
INSERT INTO `sys_oper_log` VALUES (156, '', 3, 'cn.wolfcode.car.appointment.controller.BusAppointmentController.remove()', 'DELETE', 1, 'admin', NULL, '/appointment/info/18', '127.0.0.1', 'IP', '{}', '{\"msg\":\"\",\"code\":200}', 0, NULL, '2023-03-29 14:37:47');
INSERT INTO `sys_oper_log` VALUES (157, '', 3, 'cn.wolfcode.car.appointment.controller.BusAppointmentController.remove()', 'DELETE', 1, 'admin', NULL, '/appointment/info/19', '127.0.0.1', 'IP', '{}', '{\"msg\":\"\",\"code\":200}', 0, NULL, '2023-03-29 14:37:50');
INSERT INTO `sys_oper_log` VALUES (158, '', 3, 'cn.wolfcode.car.appointment.controller.BusAppointmentController.remove()', 'DELETE', 1, 'admin', NULL, '/appointment/info/22', '127.0.0.1', 'IP', '{}', '{\"msg\":\"\",\"code\":200}', 0, NULL, '2023-03-29 14:37:54');
INSERT INTO `sys_oper_log` VALUES (159, '', 3, 'cn.wolfcode.car.appointment.controller.BusAppointmentController.remove()', 'DELETE', 1, 'admin', NULL, '/appointment/info/57', '127.0.0.1', 'IP', '{}', '{\"msg\":\"\",\"code\":200}', 0, NULL, '2023-03-29 14:38:45');
INSERT INTO `sys_oper_log` VALUES (160, '', 3, 'cn.wolfcode.car.appointment.controller.BusAppointmentController.remove()', 'DELETE', 1, 'admin', NULL, '/appointment/info/56', '127.0.0.1', 'IP', '{}', '{\"msg\":\"\",\"code\":200}', 0, NULL, '2023-03-29 14:38:48');
INSERT INTO `sys_oper_log` VALUES (161, '', 1, 'cn.wolfcode.car.appointment.controller.BusAppointmentController.add()', 'POST', 1, 'admin', NULL, '/appointment/info', '127.0.0.1', 'IP', '{\"appointmentTime\":\"2023-03-22 00:00:00\",\"carSeries\":\"\",\"createTime\":\"2023-03-29 15:03:13.162\",\"customerName\":\"\",\"customerPhone\":\"13553535353\",\"id\":59,\"info\":\"111\",\"licensePlate\":\"A66666\",\"params\":{},\"serviceType\":0}', '{\"msg\":\"\",\"code\":200}', 0, NULL, '2023-03-29 15:03:13');
INSERT INTO `sys_oper_log` VALUES (162, '', 1, 'cn.wolfcode.car.appointment.controller.BusAppointmentController.add()', 'POST', 1, 'admin', NULL, '/appointment/info', '127.0.0.1', 'IP', '{\"actualArrivalTime\":\"2021-05-19 11:49:24\",\"appointmentTime\":\"2021-05-19 15:45:00\",\"carSeries\":\"X5\",\"createBy\":\"1\",\"createTime\":\"2023-03-29 15:12:34.167\",\"customerName\":\"\",\"customerPhone\":\"13088889999\",\"id\":60,\"info\":\"hello\",\"licensePlate\":\"A66688\",\"params\":{},\"remark\":\"\",\"serviceType\":1,\"status\":5,\"updateBy\":\"1\",\"updateTime\":\"2021-05-19 11:49:17\"}', '{\"msg\":\"\",\"code\":200}', 0, NULL, '2023-03-29 15:12:34');
INSERT INTO `sys_oper_log` VALUES (163, '', 3, 'cn.wolfcode.car.appointment.controller.BusAppointmentController.remove()', 'DELETE', 1, 'admin', NULL, '/appointment/info/60', '127.0.0.1', 'IP', '{}', '{\"msg\":\"\",\"code\":200}', 0, NULL, '2023-03-29 15:13:44');
INSERT INTO `sys_oper_log` VALUES (164, '', 1, 'cn.wolfcode.car.appointment.controller.BusAppointmentController.add()', 'POST', 1, 'admin', NULL, '/appointment/info', '127.0.0.1', 'IP', '{\"actualArrivalTime\":\"2021-05-19 11:49:24\",\"appointmentTime\":\"2021-05-19 15:45:00\",\"carSeries\":\"X5\",\"createBy\":\"1\",\"createTime\":\"2023-03-29 15:37:55.622\",\"customerName\":\"\",\"customerPhone\":\"111111\",\"id\":61,\"info\":\"hello\",\"licensePlate\":\"111111\",\"params\":{},\"remark\":\"\",\"serviceType\":1,\"status\":5,\"updateBy\":\"1\",\"updateTime\":\"2021-05-19 11:49:17\"}', '{\"msg\":\"\",\"code\":200}', 0, NULL, '2023-03-29 15:37:55');
INSERT INTO `sys_oper_log` VALUES (165, '', 1, 'cn.wolfcode.car.web.controller.system.SysConfigController.add()', 'POST', 1, 'admin', NULL, '/system/config', '127.0.0.1', 'IP', '{\"configKey\":\"bus.appointment.max.num\",\"configName\":\"\",\"configType\":\"N\",\"configValue\":\"2\",\"createBy\":\"admin\",\"params\":{},\"remark\":\" 5 \"}', '{\"msg\":\"\",\"code\":200}', 0, NULL, '2023-03-29 15:53:40');
INSERT INTO `sys_oper_log` VALUES (166, '', 1, 'cn.wolfcode.car.appointment.controller.BusAppointmentController.add()', 'POST', 1, 'admin', NULL, '/appointment/info', '127.0.0.1', 'IP', '{\"appointmentTime\":\"2021-05-19 15:45:00\",\"carSeries\":\"X5\",\"createBy\":\"1\",\"createTime\":\"2021-05-19 11:49:17\",\"customerName\":\"\",\"customerPhone\":\"111111\",\"info\":\"hello\",\"licensePlate\":\"111111\",\"params\":{},\"remark\":\"\",\"serviceType\":1,\"updateBy\":\"1\",\"updateTime\":\"2021-05-19 11:49:17\"}', NULL, 1, '', '2023-03-29 16:33:49');
INSERT INTO `sys_oper_log` VALUES (167, '', 1, 'cn.wolfcode.car.appointment.controller.BusAppointmentController.add()', 'POST', 1, 'admin', NULL, '/appointment/info', '127.0.0.1', 'IP', '{\"appointmentTime\":\"2021-05-19 15:45:00\",\"carSeries\":\"X5\",\"createBy\":\"1\",\"createTime\":\"2021-05-19 11:49:17\",\"customerName\":\"\",\"customerPhone\":\"13521355465\",\"info\":\"hello\",\"licensePlate\":\"111111\",\"params\":{},\"remark\":\"\",\"serviceType\":1,\"updateBy\":\"1\",\"updateTime\":\"2021-05-19 11:49:17\"}', NULL, 1, '', '2023-03-29 16:34:04');
INSERT INTO `sys_oper_log` VALUES (168, '', 1, 'cn.wolfcode.car.appointment.controller.BusAppointmentController.add()', 'POST', 1, 'admin', NULL, '/appointment/info', '127.0.0.1', 'IP', '{\"appointmentTime\":\"2021-05-19 15:45:00\",\"carSeries\":\"X5\",\"createBy\":\"1\",\"createTime\":\"2021-05-19 11:49:17\",\"customerName\":\"\",\"customerPhone\":\"13521355465\",\"info\":\"hello\",\"licensePlate\":\"A12354\",\"params\":{},\"remark\":\"\",\"serviceType\":1,\"updateBy\":\"1\",\"updateTime\":\"2021-05-19 11:49:17\"}', NULL, 1, '', '2023-03-29 16:34:19');
INSERT INTO `sys_oper_log` VALUES (169, '', 1, 'cn.wolfcode.car.appointment.controller.BusAppointmentController.add()', 'POST', 1, 'admin', NULL, '/appointment/info', '127.0.0.1', 'IP', '{\"appointmentTime\":\"2021-05-19 15:45:00\",\"carSeries\":\"X5\",\"createBy\":\"1\",\"createTime\":\"2021-05-19 11:49:17\",\"customerName\":\"\",\"customerPhone\":\"13521355465\",\"info\":\"hello\",\"licensePlate\":\"A12354\",\"params\":{},\"remark\":\"\",\"serviceType\":1,\"updateBy\":\"1\",\"updateTime\":\"2021-05-19 11:49:17\"}', NULL, 1, '', '2023-03-29 16:35:57');
INSERT INTO `sys_oper_log` VALUES (170, '', 1, 'cn.wolfcode.car.appointment.controller.BusAppointmentController.add()', 'POST', 1, 'admin', NULL, '/appointment/info', '127.0.0.1', 'IP', '{\"appointmentTime\":\"2021-05-19 15:45:00\",\"carSeries\":\"X5\",\"createBy\":\"1\",\"createTime\":\"2021-05-19 11:49:17\",\"customerName\":\"\",\"customerPhone\":\"13521355465\",\"info\":\"hello\",\"licensePlate\":\"A123541\",\"params\":{},\"remark\":\"\",\"serviceType\":1,\"updateBy\":\"1\",\"updateTime\":\"2021-05-19 11:49:17\"}', NULL, 1, '', '2023-03-29 16:36:53');
INSERT INTO `sys_oper_log` VALUES (171, '', 1, 'cn.wolfcode.car.appointment.controller.BusAppointmentController.add()', 'POST', 1, 'admin', NULL, '/appointment/info', '127.0.0.1', 'IP', '{\"appointmentTime\":\"2021-05-19 15:45:00\",\"carSeries\":\"X5\",\"createBy\":\"1\",\"createTime\":\"2023-03-29 16:37:05.967\",\"customerName\":\"\",\"customerPhone\":\"13521355465\",\"info\":\"hello\",\"licensePlate\":\"A12354\",\"params\":{},\"remark\":\"\",\"serviceType\":1,\"updateBy\":\"1\",\"updateTime\":\"2021-05-19 11:49:17\"}', NULL, 1, 'nested exception is org.apache.ibatis.executor.ExecutorException: Error getting generated key or setting result to parameter object. Cause: org.apache.ibatis.executor.ExecutorException: No setter found for the keyProperty \'id\' in \'cn.wolfcode.car.appointment.domain.vo.BusAppointmentVo\'.', '2023-03-29 16:37:06');
INSERT INTO `sys_oper_log` VALUES (172, '', 1, 'cn.wolfcode.car.appointment.controller.BusAppointmentController.add()', 'POST', 1, 'admin', NULL, '/appointment/info', '127.0.0.1', 'IP', '{\"appointmentTime\":\"2021-05-19 15:45:00\",\"carSeries\":\"X5\",\"createBy\":\"1\",\"createTime\":\"2021-05-19 11:49:17\",\"customerName\":\"\",\"customerPhone\":\"13521355465\",\"info\":\"hello\",\"licensePlate\":\"A12354\",\"params\":{},\"remark\":\"\",\"serviceType\":1,\"updateBy\":\"1\",\"updateTime\":\"2021-05-19 11:49:17\"}', '{\"msg\":\"\",\"code\":200}', 0, NULL, '2023-03-29 16:43:45');
INSERT INTO `sys_oper_log` VALUES (173, '', 1, 'cn.wolfcode.car.appointment.controller.BusAppointmentController.add()', 'POST', 1, 'admin', NULL, '/appointment/info', '127.0.0.1', 'IP', '{\"appointmentTime\":\"2021-05-19 15:45:00\",\"carSeries\":\"X5\",\"createBy\":\"1\",\"createTime\":\"2021-05-19 11:49:17\",\"customerName\":\"\",\"customerPhone\":\"13521355465\",\"info\":\"hello\",\"licensePlate\":\"A12354\",\"params\":{},\"remark\":\"\",\"serviceType\":1,\"updateBy\":\"1\",\"updateTime\":\"2021-05-19 11:49:17\"}', '{\"msg\":\"\",\"code\":200}', 0, NULL, '2023-03-29 16:44:09');
INSERT INTO `sys_oper_log` VALUES (174, '', 1, 'cn.wolfcode.car.appointment.controller.BusAppointmentController.add()', 'POST', 1, 'admin', NULL, '/appointment/info', '127.0.0.1', 'IP', '{\"appointmentTime\":\"2021-05-19 15:45:00\",\"carSeries\":\"X5\",\"createBy\":\"1\",\"createTime\":\"2021-05-19 11:49:17\",\"customerName\":\"\",\"customerPhone\":\"13521355465\",\"info\":\"hello\",\"licensePlate\":\"A12354\",\"params\":{},\"remark\":\"\",\"serviceType\":1,\"updateBy\":\"1\",\"updateTime\":\"2021-05-19 11:49:17\"}', NULL, 1, '', '2023-03-29 16:44:15');
INSERT INTO `sys_oper_log` VALUES (175, '', 1, 'cn.wolfcode.car.appointment.controller.BusAppointmentController.add()', 'POST', 1, 'admin', NULL, '/appointment/info', '127.0.0.1', 'IP', '{\"appointmentTime\":\"2021-05-19 15:45:00\",\"carSeries\":\"X5\",\"createBy\":\"1\",\"createTime\":\"2021-05-19 11:49:17\",\"customerName\":\"\",\"customerPhone\":\"13521355465\",\"info\":\"hello\",\"licensePlate\":\"A12354\",\"params\":{},\"remark\":\"\",\"serviceType\":1,\"updateBy\":\"1\",\"updateTime\":\"2021-05-19 11:49:17\"}', NULL, 1, '', '2023-03-29 16:59:12');
INSERT INTO `sys_oper_log` VALUES (176, '', 1, 'cn.wolfcode.car.appointment.controller.BusAppointmentController.add()', 'POST', 1, 'admin', NULL, '/appointment/info', '127.0.0.1', 'IP', '{\"appointmentTime\":\"2021-05-19 15:45:00\",\"carSeries\":\"X5\",\"createBy\":\"1\",\"createTime\":\"2021-05-19 11:49:17\",\"customerName\":\"\",\"customerPhone\":\"13521355465\",\"info\":\"hello\",\"licensePlate\":\"A12354\",\"params\":{},\"remark\":\"\",\"serviceType\":1,\"updateBy\":\"1\",\"updateTime\":\"2021-05-19 11:49:17\"}', NULL, 1, '', '2023-03-29 17:10:03');
INSERT INTO `sys_oper_log` VALUES (177, '', 2, 'cn.wolfcode.car.web.controller.system.SysConfigController.edit()', 'PUT', 1, 'admin', NULL, '/system/config', '127.0.0.1', 'IP', '{\"configId\":6,\"configKey\":\"bus.appointment.max.num\",\"configName\":\"\",\"configType\":\"N\",\"configValue\":\"6\",\"createBy\":\"admin\",\"createTime\":\"2023-03-29 15:53:40\",\"params\":{},\"remark\":\" 5 \",\"updateBy\":\"admin\"}', '{\"msg\":\"\",\"code\":200}', 0, NULL, '2023-03-29 17:10:57');
INSERT INTO `sys_oper_log` VALUES (178, '', 1, 'cn.wolfcode.car.appointment.controller.BusAppointmentController.add()', 'POST', 1, 'admin', NULL, '/appointment/info', '127.0.0.1', 'IP', '{\"appointmentTime\":\"2021-05-19 15:45:00\",\"carSeries\":\"X5\",\"createBy\":\"1\",\"createTime\":\"2021-05-19 11:49:17\",\"customerName\":\"\",\"customerPhone\":\"13521355465\",\"info\":\"hello\",\"licensePlate\":\"A12354\",\"params\":{},\"remark\":\"\",\"serviceType\":1,\"updateBy\":\"1\",\"updateTime\":\"2021-05-19 11:49:17\"}', '{\"msg\":\"\",\"code\":200}', 0, NULL, '2023-03-29 17:11:08');
INSERT INTO `sys_oper_log` VALUES (179, '', 1, 'cn.wolfcode.car.appointment.controller.BusAppointmentController.add()', 'POST', 1, 'admin', NULL, '/appointment/info', '127.0.0.1', 'IP', '{\"appointmentTime\":\"2021-05-19 15:45:00\",\"carSeries\":\"X5\",\"createBy\":\"1\",\"createTime\":\"2021-05-19 11:49:17\",\"customerName\":\"\",\"customerPhone\":\"13521355465\",\"info\":\"hello\",\"licensePlate\":\"A12354\",\"params\":{},\"remark\":\"\",\"serviceType\":1,\"updateBy\":\"1\",\"updateTime\":\"2021-05-19 11:49:17\"}', NULL, 1, '', '2023-03-29 17:11:18');
INSERT INTO `sys_oper_log` VALUES (180, '', 1, 'cn.wolfcode.car.appointment.controller.BusAppointmentController.add()', 'POST', 1, 'admin', NULL, '/appointment/info', '127.0.0.1', 'IP', '{\"appointmentTime\":\"2021-05-19 15:45:00\",\"carSeries\":\"X5\",\"createBy\":\"1\",\"createTime\":\"2021-05-19 11:49:17\",\"customerPhone\":\"13521355465\",\"info\":\"hello\",\"licensePlate\":\"A12354\",\"params\":{},\"remark\":\"\",\"serviceType\":1,\"updateBy\":\"1\",\"updateTime\":\"2021-05-19 11:49:17\"}', '{\"msg\":\"\",\"code\":200}', 0, NULL, '2023-03-30 09:40:12');
INSERT INTO `sys_oper_log` VALUES (181, '', 2, 'cn.wolfcode.car.web.controller.system.SysConfigController.edit()', 'PUT', 1, 'admin', NULL, '/system/config', '127.0.0.1', 'IP', '{\"configId\":6,\"configKey\":\"bus.appointment.max.num\",\"configName\":\"\",\"configType\":\"N\",\"configValue\":\"5\",\"createBy\":\"admin\",\"createTime\":\"2023-03-29 15:53:40\",\"params\":{},\"remark\":\" 5 \",\"updateBy\":\"admin\",\"updateTime\":\"2023-03-29 17:10:57\"}', '{\"msg\":\"\",\"code\":200}', 0, NULL, '2023-03-30 09:42:14');
INSERT INTO `sys_oper_log` VALUES (182, '', 2, 'cn.wolfcode.car.appointment.controller.BusAppointmentController.arrivalInfo()', 'PUT', 1, 'admin', NULL, '/appointment/info/arrival/59', '127.0.0.1', 'IP', '59', '{\"msg\":\"\",\"code\":200}', 0, NULL, '2023-03-30 11:23:20');
INSERT INTO `sys_oper_log` VALUES (183, '', 2, 'cn.wolfcode.car.appointment.controller.BusAppointmentController.arrivalInfo()', 'PUT', 1, 'admin', NULL, '/appointment/info/arrival/59', '127.0.0.1', 'IP', '59', NULL, 1, '', '2023-03-30 11:24:49');
INSERT INTO `sys_oper_log` VALUES (184, '', 1, 'cn.wolfcode.car.appointment.controller.BusAppointmentController.add()', 'POST', 1, 'admin', NULL, '/appointment/info', '127.0.0.1', 'IP', '{\"appointmentTime\":\"2023-03-03 02:00:00\",\"carSeries\":\"\",\"customerName\":\"\",\"customerPhone\":\"18866886688\",\"info\":\"111\",\"licensePlate\":\"A88888\",\"params\":{},\"serviceType\":0}', '{\"msg\":\"\",\"code\":200}', 0, NULL, '2023-03-30 14:50:09');
INSERT INTO `sys_oper_log` VALUES (185, '', 2, 'cn.wolfcode.car.appointment.controller.BusAppointmentController.edit()', 'PUT', 1, 'admin', NULL, '/appointment/info', '127.0.0.1', 'IP', '{\"appointmentTime\":\"2023-03-03 02:00:00\",\"carSeries\":\"\",\"createTime\":\"2023-03-30 14:50:09\",\"customerName\":\"\",\"customerPhone\":\"18866886688\",\"id\":67,\"info\":\"111\",\"licensePlate\":\"A88888\",\"params\":{},\"serviceType\":1}', '{\"msg\":\"\",\"code\":200}', 0, NULL, '2023-03-30 14:50:26');
INSERT INTO `sys_oper_log` VALUES (186, '', 2, 'cn.wolfcode.car.appointment.controller.BusAppointmentController.cancelInfo()', 'PUT', 1, 'admin', NULL, '/appointment/info/cancel/67', '127.0.0.1', 'IP', '67', '{\"msg\":\"\",\"code\":200}', 0, NULL, '2023-03-30 15:06:06');
INSERT INTO `sys_oper_log` VALUES (187, '', 6, 'cn.wolfcode.car.generator.controller.GenController.importTableSave()', 'POST', 1, 'admin', NULL, '/tool/gen/importTable', '127.0.0.1', 'IP', '\"bus_service_item\"', '{\"msg\":\"\",\"code\":200}', 0, NULL, '2023-03-30 15:54:39');
INSERT INTO `sys_oper_log` VALUES (188, '', 2, 'cn.wolfcode.car.generator.controller.GenController.editSave()', 'PUT', 1, 'admin', NULL, '/tool/gen', '127.0.0.1', 'IP', '{\"businessName\":\"item\",\"className\":\"BusServiceItem\",\"columns\":[{\"capJavaField\":\"Id\",\"columnComment\":\"\",\"columnId\":23,\"columnName\":\"id\",\"columnType\":\"bigint(20)\",\"createBy\":\"admin\",\"createTime\":\"2023-03-30 15:54:39\",\"dictType\":\"\",\"edit\":false,\"htmlType\":\"input\",\"increment\":true,\"insert\":false,\"isIncrement\":\"1\",\"isInsert\":\"0\",\"isPk\":\"1\",\"javaField\":\"id\",\"javaType\":\"Long\",\"list\":false,\"params\":{},\"pk\":true,\"query\":false,\"queryType\":\"EQ\",\"required\":false,\"sort\":1,\"superColumn\":false,\"tableId\":3,\"updateBy\":\"\",\"usableColumn\":false},{\"capJavaField\":\"Name\",\"columnComment\":\"\",\"columnId\":24,\"columnName\":\"name\",\"columnType\":\"varchar(100)\",\"createBy\":\"admin\",\"createTime\":\"2023-03-30 15:54:39\",\"dictType\":\"\",\"edit\":true,\"htmlType\":\"input\",\"increment\":false,\"insert\":true,\"isEdit\":\"1\",\"isIncrement\":\"0\",\"isInsert\":\"1\",\"isList\":\"1\",\"isPk\":\"0\",\"isQuery\":\"1\",\"javaField\":\"name\",\"javaType\":\"String\",\"list\":true,\"params\":{},\"pk\":false,\"query\":true,\"queryType\":\"LIKE\",\"required\":false,\"sort\":2,\"superColumn\":false,\"tableId\":3,\"updateBy\":\"\",\"usableColumn\":false},{\"capJavaField\":\"OriginalPrice\",\"columnComment\":\"\",\"columnId\":25,\"columnName\":\"original_price\",\"columnType\":\"decimal(10,2)\",\"createBy\":\"admin\",\"createTime\":\"2023-03-30 15:54:39\",\"dictType\":\"\",\"edit\":true,\"htmlType\":\"input\",\"increment\":false,\"insert\":true,\"isEdit\":\"1\",\"isIncrement\":\"0\",\"isInsert\":\"1\",\"isList\":\"1\",\"isPk\":\"0\",\"isQuery\":\"0\",\"javaField\":\"originalPrice\",\"javaType\":\"BigDecimal\",\"list\":true,\"params\":{},\"pk\":false,\"query\":false,\"queryType\":\"EQ\",\"required\":false,\"sort\":3,\"superColumn\":false,\"tableId\":3,\"updateBy\":\"\",\"usableColumn\":false},{\"capJavaField\":\"DiscountPrice\",\"columnComment\":\"\",\"columnId\":26,\"columnName\":\"discount_price\",\"columnType\":\"decimal(10,2)\",\"createBy\":\"admin\",\"createTime\":\"2023-03-30 15:54:39\",\"dictType\":\"\",\"edit\":true,\"htmlType\":\"input\",\"increment\":false,\"insert\":true,\"isEdit\":\"1\",\"isIncrement\":\"0\",\"isInsert\":\"1\",\"isList\":\"1\",\"isPk\":\"0\",\"isQuery\":\"0\",\"javaField\":\"discountPrice\",\"javaType\":\"B', '{\"msg\":\"\",\"code\":200}', 0, NULL, '2023-03-30 15:56:34');
INSERT INTO `sys_oper_log` VALUES (189, '', 1, 'cn.wolfcode.car.web.controller.system.SysDictTypeController.add()', 'POST', 1, 'admin', NULL, '/system/dict/type', '127.0.0.1', 'IP', '{\"createBy\":\"admin\",\"dictName\":\"-\",\"dictType\":\"bus_si_car_package\",\"params\":{},\"remark\":\"\",\"status\":\"0\"}', '{\"msg\":\"\",\"code\":200}', 0, NULL, '2023-03-30 15:57:36');
INSERT INTO `sys_oper_log` VALUES (190, '', 1, 'cn.wolfcode.car.web.controller.system.SysDictDataController.add()', 'POST', 1, 'admin', NULL, '/system/dict/data', '127.0.0.1', 'IP', '{\"createBy\":\"admin\",\"default\":false,\"dictLabel\":\"\",\"dictSort\":0,\"dictType\":\"bus_si_car_package\",\"dictValue\":\"0\",\"listClass\":\"default\",\"params\":{},\"status\":\"0\"}', '{\"msg\":\"\",\"code\":200}', 0, NULL, '2023-03-30 15:57:53');
INSERT INTO `sys_oper_log` VALUES (191, '', 1, 'cn.wolfcode.car.web.controller.system.SysDictDataController.add()', 'POST', 1, 'admin', NULL, '/system/dict/data', '127.0.0.1', 'IP', '{\"createBy\":\"admin\",\"default\":false,\"dictLabel\":\"\",\"dictSort\":1,\"dictType\":\"bus_si_car_package\",\"dictValue\":\"1\",\"listClass\":\"default\",\"params\":{},\"status\":\"0\"}', '{\"msg\":\"\",\"code\":200}', 0, NULL, '2023-03-30 15:58:01');
INSERT INTO `sys_oper_log` VALUES (192, '', 1, 'cn.wolfcode.car.web.controller.system.SysDictTypeController.add()', 'POST', 1, 'admin', NULL, '/system/dict/type', '127.0.0.1', 'IP', '{\"createBy\":\"admin\",\"dictName\":\"-\",\"dictType\":\"bus_si_service_type\",\"params\":{},\"remark\":\"\",\"status\":\"0\"}', '{\"msg\":\"\",\"code\":200}', 0, NULL, '2023-03-30 15:59:20');
INSERT INTO `sys_oper_log` VALUES (193, '', 1, 'cn.wolfcode.car.web.controller.system.SysDictDataController.add()', 'POST', 1, 'admin', NULL, '/system/dict/data', '127.0.0.1', 'IP', '{\"createBy\":\"admin\",\"default\":false,\"dictLabel\":\"\",\"dictSort\":0,\"dictType\":\"bus_si_service_type\",\"dictValue\":\"0\",\"listClass\":\"default\",\"params\":{},\"status\":\"0\"}', '{\"msg\":\"\",\"code\":200}', 0, NULL, '2023-03-30 15:59:44');
INSERT INTO `sys_oper_log` VALUES (194, '', 1, 'cn.wolfcode.car.web.controller.system.SysDictDataController.add()', 'POST', 1, 'admin', NULL, '/system/dict/data', '127.0.0.1', 'IP', '{\"createBy\":\"admin\",\"default\":false,\"dictLabel\":\"\",\"dictSort\":1,\"dictType\":\"bus_si_service_type\",\"dictValue\":\"1\",\"listClass\":\"default\",\"params\":{},\"status\":\"0\"}', '{\"msg\":\"\",\"code\":200}', 0, NULL, '2023-03-30 15:59:50');
INSERT INTO `sys_oper_log` VALUES (195, '', 1, 'cn.wolfcode.car.web.controller.system.SysDictDataController.add()', 'POST', 1, 'admin', NULL, '/system/dict/data', '127.0.0.1', 'IP', '{\"createBy\":\"admin\",\"default\":false,\"dictLabel\":\"\",\"dictSort\":2,\"dictType\":\"bus_si_service_type\",\"dictValue\":\"2\",\"listClass\":\"default\",\"params\":{},\"status\":\"0\"}', '{\"msg\":\"\",\"code\":200}', 0, NULL, '2023-03-30 15:59:58');
INSERT INTO `sys_oper_log` VALUES (196, '', 1, 'cn.wolfcode.car.web.controller.system.SysDictTypeController.add()', 'POST', 1, 'admin', NULL, '/system/dict/type', '127.0.0.1', 'IP', '{\"createBy\":\"admin\",\"dictName\":\"-\",\"dictType\":\"bus_si_audit_status\",\"params\":{},\"remark\":\"\",\"status\":\"0\"}', '{\"msg\":\"\",\"code\":200}', 0, NULL, '2023-03-30 16:00:42');
INSERT INTO `sys_oper_log` VALUES (197, '', 1, 'cn.wolfcode.car.web.controller.system.SysDictDataController.add()', 'POST', 1, 'admin', NULL, '/system/dict/data', '127.0.0.1', 'IP', '{\"createBy\":\"admin\",\"default\":false,\"dictLabel\":\"\",\"dictSort\":0,\"dictType\":\"bus_si_audit_status\",\"dictValue\":\"0\",\"listClass\":\"default\",\"params\":{},\"status\":\"0\"}', '{\"msg\":\"\",\"code\":200}', 0, NULL, '2023-03-30 16:00:59');
INSERT INTO `sys_oper_log` VALUES (198, '', 1, 'cn.wolfcode.car.web.controller.system.SysDictDataController.add()', 'POST', 1, 'admin', NULL, '/system/dict/data', '127.0.0.1', 'IP', '{\"createBy\":\"admin\",\"default\":false,\"dictLabel\":\"\",\"dictSort\":1,\"dictType\":\"bus_si_audit_status\",\"dictValue\":\"1\",\"listClass\":\"default\",\"params\":{},\"status\":\"0\"}', '{\"msg\":\"\",\"code\":200}', 0, NULL, '2023-03-30 16:01:08');
INSERT INTO `sys_oper_log` VALUES (199, '', 1, 'cn.wolfcode.car.web.controller.system.SysDictDataController.add()', 'POST', 1, 'admin', NULL, '/system/dict/data', '127.0.0.1', 'IP', '{\"createBy\":\"admin\",\"default\":false,\"dictLabel\":\"\",\"dictSort\":2,\"dictType\":\"bus_si_audit_status\",\"dictValue\":\"2\",\"listClass\":\"default\",\"params\":{},\"status\":\"0\"}', '{\"msg\":\"\",\"code\":200}', 0, NULL, '2023-03-30 16:01:19');
INSERT INTO `sys_oper_log` VALUES (200, '', 1, 'cn.wolfcode.car.web.controller.system.SysDictDataController.add()', 'POST', 1, 'admin', NULL, '/system/dict/data', '127.0.0.1', 'IP', '{\"createBy\":\"admin\",\"default\":false,\"dictLabel\":\"\",\"dictSort\":3,\"dictType\":\"bus_si_audit_status\",\"dictValue\":\"3\",\"listClass\":\"default\",\"params\":{},\"status\":\"0\"}', '{\"msg\":\"\",\"code\":200}', 0, NULL, '2023-03-30 16:01:26');
INSERT INTO `sys_oper_log` VALUES (201, '', 1, 'cn.wolfcode.car.web.controller.system.SysDictDataController.add()', 'POST', 1, 'admin', NULL, '/system/dict/data', '127.0.0.1', 'IP', '{\"createBy\":\"admin\",\"default\":false,\"dictLabel\":\"\",\"dictSort\":4,\"dictType\":\"bus_si_audit_status\",\"dictValue\":\"4\",\"listClass\":\"default\",\"params\":{},\"status\":\"0\"}', '{\"msg\":\"\",\"code\":200}', 0, NULL, '2023-03-30 16:01:33');
INSERT INTO `sys_oper_log` VALUES (202, '', 1, 'cn.wolfcode.car.web.controller.system.SysDictTypeController.add()', 'POST', 1, 'admin', NULL, '/system/dict/type', '127.0.0.1', 'IP', '{\"createBy\":\"admin\",\"dictName\":\"-\",\"dictType\":\"bus_si_sale_status\",\"params\":{},\"remark\":\"\",\"status\":\"0\"}', '{\"msg\":\"\",\"code\":200}', 0, NULL, '2023-03-30 16:02:17');
INSERT INTO `sys_oper_log` VALUES (203, '', 1, 'cn.wolfcode.car.web.controller.system.SysDictDataController.add()', 'POST', 1, 'admin', NULL, '/system/dict/data', '127.0.0.1', 'IP', '{\"createBy\":\"admin\",\"default\":false,\"dictLabel\":\"\",\"dictSort\":0,\"dictType\":\"bus_si_sale_status\",\"dictValue\":\"0\",\"listClass\":\"default\",\"params\":{},\"status\":\"0\"}', '{\"msg\":\"\",\"code\":200}', 0, NULL, '2023-03-30 16:02:29');
INSERT INTO `sys_oper_log` VALUES (204, '', 1, 'cn.wolfcode.car.web.controller.system.SysDictDataController.add()', 'POST', 1, 'admin', NULL, '/system/dict/data', '127.0.0.1', 'IP', '{\"createBy\":\"admin\",\"default\":false,\"dictLabel\":\"\",\"dictSort\":0,\"dictType\":\"bus_si_sale_status\",\"dictValue\":\"0\",\"listClass\":\"default\",\"params\":{},\"status\":\"0\"}', '{\"msg\":\"\",\"code\":200}', 0, NULL, '2023-03-30 16:02:37');
INSERT INTO `sys_oper_log` VALUES (205, '', 2, 'cn.wolfcode.car.web.controller.system.SysDictDataController.edit()', 'PUT', 1, 'admin', NULL, '/system/dict/data', '127.0.0.1', 'IP', '{\"createBy\":\"admin\",\"createTime\":\"2023-03-30 16:02:29\",\"default\":false,\"dictCode\":118,\"dictLabel\":\"\",\"dictSort\":1,\"dictType\":\"bus_si_sale_status\",\"dictValue\":\"1\",\"isDefault\":\"N\",\"listClass\":\"default\",\"params\":{},\"status\":\"0\",\"updateBy\":\"admin\"}', '{\"msg\":\"\",\"code\":200}', 0, NULL, '2023-03-30 16:02:41');
INSERT INTO `sys_oper_log` VALUES (206, '', 2, 'cn.wolfcode.car.generator.controller.GenController.editSave()', 'PUT', 1, 'admin', NULL, '/tool/gen', '127.0.0.1', 'IP', '{\"businessName\":\"serviceItem\",\"className\":\"BusServiceItem\",\"columns\":[{\"capJavaField\":\"Id\",\"columnComment\":\"\",\"columnId\":23,\"columnName\":\"id\",\"columnType\":\"bigint(20)\",\"createBy\":\"admin\",\"createTime\":\"2023-03-30 15:54:39\",\"dictType\":\"\",\"edit\":false,\"htmlType\":\"input\",\"increment\":true,\"insert\":false,\"isIncrement\":\"1\",\"isInsert\":\"0\",\"isPk\":\"1\",\"javaField\":\"id\",\"javaType\":\"Long\",\"list\":false,\"params\":{},\"pk\":true,\"query\":false,\"queryType\":\"EQ\",\"required\":false,\"sort\":1,\"superColumn\":false,\"tableId\":3,\"updateBy\":\"\",\"updateTime\":\"2023-03-30 15:56:34\",\"usableColumn\":false},{\"capJavaField\":\"Name\",\"columnComment\":\"\",\"columnId\":24,\"columnName\":\"name\",\"columnType\":\"varchar(100)\",\"createBy\":\"admin\",\"createTime\":\"2023-03-30 15:54:39\",\"dictType\":\"\",\"edit\":true,\"htmlType\":\"input\",\"increment\":false,\"insert\":true,\"isEdit\":\"1\",\"isIncrement\":\"0\",\"isInsert\":\"1\",\"isList\":\"1\",\"isPk\":\"0\",\"isQuery\":\"1\",\"javaField\":\"name\",\"javaType\":\"String\",\"list\":true,\"params\":{},\"pk\":false,\"query\":true,\"queryType\":\"LIKE\",\"required\":false,\"sort\":2,\"superColumn\":false,\"tableId\":3,\"updateBy\":\"\",\"updateTime\":\"2023-03-30 15:56:34\",\"usableColumn\":false},{\"capJavaField\":\"OriginalPrice\",\"columnComment\":\"\",\"columnId\":25,\"columnName\":\"original_price\",\"columnType\":\"decimal(10,2)\",\"createBy\":\"admin\",\"createTime\":\"2023-03-30 15:54:39\",\"dictType\":\"\",\"edit\":true,\"htmlType\":\"input\",\"increment\":false,\"insert\":true,\"isEdit\":\"1\",\"isIncrement\":\"0\",\"isInsert\":\"1\",\"isList\":\"1\",\"isPk\":\"0\",\"isQuery\":\"0\",\"javaField\":\"originalPrice\",\"javaType\":\"BigDecimal\",\"list\":true,\"params\":{},\"pk\":false,\"query\":false,\"queryType\":\"EQ\",\"required\":false,\"sort\":3,\"superColumn\":false,\"tableId\":3,\"updateBy\":\"\",\"updateTime\":\"2023-03-30 15:56:34\",\"usableColumn\":false},{\"capJavaField\":\"DiscountPrice\",\"columnComment\":\"\",\"columnId\":26,\"columnName\":\"discount_price\",\"columnType\":\"decimal(10,2)\",\"createBy\":\"admin\",\"createTime\":\"2023-03-30 15:54:39\",\"dictType\":\"\",\"edit\":true,\"htmlType\":\"input\",\"increment\":false,\"insert\":true,\"isEdit\":\"1\",', '{\"msg\":\"\",\"code\":200}', 0, NULL, '2023-03-30 16:03:59');
INSERT INTO `sys_oper_log` VALUES (207, '', 2, 'cn.wolfcode.car.appointment.controller.BusServiceItemController.edit()', 'PUT', 1, 'admin', NULL, '/appointment/serviceItem', '192.168.20.93', 'IP', '{\"auditStatus\":4,\"carPackage\":0,\"createTime\":\"2021-05-14 10:09:36\",\"discountPrice\":188,\"id\":1,\"info\":\"\",\"name\":\"()\",\"originalPrice\":188,\"params\":{},\"saleStatus\":0,\"serviceCatalog\":2}', '{\"msg\":\"\",\"code\":200}', 0, NULL, '2023-03-30 16:08:25');
INSERT INTO `sys_oper_log` VALUES (208, '', 2, 'cn.wolfcode.car.appointment.controller.BusServiceItemController.edit()', 'PUT', 1, 'admin', NULL, '/appointment/serviceItem', '192.168.20.172', 'IP', '{\"auditStatus\":4,\"carPackage\":0,\"createTime\":\"2021-05-14 10:09:36\",\"discountPrice\":188,\"id\":1,\"info\":\"\",\"name\":\"()\",\"originalPrice\":188,\"params\":{},\"saleStatus\":0,\"serviceCatalog\":2}', '{\"msg\":\"\",\"code\":200}', 0, NULL, '2023-03-30 16:17:46');
INSERT INTO `sys_oper_log` VALUES (209, '', 2, 'cn.wolfcode.car.appointment.controller.BusServiceItemController.edit()', 'PUT', 1, 'admin', NULL, '/appointment/serviceItem', '192.168.20.93', 'IP', '{\"auditStatus\":4,\"carPackage\":0,\"createTime\":\"2021-05-18 10:33:18\",\"discountPrice\":399,\"id\":6,\"info\":\"\",\"name\":\"\",\"originalPrice\":500,\"params\":{},\"saleStatus\":1,\"serviceCatalog\":0}', '{\"msg\":\"\",\"code\":200}', 0, NULL, '2023-03-30 16:24:32');
INSERT INTO `sys_oper_log` VALUES (210, '', 2, 'cn.wolfcode.car.appointment.controller.BusServiceItemController.edit()', 'PUT', 1, 'admin', NULL, '/appointment/serviceItem', '192.168.20.172', 'IP', '{\"auditStatus\":4,\"carPackage\":0,\"createTime\":\"2021-05-18 10:33:18\",\"discountPrice\":399,\"id\":6,\"info\":\"\",\"name\":\"\",\"originalPrice\":500,\"params\":{},\"saleStatus\":1,\"serviceCatalog\":0}', '{\"msg\":\"\",\"code\":200}', 0, NULL, '2023-03-30 16:24:54');
INSERT INTO `sys_oper_log` VALUES (211, '', 2, 'cn.wolfcode.car.appointment.controller.BusServiceItemController.edit()', 'PUT', 1, 'admin', NULL, '/appointment/serviceItem', '192.168.20.172', 'IP', '{\"auditStatus\":1,\"carPackage\":1,\"createTime\":\"2021-05-18 00:00:00\",\"discountPrice\":5000,\"id\":4,\"info\":\"\",\"name\":\"\",\"originalPrice\":6000,\"params\":{},\"saleStatus\":0,\"serviceCatalog\":1}', '{\"msg\":\"\",\"code\":200}', 0, NULL, '2023-03-30 16:25:13');
INSERT INTO `sys_oper_log` VALUES (212, '', 2, 'cn.wolfcode.car.appointment.controller.BusServiceItemController.edit()', 'PUT', 1, 'admin', NULL, '/appointment/serviceItem', '192.168.20.93', 'IP', '{\"auditStatus\":1,\"carPackage\":1,\"createTime\":\"2021-05-18 00:00:00\",\"discountPrice\":5000,\"id\":4,\"info\":\"\",\"name\":\"\",\"originalPrice\":6000,\"params\":{},\"saleStatus\":0,\"serviceCatalog\":1}', '{\"msg\":\"\",\"code\":200}', 0, NULL, '2023-03-30 16:26:54');
INSERT INTO `sys_oper_log` VALUES (213, '', 2, 'cn.wolfcode.car.appointment.controller.BusServiceItemController.edit()', 'PUT', 1, 'admin', NULL, '/appointment/serviceItem', '192.168.20.93', 'IP', '{\"auditStatus\":4,\"carPackage\":0,\"createTime\":\"2021-05-18 10:33:18\",\"discountPrice\":399,\"id\":6,\"info\":\"\",\"name\":\"\",\"originalPrice\":500,\"params\":{},\"saleStatus\":1,\"serviceCatalog\":0}', '{\"msg\":\"\",\"code\":200}', 0, NULL, '2023-03-30 16:27:06');
INSERT INTO `sys_oper_log` VALUES (214, '', 2, 'cn.wolfcode.car.appointment.controller.BusServiceItemController.edit()', 'PUT', 1, 'admin', NULL, '/appointment/serviceItem', '192.168.20.172', 'IP', '{\"auditStatus\":1,\"carPackage\":1,\"createTime\":\"2021-05-18 00:00:00\",\"discountPrice\":5000,\"id\":4,\"info\":\"\",\"name\":\"\",\"originalPrice\":6000,\"params\":{},\"saleStatus\":0,\"serviceCatalog\":1}', '{\"msg\":\"\",\"code\":200}', 0, NULL, '2023-03-30 16:27:13');
INSERT INTO `sys_oper_log` VALUES (215, '', 2, 'cn.wolfcode.car.appointment.controller.BusServiceItemController.edit()', 'PUT', 1, 'admin', NULL, '/appointment/serviceItem', '192.168.20.172', 'IP', '{\"auditStatus\":4,\"carPackage\":0,\"createTime\":\"2021-05-18 10:33:18\",\"discountPrice\":399,\"id\":6,\"info\":\"\",\"name\":\"\",\"originalPrice\":500,\"params\":{},\"saleStatus\":1,\"serviceCatalog\":0}', '{\"msg\":\"\",\"code\":200}', 0, NULL, '2023-03-30 16:27:21');
INSERT INTO `sys_oper_log` VALUES (216, '', 7, 'cn.wolfcode.car.web.controller.monitor.SysUserOnlineController.forceLogout()', 'DELETE', 1, 'admin', NULL, '/monitor/online/011040a2-6653-4f4c-bb58-2bb10ccd52f5', '192.168.20.172', 'IP', '{}', '{\"msg\":\"\",\"code\":200}', 0, NULL, '2023-03-30 16:28:18');
INSERT INTO `sys_oper_log` VALUES (217, '', 2, 'cn.wolfcode.car.appointment.controller.BusServiceItemController.edit()', 'PUT', 1, 'admin', NULL, '/appointment/serviceItem', '192.168.20.172', 'IP', '{\"auditStatus\":0,\"carPackage\":0,\"createTime\":\"2021-06-15 15:48:37\",\"discountPrice\":69,\"id\":11,\"info\":\"\",\"name\":\"\",\"originalPrice\":99,\"params\":{},\"saleStatus\":0,\"serviceCatalog\":1}', '{\"msg\":\"\",\"code\":200}', 0, NULL, '2023-03-30 16:50:11');
INSERT INTO `sys_oper_log` VALUES (218, '', 7, 'cn.wolfcode.car.web.controller.monitor.SysUserOnlineController.forceLogout()', 'DELETE', 1, 'admin', NULL, '/monitor/online/9772a262-6536-425f-a74c-404bad12d3e9', '192.168.20.172', 'IP', '{}', '{\"msg\":\"\",\"code\":200}', 0, NULL, '2023-03-30 16:50:25');
INSERT INTO `sys_oper_log` VALUES (219, '', 7, 'cn.wolfcode.car.web.controller.monitor.SysUserOnlineController.forceLogout()', 'DELETE', 1, 'admin', NULL, '/monitor/online/24a5a15a-6420-4c9a-889c-44a756a3666d', '192.168.20.172', 'IP', '{}', '{\"msg\":\"\",\"code\":200}', 0, NULL, '2023-03-30 16:51:10');
INSERT INTO `sys_oper_log` VALUES (220, '', 7, 'cn.wolfcode.car.web.controller.monitor.SysUserOnlineController.forceLogout()', 'DELETE', 1, 'admin', NULL, '/monitor/online/d6397c94-6175-4b07-ba7a-5f0ae27d4468', '192.168.20.172', 'IP', '{}', '{\"msg\":\"\",\"code\":200}', 0, NULL, '2023-03-30 16:51:34');
INSERT INTO `sys_oper_log` VALUES (221, '', 7, 'cn.wolfcode.car.web.controller.monitor.SysUserOnlineController.forceLogout()', 'DELETE', 1, 'admin', NULL, '/monitor/online/02a0df9c-64bc-4ee2-862d-b748105ba302', '192.168.20.172', 'IP', '{}', '{\"msg\":\"\",\"code\":200}', 0, NULL, '2023-03-30 16:51:48');
INSERT INTO `sys_oper_log` VALUES (222, '', 7, 'cn.wolfcode.car.web.controller.monitor.SysUserOnlineController.forceLogout()', 'DELETE', 1, 'admin', NULL, '/monitor/online/27e1a7f3-4719-4649-b34f-484ae5bb5c24', '192.168.20.93', 'IP', '{}', '{\"msg\":\"\",\"code\":200}', 0, NULL, '2023-03-30 16:51:59');
INSERT INTO `sys_oper_log` VALUES (223, '', 7, 'cn.wolfcode.car.web.controller.monitor.SysUserOnlineController.forceLogout()', 'DELETE', 1, 'admin', NULL, '/monitor/online/59fe6e10-e405-4ada-8b27-8de06ea1a365', '192.168.20.172', 'IP', '{}', '{\"msg\":\"\",\"code\":200}', 0, NULL, '2023-03-30 16:52:09');
INSERT INTO `sys_oper_log` VALUES (224, '', 7, 'cn.wolfcode.car.web.controller.monitor.SysUserOnlineController.forceLogout()', 'DELETE', 1, 'admin', NULL, '/monitor/online/163b1ec4-4781-4fa0-8e6e-aba92827137d', '192.168.20.172', 'IP', '{}', '{\"msg\":\"\",\"code\":200}', 0, NULL, '2023-03-30 16:52:19');
INSERT INTO `sys_oper_log` VALUES (225, '', 7, 'cn.wolfcode.car.web.controller.monitor.SysUserOnlineController.forceLogout()', 'DELETE', 1, 'admin', NULL, '/monitor/online/45dbd4fc-a9df-4104-a874-52ff8b8e0f24', '192.168.20.172', 'IP', '{}', '{\"msg\":\"\",\"code\":200}', 0, NULL, '2023-03-30 16:52:32');
INSERT INTO `sys_oper_log` VALUES (226, '', 7, 'cn.wolfcode.car.web.controller.monitor.SysUserOnlineController.forceLogout()', 'DELETE', 1, 'admin', NULL, '/monitor/online/705e969e-6605-4afa-a39c-3f3d8aa80bd1', '192.168.20.172', 'IP', '{}', '{\"msg\":\"\",\"code\":200}', 0, NULL, '2023-03-30 16:52:41');
INSERT INTO `sys_oper_log` VALUES (227, '', 7, 'cn.wolfcode.car.web.controller.monitor.SysUserOnlineController.forceLogout()', 'DELETE', 1, 'admin', NULL, '/monitor/online/7ecee0a7-38b8-48a6-9647-4c7cb3f960e7', '192.168.20.93', 'IP', '{}', '{\"msg\":\"\",\"code\":200}', 0, NULL, '2023-03-30 16:52:50');
INSERT INTO `sys_oper_log` VALUES (228, '', 7, 'cn.wolfcode.car.web.controller.monitor.SysUserOnlineController.forceLogout()', 'DELETE', 1, 'admin', NULL, '/monitor/online/a5ab7f8f-68df-485c-bcd5-0eb53f03fe02', '192.168.20.172', 'IP', '{}', '{\"msg\":\"\",\"code\":200}', 0, NULL, '2023-03-30 16:52:52');
INSERT INTO `sys_oper_log` VALUES (229, '', 7, 'cn.wolfcode.car.web.controller.monitor.SysUserOnlineController.forceLogout()', 'DELETE', 1, 'admin', NULL, '/monitor/online/ac3c3894-21f0-4f3d-9d67-516c9134a66e', '192.168.20.172', 'IP', '{}', '{\"msg\":\"\",\"code\":200}', 0, NULL, '2023-03-30 16:53:01');
INSERT INTO `sys_oper_log` VALUES (230, '', 7, 'cn.wolfcode.car.web.controller.monitor.SysUserOnlineController.forceLogout()', 'DELETE', 1, 'admin', NULL, '/monitor/online/adc5fb26-d664-4da6-b5d9-767e2bd9872b', '192.168.20.172', 'IP', '{}', '{\"msg\":\"\",\"code\":200}', 0, NULL, '2023-03-30 16:53:08');
INSERT INTO `sys_oper_log` VALUES (231, '', 7, 'cn.wolfcode.car.web.controller.monitor.SysUserOnlineController.forceLogout()', 'DELETE', 1, 'admin', NULL, '/monitor/online/cefb1bbd-ab0e-48ed-9b2a-ea4bc640960d', '192.168.20.172', 'IP', '{}', '{\"msg\":\"\",\"code\":200}', 0, NULL, '2023-03-30 16:53:16');
INSERT INTO `sys_oper_log` VALUES (232, '', 7, 'cn.wolfcode.car.web.controller.monitor.SysUserOnlineController.forceLogout()', 'DELETE', 1, 'admin', NULL, '/monitor/online/ff430692-15b8-4a32-8512-acc06da64a63', '192.168.20.93', 'IP', '{}', '{\"msg\":\"\",\"code\":200}', 0, NULL, '2023-03-30 16:53:22');
INSERT INTO `sys_oper_log` VALUES (233, '', 7, 'cn.wolfcode.car.web.controller.monitor.SysUserOnlineController.forceLogout()', 'DELETE', 1, 'admin', NULL, '/monitor/online/ff430692-15b8-4a32-8512-acc06da64a63', '192.168.20.172', 'IP', '{}', '{\"msg\":\"\",\"code\":200}', 0, NULL, '2023-03-30 16:53:23');
INSERT INTO `sys_oper_log` VALUES (234, '', 7, 'cn.wolfcode.car.web.controller.monitor.SysUserOnlineController.forceLogout()', 'DELETE', 1, 'admin', NULL, '/monitor/online/fd67d5ab-af38-48e7-9075-37f7485dc179', '192.168.20.172', 'IP', '{}', '{\"msg\":\"\",\"code\":200}', 0, NULL, '2023-03-30 16:53:28');
INSERT INTO `sys_oper_log` VALUES (235, '', 7, 'cn.wolfcode.car.web.controller.monitor.SysUserOnlineController.forceLogout()', 'DELETE', 1, 'admin', NULL, '/monitor/online/be14c1eb-9859-48a6-a0dd-ac27b4df32be', '192.168.20.172', 'IP', '{}', '{\"msg\":\"\",\"code\":200}', 0, NULL, '2023-03-30 16:53:36');
INSERT INTO `sys_oper_log` VALUES (236, '', 7, 'cn.wolfcode.car.web.controller.monitor.SysUserOnlineController.forceLogout()', 'DELETE', 1, 'admin', NULL, '/monitor/online/07173a71-7431-4b2d-b5d1-94137b90f21a', '192.168.20.172', 'IP', '{}', '{\"msg\":\"\",\"code\":200}', 0, NULL, '2023-03-30 16:53:41');
INSERT INTO `sys_oper_log` VALUES (237, '', 1, 'cn.wolfcode.car.appointment.controller.BusServiceItemController.add()', 'POST', 1, 'admin', NULL, '/appointment/serviceItem', '127.0.0.1', 'IP', '{\"carPackage\":1,\"createTime\":\"2023-03-30 16:55:00.555\",\"id\":34,\"params\":{}}', '{\"msg\":\"\",\"code\":200}', 0, NULL, '2023-03-30 16:55:00');
INSERT INTO `sys_oper_log` VALUES (238, '', 7, 'cn.wolfcode.car.web.controller.monitor.SysUserOnlineController.forceLogout()', 'DELETE', 1, 'admin', NULL, '/monitor/online/2065beca-8c87-4c2d-8cd7-f46aa2649cd3', '192.168.20.93', 'IP', '{}', '{\"msg\":\"\",\"code\":200}', 0, NULL, '2023-03-30 16:55:16');
INSERT INTO `sys_oper_log` VALUES (239, '', 7, 'cn.wolfcode.car.web.controller.monitor.SysUserOnlineController.forceLogout()', 'DELETE', 1, 'admin', NULL, '/monitor/online/d93303eb-b0bc-44c3-832f-d20845535cc0', '192.168.20.172', 'IP', '{}', '{\"msg\":\"\",\"code\":200}', 0, NULL, '2023-03-30 16:56:38');
INSERT INTO `sys_oper_log` VALUES (240, '', 7, 'cn.wolfcode.car.web.controller.monitor.SysUserOnlineController.forceLogout()', 'DELETE', 1, 'admin', NULL, '/monitor/online/28f5ab19-f131-44af-9a6e-450a106311ce', '192.168.20.93', 'IP', '{}', '{\"msg\":\"\",\"code\":200}', 0, NULL, '2023-03-30 17:14:48');
INSERT INTO `sys_oper_log` VALUES (241, '', 7, 'cn.wolfcode.car.web.controller.monitor.SysUserOnlineController.forceLogout()', 'DELETE', 1, 'admin', NULL, '/monitor/online/dbf95da2-e6da-4047-9961-32c45338b086', '192.168.20.93', 'IP', '{}', '{\"msg\":\"\",\"code\":200}', 0, NULL, '2023-03-30 17:15:03');
INSERT INTO `sys_oper_log` VALUES (242, '', 1, 'cn.wolfcode.car.appointment.controller.BusServiceItemController.add()', 'POST', 1, 'admin', NULL, '/appointment/serviceItem', '127.0.0.1', 'IP', '{\"carPackage\":0,\"discountPrice\":59.8,\"info\":\"\",\"name\":\"\",\"originalPrice\":168,\"params\":{},\"serviceCatalog\":1}', '{\"msg\":\"\",\"code\":200}', 0, NULL, '2023-03-30 17:15:16');
INSERT INTO `sys_oper_log` VALUES (243, '', 1, 'cn.wolfcode.car.appointment.controller.BusServiceItemController.add()', 'POST', 1, 'admin', NULL, '/appointment/serviceItem', '127.0.0.1', 'IP', '{\"carPackage\":1,\"discountPrice\":10,\"info\":\"\",\"name\":\"\",\"originalPrice\":9.9,\"params\":{},\"serviceCatalog\":1}', NULL, 1, '', '2023-03-30 17:17:36');
INSERT INTO `sys_oper_log` VALUES (244, '', 1, 'cn.wolfcode.car.appointment.controller.BusServiceItemController.add()', 'POST', 1, 'admin', NULL, '/appointment/serviceItem', '127.0.0.1', 'IP', '{\"carPackage\":1,\"discountPrice\":9.9,\"info\":\"\",\"name\":\"\",\"originalPrice\":10,\"params\":{},\"serviceCatalog\":1}', '{\"msg\":\"\",\"code\":200}', 0, NULL, '2023-03-30 17:17:48');
INSERT INTO `sys_oper_log` VALUES (245, '', 7, 'cn.wolfcode.car.web.controller.monitor.SysUserOnlineController.forceLogout()', 'DELETE', 1, 'admin', NULL, '/monitor/online/242f93ec-0e19-4902-9637-a8dfe2d9c0d0', '192.168.20.93', 'IP', '{}', '{\"msg\":\"\",\"code\":200}', 0, NULL, '2023-03-30 17:18:45');
INSERT INTO `sys_oper_log` VALUES (246, '', 2, 'cn.wolfcode.car.appointment.controller.BusServiceItemController.edit()', 'PUT', 1, 'admin', NULL, '/appointment/serviceItem', '192.168.20.93', 'IP', '{\"auditStatus\":0,\"carPackage\":0,\"createTime\":\"2021-05-18 00:00:00\",\"discountPrice\":68,\"id\":5,\"info\":\"\",\"name\":\"\",\"originalPrice\":99,\"params\":{},\"saleStatus\":0,\"serviceCatalog\":1}', '{\"msg\":\"\",\"code\":200}', 0, NULL, '2023-03-30 17:20:11');
INSERT INTO `sys_oper_log` VALUES (247, '', 5, 'cn.wolfcode.car.appointment.controller.BusServiceItemController.export()', 'POST', 1, 'admin', NULL, '/appointment/serviceItem/export', '127.0.0.1', 'IP', '{\"params\":{}}', NULL, 0, NULL, '2023-03-30 17:21:04');
INSERT INTO `sys_oper_log` VALUES (248, '', 2, 'cn.wolfcode.car.appointment.controller.BusServiceItemController.edit()', 'PUT', 1, 'admin', NULL, '/appointment/serviceItem', '127.0.0.1', 'IP', '{\"carPackage\":1,\"createTime\":\"2021-05-14 10:09:36\",\"discountPrice\":188,\"id\":1,\"info\":\"\",\"name\":\"()\",\"originalPrice\":188,\"params\":{},\"serviceCatalog\":2}', NULL, 1, '', '2023-04-01 09:39:27');
INSERT INTO `sys_oper_log` VALUES (249, '', 2, 'cn.wolfcode.car.appointment.controller.BusServiceItemController.edit()', 'PUT', 1, 'admin', NULL, '/appointment/serviceItem', '127.0.0.1', 'IP', '{\"carPackage\":1,\"createTime\":\"2021-05-14 10:09:36\",\"discountPrice\":188,\"id\":1,\"info\":\"\",\"name\":\"()\",\"originalPrice\":188,\"params\":{},\"serviceCatalog\":2}', '{\"msg\":\"\",\"code\":200}', 0, NULL, '2023-04-01 09:43:23');
INSERT INTO `sys_oper_log` VALUES (250, '', 2, 'cn.wolfcode.car.appointment.controller.BusServiceItemController.edit()', 'PUT', 1, 'admin', NULL, '/appointment/serviceItem', '127.0.0.1', 'IP', '{\"carPackage\":1,\"createTime\":\"2021-05-14 10:09:36\",\"discountPrice\":188,\"id\":1,\"info\":\"\",\"name\":\"()\",\"originalPrice\":188,\"params\":{},\"serviceCatalog\":2}', '{\"msg\":\"\",\"code\":200}', 0, NULL, '2023-04-01 09:46:49');
INSERT INTO `sys_oper_log` VALUES (251, '', 2, 'cn.wolfcode.car.appointment.controller.BusServiceItemController.edit()', 'PUT', 1, 'admin', NULL, '/appointment/serviceItem', '127.0.0.1', 'IP', '{\"carPackage\":0,\"createTime\":\"2021-05-14 10:09:36\",\"discountPrice\":188,\"id\":1,\"info\":\"\",\"name\":\"()\",\"originalPrice\":188,\"params\":{},\"serviceCatalog\":2}', '{\"msg\":\"\",\"code\":200}', 0, NULL, '2023-04-01 09:47:04');
INSERT INTO `sys_oper_log` VALUES (252, '', 2, 'cn.wolfcode.car.appointment.controller.BusServiceItemController.edit()', 'PUT', 1, 'admin', NULL, '/appointment/serviceItem', '127.0.0.1', 'IP', '{\"carPackage\":0,\"createTime\":\"2021-05-14 10:09:36\",\"discountPrice\":188,\"id\":1,\"info\":\"\",\"name\":\"()\",\"originalPrice\":188,\"params\":{},\"serviceCatalog\":2}', '{\"msg\":\"\",\"code\":200}', 0, NULL, '2023-04-01 09:50:00');
INSERT INTO `sys_oper_log` VALUES (253, '', 2, 'cn.wolfcode.car.appointment.controller.BusServiceItemController.edit()', 'PUT', 1, 'admin', NULL, '/appointment/serviceItem', '127.0.0.1', 'IP', '{\"carPackage\":1,\"createTime\":\"2021-05-14 10:09:36\",\"discountPrice\":188,\"id\":1,\"info\":\"\",\"name\":\"()\",\"originalPrice\":188,\"params\":{},\"serviceCatalog\":2}', '{\"msg\":\"\",\"code\":200}', 0, NULL, '2023-04-01 09:50:06');
INSERT INTO `sys_oper_log` VALUES (254, '', 2, 'cn.wolfcode.car.appointment.controller.BusServiceItemController.edit()', 'PUT', 1, 'admin', NULL, '/appointment/serviceItem', '127.0.0.1', 'IP', '{\"carPackage\":0,\"createTime\":\"2021-05-27 00:00:00\",\"discountPrice\":1504,\"id\":8,\"info\":\"\",\"name\":\"\",\"originalPrice\":6000,\"params\":{},\"serviceCatalog\":1}', '{\"msg\":\"\",\"code\":200}', 0, NULL, '2023-04-01 09:50:19');
INSERT INTO `sys_oper_log` VALUES (255, '', 3, 'cn.wolfcode.car.appointment.controller.BusServiceItemController.remove()', 'DELETE', 1, 'admin', NULL, '/appointment/serviceItem/1', '127.0.0.1', 'IP', '{}', '{\"msg\":\"\",\"code\":200}', 0, NULL, '2023-04-01 10:46:32');
INSERT INTO `sys_oper_log` VALUES (256, '', 2, 'cn.wolfcode.car.appointment.controller.BusServiceItemController.edit()', 'PUT', 1, 'admin', NULL, '/appointment/serviceItem', '192.168.20.93', 'IP', '{\"carPackage\":0,\"createTime\":\"2021-05-18 00:00:00\",\"discountPrice\":68,\"id\":5,\"info\":\"\",\"name\":\"\",\"originalPrice\":99,\"params\":{},\"serviceCatalog\":1}', '{\"msg\":\"\",\"code\":200}', 0, NULL, '2023-04-01 10:47:49');
INSERT INTO `sys_oper_log` VALUES (257, '', 2, 'cn.wolfcode.car.appointment.controller.BusServiceItemController.updateSaleStatus()', 'PUT', 1, 'admin', NULL, '/appointment/serviceItem/saleStatus/2', '127.0.0.1', 'IP', '2', '{\"msg\":\"\",\"code\":200}', 0, NULL, '2023-04-01 11:21:23');
INSERT INTO `sys_oper_log` VALUES (258, '', 2, 'cn.wolfcode.car.appointment.controller.BusServiceItemController.updateSaleStatus()', 'PUT', 1, 'admin', NULL, '/appointment/serviceItem/saleStatus/2', '127.0.0.1', 'IP', '2', '{\"msg\":\"\",\"code\":200}', 0, NULL, '2023-04-01 11:21:28');
INSERT INTO `sys_oper_log` VALUES (259, '', 2, 'cn.wolfcode.car.appointment.controller.BusServiceItemController.updateSaleStatus()', 'PUT', 1, 'admin', NULL, '/appointment/serviceItem/saleStatus/3', '127.0.0.1', 'IP', '3', NULL, 1, '', '2023-04-01 11:21:37');
INSERT INTO `sys_oper_log` VALUES (260, '', 1, 'cn.wolfcode.car.web.controller.system.SysDictTypeController.add()', 'POST', 1, 'admin', NULL, '/system/dict/type', '127.0.0.1', 'IP', '{\"createBy\":\"admin\",\"dictName\":\"\",\"dictType\":\"bus_yes_no\",\"params\":{},\"remark\":\"0=1=\",\"status\":\"0\"}', '{\"msg\":\"\",\"code\":200}', 0, NULL, '2023-04-01 15:02:08');
INSERT INTO `sys_oper_log` VALUES (261, '', 1, 'cn.wolfcode.car.web.controller.system.SysDictDataController.add()', 'POST', 1, 'admin', NULL, '/system/dict/data', '127.0.0.1', 'IP', '{\"createBy\":\"admin\",\"default\":false,\"dictLabel\":\"\",\"dictSort\":0,\"dictType\":\"bus_yes_no\",\"dictValue\":\"0\",\"listClass\":\"default\",\"params\":{},\"status\":\"0\"}', '{\"msg\":\"\",\"code\":200}', 0, NULL, '2023-04-01 15:02:19');
INSERT INTO `sys_oper_log` VALUES (262, '', 1, 'cn.wolfcode.car.web.controller.system.SysDictDataController.add()', 'POST', 1, 'admin', NULL, '/system/dict/data', '127.0.0.1', 'IP', '{\"createBy\":\"admin\",\"default\":false,\"dictLabel\":\"\",\"dictSort\":1,\"dictType\":\"bus_yes_no\",\"dictValue\":\"1\",\"listClass\":\"default\",\"params\":{},\"status\":\"0\"}', '{\"msg\":\"\",\"code\":200}', 0, NULL, '2023-04-01 15:02:25');
INSERT INTO `sys_oper_log` VALUES (263, '', 1, 'cn.wolfcode.car.web.controller.system.SysDictTypeController.add()', 'POST', 1, 'admin', NULL, '/system/dict/type', '127.0.0.1', 'IP', '{\"createBy\":\"admin\",\"dictName\":\"\",\"dictType\":\"bus_st_pay_status\",\"params\":{},\"remark\":\"\",\"status\":\"0\"}', '{\"msg\":\"\",\"code\":200}', 0, NULL, '2023-04-01 15:03:09');
INSERT INTO `sys_oper_log` VALUES (264, '', 1, 'cn.wolfcode.car.web.controller.system.SysDictDataController.add()', 'POST', 1, 'admin', NULL, '/system/dict/data', '127.0.0.1', 'IP', '{\"createBy\":\"admin\",\"default\":false,\"dictLabel\":\"\",\"dictSort\":0,\"dictType\":\"bus_st_pay_status\",\"dictValue\":\"0\",\"listClass\":\"default\",\"params\":{},\"status\":\"0\"}', '{\"msg\":\"\",\"code\":200}', 0, NULL, '2023-04-01 15:03:19');
INSERT INTO `sys_oper_log` VALUES (265, '', 2, 'cn.wolfcode.car.web.controller.system.SysDictDataController.edit()', 'PUT', 1, 'admin', NULL, '/system/dict/data', '127.0.0.1', 'IP', '{\"createBy\":\"admin\",\"createTime\":\"2023-04-01 15:03:19\",\"default\":false,\"dictCode\":122,\"dictLabel\":\"\",\"dictSort\":0,\"dictType\":\"bus_st_pay_status\",\"dictValue\":\"0\",\"isDefault\":\"N\",\"listClass\":\"primary\",\"params\":{},\"status\":\"0\",\"updateBy\":\"admin\"}', '{\"msg\":\"\",\"code\":200}', 0, NULL, '2023-04-01 15:03:29');
INSERT INTO `sys_oper_log` VALUES (266, '', 1, 'cn.wolfcode.car.web.controller.system.SysDictDataController.add()', 'POST', 1, 'admin', NULL, '/system/dict/data', '127.0.0.1', 'IP', '{\"createBy\":\"admin\",\"default\":false,\"dictLabel\":\"\",\"dictSort\":1,\"dictType\":\"bus_st_pay_status\",\"dictValue\":\"1\",\"listClass\":\"success\",\"params\":{},\"status\":\"0\"}', '{\"msg\":\"\",\"code\":200}', 0, NULL, '2023-04-01 15:03:38');
INSERT INTO `sys_oper_log` VALUES (267, '', 6, 'cn.wolfcode.car.generator.controller.GenController.importTableSave()', 'POST', 1, 'admin', NULL, '/tool/gen/importTable', '127.0.0.1', 'IP', '\"bus_statement\"', '{\"msg\":\"\",\"code\":200}', 0, NULL, '2023-04-01 15:04:14');
INSERT INTO `sys_oper_log` VALUES (268, '', 2, 'cn.wolfcode.car.generator.controller.GenController.editSave()', 'PUT', 1, 'admin', NULL, '/tool/gen', '127.0.0.1', 'IP', '{\"businessName\":\"statement\",\"className\":\"BusStatement\",\"columns\":[{\"capJavaField\":\"Id\",\"columnId\":33,\"columnName\":\"id\",\"columnType\":\"bigint(11)\",\"createBy\":\"admin\",\"createTime\":\"2023-04-01 15:04:13\",\"dictType\":\"\",\"edit\":false,\"htmlType\":\"input\",\"increment\":true,\"insert\":false,\"isIncrement\":\"1\",\"isInsert\":\"0\",\"isPk\":\"1\",\"javaField\":\"id\",\"javaType\":\"Long\",\"list\":false,\"params\":{},\"pk\":true,\"query\":false,\"queryType\":\"EQ\",\"required\":false,\"sort\":1,\"superColumn\":false,\"tableId\":4,\"updateBy\":\"\",\"usableColumn\":false},{\"capJavaField\":\"CustomerName\",\"columnComment\":\"\",\"columnId\":34,\"columnName\":\"customer_name\",\"columnType\":\"varchar(20)\",\"createBy\":\"admin\",\"createTime\":\"2023-04-01 15:04:13\",\"dictType\":\"\",\"edit\":true,\"htmlType\":\"input\",\"increment\":false,\"insert\":true,\"isEdit\":\"1\",\"isIncrement\":\"0\",\"isInsert\":\"1\",\"isList\":\"1\",\"isPk\":\"0\",\"isQuery\":\"0\",\"javaField\":\"customerName\",\"javaType\":\"String\",\"list\":true,\"params\":{},\"pk\":false,\"query\":false,\"queryType\":\"LIKE\",\"required\":false,\"sort\":2,\"superColumn\":false,\"tableId\":4,\"updateBy\":\"\",\"usableColumn\":false},{\"capJavaField\":\"CustomerPhone\",\"columnComment\":\"\",\"columnId\":35,\"columnName\":\"customer_phone\",\"columnType\":\"varchar(11)\",\"createBy\":\"admin\",\"createTime\":\"2023-04-01 15:04:13\",\"dictType\":\"\",\"edit\":true,\"htmlType\":\"input\",\"increment\":false,\"insert\":true,\"isEdit\":\"1\",\"isIncrement\":\"0\",\"isInsert\":\"1\",\"isList\":\"0\",\"isPk\":\"0\",\"isQuery\":\"0\",\"javaField\":\"customerPhone\",\"javaType\":\"String\",\"list\":false,\"params\":{},\"pk\":false,\"query\":false,\"queryType\":\"EQ\",\"required\":false,\"sort\":3,\"superColumn\":false,\"tableId\":4,\"updateBy\":\"\",\"usableColumn\":false},{\"capJavaField\":\"ActualArrivalTime\",\"columnComment\":\"\",\"columnId\":36,\"columnName\":\"actual_arrival_time\",\"columnType\":\"datetime\",\"createBy\":\"admin\",\"createTime\":\"2023-04-01 15:04:13\",\"dictType\":\"\",\"edit\":true,\"htmlType\":\"datetime\",\"increment\":false,\"insert\":true,\"isEdit\":\"1\",\"isIncrement\":\"0\",\"isInsert\":\"1\",\"isList\":\"1\",\"isPk\":\"0\",\"isQuery\":\"1\",\"javaField\":\"actualArrivalTime\",', '{\"msg\":\"\",\"code\":200}', 0, NULL, '2023-04-01 15:08:58');
INSERT INTO `sys_oper_log` VALUES (269, '', 2, 'cn.wolfcode.car.generator.controller.GenController.editSave()', 'PUT', 1, 'admin', NULL, '/tool/gen', '127.0.0.1', 'IP', '{\"businessName\":\"statement\",\"className\":\"BusStatement\",\"columns\":[{\"capJavaField\":\"Id\",\"columnId\":33,\"columnName\":\"id\",\"columnType\":\"bigint(11)\",\"createBy\":\"admin\",\"createTime\":\"2023-04-01 15:04:13\",\"dictType\":\"\",\"edit\":false,\"htmlType\":\"input\",\"increment\":true,\"insert\":false,\"isIncrement\":\"1\",\"isInsert\":\"0\",\"isPk\":\"1\",\"javaField\":\"id\",\"javaType\":\"Long\",\"list\":false,\"params\":{},\"pk\":true,\"query\":false,\"queryType\":\"EQ\",\"required\":false,\"sort\":1,\"superColumn\":false,\"tableId\":4,\"updateBy\":\"\",\"updateTime\":\"2023-04-01 15:08:58\",\"usableColumn\":false},{\"capJavaField\":\"CustomerName\",\"columnComment\":\"\",\"columnId\":34,\"columnName\":\"customer_name\",\"columnType\":\"varchar(20)\",\"createBy\":\"admin\",\"createTime\":\"2023-04-01 15:04:13\",\"dictType\":\"\",\"edit\":true,\"htmlType\":\"input\",\"increment\":false,\"insert\":true,\"isEdit\":\"1\",\"isIncrement\":\"0\",\"isInsert\":\"1\",\"isList\":\"1\",\"isPk\":\"0\",\"isQuery\":\"0\",\"javaField\":\"customerName\",\"javaType\":\"String\",\"list\":true,\"params\":{},\"pk\":false,\"query\":false,\"queryType\":\"LIKE\",\"required\":false,\"sort\":2,\"superColumn\":false,\"tableId\":4,\"updateBy\":\"\",\"updateTime\":\"2023-04-01 15:08:58\",\"usableColumn\":false},{\"capJavaField\":\"CustomerPhone\",\"columnComment\":\"\",\"columnId\":35,\"columnName\":\"customer_phone\",\"columnType\":\"varchar(11)\",\"createBy\":\"admin\",\"createTime\":\"2023-04-01 15:04:13\",\"dictType\":\"\",\"edit\":true,\"htmlType\":\"input\",\"increment\":false,\"insert\":true,\"isEdit\":\"1\",\"isIncrement\":\"0\",\"isInsert\":\"1\",\"isList\":\"0\",\"isPk\":\"0\",\"isQuery\":\"0\",\"javaField\":\"customerPhone\",\"javaType\":\"String\",\"list\":false,\"params\":{},\"pk\":false,\"query\":false,\"queryType\":\"EQ\",\"required\":false,\"sort\":3,\"superColumn\":false,\"tableId\":4,\"updateBy\":\"\",\"updateTime\":\"2023-04-01 15:08:58\",\"usableColumn\":false},{\"capJavaField\":\"ActualArrivalTime\",\"columnComment\":\"\",\"columnId\":36,\"columnName\":\"actual_arrival_time\",\"columnType\":\"datetime\",\"createBy\":\"admin\",\"createTime\":\"2023-04-01 15:04:13\",\"dictType\":\"\",\"edit\":true,\"htmlType\":\"datetime\",\"increment\":false,\"insert\":true,\"isEdit\":\"1', '{\"msg\":\"\",\"code\":200}', 0, NULL, '2023-04-01 15:09:24');
INSERT INTO `sys_oper_log` VALUES (270, '', 8, 'cn.wolfcode.car.generator.controller.GenController.batchGenCode()', 'GET', 1, 'admin', NULL, '/tool/gen/batchGenCode', '127.0.0.1', 'IP', '{\"tables\":\"bus_statement\"}', NULL, 0, NULL, '2023-04-01 15:09:43');
INSERT INTO `sys_oper_log` VALUES (271, '', 2, 'cn.wolfcode.car.appointment.controller.BusStatementController.edit()', 'PUT', 1, 'admin', NULL, '/appointment/statement', '192.168.20.93', 'IP', '{\"actualArrivalTime\":\"2021-05-19 00:00:00\",\"appointmentId\":1,\"carSeries\":\"X5\",\"createTime\":\"2021-12-13 22:18:51\",\"customerName\":\"\",\"customerPhone\":\"13088889999\",\"discountAmount\":0,\"id\":12,\"info\":\"vs\",\"isDelete\":0,\"licensePlate\":\"A66688\",\"params\":{},\"payTime\":\"2021-12-15 17:14:32\",\"payeeId\":1,\"serviceType\":1,\"status\":1,\"totalAmount\":276,\"totalQuantity\":2}', '{\"msg\":\"\",\"code\":200}', 0, NULL, '2023-04-01 15:51:01');
INSERT INTO `sys_oper_log` VALUES (272, '', 1, 'cn.wolfcode.car.appointment.controller.BusStatementController.add()', 'POST', 1, 'admin', NULL, '/appointment/statement', '127.0.0.1', 'IP', '{\"actualArrivalTime\":\"2023-04-07 01:03:02\",\"carSeries\":\"\",\"customerName\":\"\",\"customerPhone\":\"13546544564\",\"info\":\"\",\"licensePlate\":\"A99999\",\"params\":{},\"serviceType\":2}', '{\"msg\":\"\",\"code\":200}', 0, NULL, '2023-04-01 16:16:13');
INSERT INTO `sys_oper_log` VALUES (273, '', 2, 'cn.wolfcode.car.appointment.controller.BusStatementController.edit()', 'PUT', 1, 'admin', NULL, '/appointment/statement', '127.0.0.1', 'IP', '{\"actualArrivalTime\":\"2021-10-27 16:06:17\",\"carSeries\":\"\",\"createTime\":\"2021-10-27 16:23:57\",\"customerName\":\"\",\"customerPhone\":\"13099996666\",\"id\":1,\"licensePlate\":\"A88888\",\"params\":{},\"serviceType\":0}', NULL, 1, '', '2023-04-01 16:41:26');
INSERT INTO `sys_oper_log` VALUES (274, '', 2, 'cn.wolfcode.car.appointment.controller.BusStatementController.edit()', 'PUT', 1, 'admin', NULL, '/appointment/statement', '127.0.0.1', 'IP', '{\"actualArrivalTime\":\"2021-12-16 10:30:00\",\"carSeries\":\"\",\"createTime\":\"2021-12-13 14:15:04\",\"customerName\":\"\",\"customerPhone\":\"13088889999\",\"id\":4,\"info\":\"6666\",\"licensePlate\":\"A98888\",\"params\":{},\"serviceType\":0}', '{\"msg\":\"\",\"code\":200}', 0, NULL, '2023-04-01 16:41:43');
INSERT INTO `sys_oper_log` VALUES (275, '', 1, 'cn.wolfcode.car.appointment.controller.BusStatementController.add()', 'POST', 1, 'admin', NULL, '/appointment/statement', '127.0.0.1', 'IP', '{\"actualArrivalTime\":\"2023-04-14 01:02:02\",\"carSeries\":\"qqq\",\"customerName\":\"111\",\"customerPhone\":\"13545644565\",\"info\":\"aaqdq\",\"licensePlate\":\"A11111\",\"params\":{},\"serviceType\":0}', '{\"msg\":\"\",\"code\":200}', 0, NULL, '2023-04-01 16:57:38');
INSERT INTO `sys_oper_log` VALUES (276, '', 3, 'cn.wolfcode.car.appointment.controller.BusStatementController.remove()', 'DELETE', 1, 'admin', NULL, '/appointment/statement/68', '127.0.0.1', 'IP', '{}', '{\"msg\":\"\",\"code\":200}', 0, NULL, '2023-04-01 16:57:44');
INSERT INTO `sys_oper_log` VALUES (277, '', 3, 'cn.wolfcode.car.appointment.controller.BusStatementController.remove()', 'DELETE', 1, 'admin', NULL, '/appointment/statement/1', '127.0.0.1', 'IP', '{}', NULL, 1, '', '2023-04-01 16:59:24');
INSERT INTO `sys_oper_log` VALUES (278, '', 2, 'cn.wolfcode.car.appointment.controller.BusStatementController.edit()', 'PUT', 1, 'admin', NULL, '/appointment/statement', '192.168.20.93', 'IP', '{\"actualArrivalTime\":\"2021-05-19 00:00:00\",\"carSeries\":\"X5\",\"createTime\":\"2021-12-13 22:18:51\",\"customerName\":\"\",\"customerPhone\":\"13088889999\",\"id\":12,\"info\":\"666\",\"licensePlate\":\"A66688\",\"params\":{},\"serviceType\":1}', NULL, 1, '', '2023-04-01 17:13:47');
INSERT INTO `sys_oper_log` VALUES (279, '', 2, 'cn.wolfcode.car.appointment.controller.BusStatementController.edit()', 'PUT', 1, 'admin', NULL, '/appointment/statement', '192.168.20.93', 'IP', '{\"actualArrivalTime\":\"2021-05-19 00:00:00\",\"carSeries\":\"X5\",\"createTime\":\"2021-12-13 22:18:51\",\"customerName\":\"\",\"customerPhone\":\"13088889999\",\"id\":12,\"info\":\"666\",\"licensePlate\":\"A66688\",\"params\":{},\"serviceType\":1}', NULL, 1, '', '2023-04-01 17:14:36');
INSERT INTO `sys_oper_log` VALUES (280, '', 2, 'cn.wolfcode.car.appointment.controller.BusServiceItemController.updateSaleStatus()', 'PUT', 1, 'admin', NULL, '/appointment/serviceItem/saleStatus/8', '192.168.20.91', 'IP', '8', '{\"msg\":\"\",\"code\":200}', 0, NULL, '2023-04-01 18:58:09');
INSERT INTO `sys_oper_log` VALUES (281, '', 1, 'cn.wolfcode.car.appointment.controller.BusServiceItemController.add()', 'POST', 1, 'admin', NULL, '/appointment/serviceItem', '192.168.20.91', 'IP', '{\"carPackage\":0,\"discountPrice\":11,\"info\":\"\",\"name\":\"\",\"originalPrice\":12,\"params\":{},\"serviceCatalog\":1}', '{\"msg\":\"\",\"code\":200}', 0, NULL, '2023-04-01 18:59:33');
INSERT INTO `sys_oper_log` VALUES (282, '', 2, 'cn.wolfcode.car.appointment.controller.BusServiceItemController.edit()', 'PUT', 1, 'admin', NULL, '/appointment/serviceItem', '192.168.20.72', 'IP', '{\"carPackage\":0,\"createTime\":\"2021-05-18 00:00:00\",\"discountPrice\":68,\"id\":5,\"info\":\"\",\"name\":\"\",\"originalPrice\":99,\"params\":{},\"serviceCatalog\":0}', '{\"msg\":\"\",\"code\":200}', 0, NULL, '2023-04-02 09:55:43');
INSERT INTO `sys_oper_log` VALUES (283, '', 1, 'cn.wolfcode.car.web.controller.system.SysMenuController.add()', 'POST', 1, 'admin', NULL, '/system/menu', '127.0.0.1', 'IP', '{\"children\":[],\"createBy\":\"admin\",\"isCache\":\"0\",\"isFrame\":\"1\",\"menuName\":\"\",\"menuType\":\"C\",\"orderNum\":6,\"params\":{},\"parentId\":2003,\"path\":\"qwe\",\"status\":\"0\",\"visible\":\"0\"}', '{\"msg\":\"\",\"code\":200}', 0, NULL, '2023-04-02 10:15:58');
INSERT INTO `sys_oper_log` VALUES (284, '', 2, 'cn.wolfcode.car.web.controller.system.SysMenuController.edit()', 'PUT', 1, 'admin', NULL, '/system/menu', '127.0.0.1', 'IP', '{\"children\":[],\"createTime\":\"2023-04-02 10:15:58\",\"icon\":\"#\",\"isCache\":\"0\",\"isFrame\":\"1\",\"menuId\":2019,\"menuName\":\"\",\"menuType\":\"C\",\"orderNum\":6,\"params\":{},\"parentId\":2003,\"path\":\"item\",\"perms\":\"\",\"status\":\"0\",\"updateBy\":\"admin\",\"visible\":\"0\"}', '{\"msg\":\"\",\"code\":200}', 0, NULL, '2023-04-02 10:16:16');
INSERT INTO `sys_oper_log` VALUES (285, '', 2, 'cn.wolfcode.car.web.controller.system.SysMenuController.edit()', 'PUT', 1, 'admin', NULL, '/system/menu', '127.0.0.1', 'IP', '{\"children\":[],\"component\":\"business/appointment/statement/item/index\",\"createTime\":\"2023-04-02 10:15:58\",\"icon\":\"#\",\"isCache\":\"0\",\"isFrame\":\"1\",\"menuId\":2019,\"menuName\":\"\",\"menuType\":\"C\",\"orderNum\":6,\"params\":{},\"parentId\":2003,\"path\":\"item/:statementId(\\\\d+)\",\"perms\":\"\",\"status\":\"0\",\"updateBy\":\"admin\",\"visible\":\"1\"}', '{\"msg\":\"\",\"code\":200}', 0, NULL, '2023-04-02 10:18:57');
INSERT INTO `sys_oper_log` VALUES (286, '', 2, 'cn.wolfcode.car.web.controller.system.SysMenuController.edit()', 'PUT', 1, 'admin', NULL, '/system/menu', '127.0.0.1', 'IP', '{\"children\":[],\"component\":\"business/appointment/statement/item/index\",\"createTime\":\"2023-04-02 10:15:58\",\"icon\":\"#\",\"isCache\":\"0\",\"isFrame\":\"1\",\"menuId\":2019,\"menuName\":\"\",\"menuType\":\"C\",\"orderNum\":6,\"params\":{},\"parentId\":2000,\"path\":\"statement/item/:statementId(\\\\d+)\",\"perms\":\"\",\"status\":\"0\",\"updateBy\":\"admin\",\"visible\":\"1\"}', '{\"msg\":\"\",\"code\":200}', 0, NULL, '2023-04-02 10:20:37');
INSERT INTO `sys_oper_log` VALUES (287, '', 6, 'cn.wolfcode.car.generator.controller.GenController.importTableSave()', 'POST', 1, 'admin', NULL, '/tool/gen/importTable', '127.0.0.1', 'IP', '\"bus_statement_item\"', '{\"msg\":\"\",\"code\":200}', 0, NULL, '2023-04-02 16:32:50');
INSERT INTO `sys_oper_log` VALUES (288, '', 1, 'cn.wolfcode.car.appointment.controller.BusStatementController.addItems()', 'POST', 1, 'admin', NULL, '/appointment/statement/items', '127.0.0.1', 'IP', '{\"discountAmount\":10,\"id\":67,\"items\":[{\"itemId\":2,\"itemName\":\"\",\"itemPrice\":88.00,\"itemQuantity\":1,\"params\":{},\"statementId\":67},{\"itemId\":6,\"itemName\":\"\",\"itemPrice\":399.00,\"itemQuantity\":2,\"params\":{},\"statementId\":67},{\"itemId\":8,\"itemName\":\"\",\"itemPrice\":1504.00,\"itemQuantity\":1,\"params\":{},\"statementId\":67}],\"params\":{}}', '{\"msg\":\"\",\"code\":200}', 0, NULL, '2023-04-02 17:25:51');
INSERT INTO `sys_oper_log` VALUES (289, '', 1, 'cn.wolfcode.car.appointment.controller.BusStatementController.addItems()', 'POST', 1, 'admin', NULL, '/appointment/statement/items', '127.0.0.1', 'IP', '{\"discountAmount\":10,\"id\":1,\"items\":[{\"itemId\":2,\"itemPrice\":1,\"itemQuantity\":1,\"params\":{},\"statementId\":67},{\"itemId\":6,\"itemPrice\":1,\"itemQuantity\":2,\"params\":{},\"statementId\":67},{\"itemId\":8,\"itemPrice\":1,\"itemQuantity\":1,\"params\":{},\"statementId\":67}],\"params\":{}}', NULL, 1, '', '2023-04-02 17:26:59');
INSERT INTO `sys_oper_log` VALUES (290, '', 1, 'cn.wolfcode.car.appointment.controller.BusStatementController.addItems()', 'POST', 1, 'admin', NULL, '/appointment/statement/items', '127.0.0.1', 'IP', '{\"discountAmount\":90,\"id\":67,\"items\":[{\"id\":172,\"itemId\":2,\"itemName\":\"\",\"itemPrice\":88.00,\"itemQuantity\":1,\"params\":{},\"statementId\":67},{\"id\":173,\"itemId\":6,\"itemName\":\"\",\"itemPrice\":399.00,\"itemQuantity\":2,\"params\":{},\"statementId\":67},{\"id\":174,\"itemId\":8,\"itemName\":\"\",\"itemPrice\":1504.00,\"itemQuantity\":1,\"params\":{},\"statementId\":67}],\"params\":{}}', '{\"msg\":\"\",\"code\":200}', 0, NULL, '2023-04-02 17:41:47');
INSERT INTO `sys_oper_log` VALUES (291, '', 1, 'cn.wolfcode.car.appointment.controller.BusStatementController.addItems()', 'POST', 1, 'admin', NULL, '/appointment/statement/items', '127.0.0.1', 'IP', '{\"discountAmount\":90,\"id\":67,\"items\":[{\"id\":176,\"itemId\":6,\"itemName\":\"\",\"itemPrice\":399.00,\"itemQuantity\":2,\"params\":{},\"statementId\":67},{\"id\":177,\"itemId\":8,\"itemName\":\"\",\"itemPrice\":1504.00,\"itemQuantity\":2,\"params\":{},\"statementId\":67},{\"itemId\":10,\"itemName\":\"\",\"itemPrice\":129.00,\"itemQuantity\":1,\"params\":{},\"statementId\":67}],\"params\":{}}', '{\"msg\":\"\",\"code\":200}', 0, NULL, '2023-04-02 17:42:07');
INSERT INTO `sys_oper_log` VALUES (292, '', 1, 'cn.wolfcode.car.appointment.controller.BusStatementController.addItems()', 'POST', 1, 'admin', NULL, '/appointment/statement/items', '192.168.20.72', 'IP', '{\"discountAmount\":90,\"id\":67,\"items\":[{\"id\":178,\"itemId\":6,\"itemName\":\"\",\"itemPrice\":399.00,\"itemQuantity\":1,\"params\":{},\"statementId\":67},{\"id\":179,\"itemId\":8,\"itemName\":\"\",\"itemPrice\":1504.00,\"itemQuantity\":2,\"params\":{},\"statementId\":67},{\"id\":180,\"itemId\":10,\"itemName\":\"\",\"itemPrice\":129.00,\"itemQuantity\":1,\"params\":{},\"statementId\":67}],\"params\":{}}', '{\"msg\":\"\",\"code\":200}', 0, NULL, '2023-04-02 21:12:52');
INSERT INTO `sys_oper_log` VALUES (293, '', 1, 'cn.wolfcode.car.appointment.controller.BusStatementController.addItems()', 'POST', 1, 'admin', NULL, '/appointment/statement/items', '192.168.20.72', 'IP', '{\"discountAmount\":90,\"id\":67,\"items\":[{\"id\":181,\"itemId\":6,\"itemName\":\"\",\"itemPrice\":399.00,\"itemQuantity\":1,\"params\":{},\"statementId\":67},{\"id\":182,\"itemId\":8,\"itemName\":\"\",\"itemPrice\":1504.00,\"itemQuantity\":2,\"params\":{},\"statementId\":67},{\"id\":183,\"itemId\":10,\"itemName\":\"\",\"itemPrice\":129.00,\"itemQuantity\":1,\"params\":{},\"statementId\":67}],\"params\":{}}', '{\"msg\":\"\",\"code\":200}', 0, NULL, '2023-04-02 22:15:36');
INSERT INTO `sys_oper_log` VALUES (294, '', 2, 'cn.wolfcode.car.appointment.controller.BusServiceItemController.updateSaleStatus()', 'PUT', 1, 'admin', NULL, '/appointment/serviceItem/saleStatus/3', '192.168.20.72', 'IP', '3', NULL, 1, '', '2023-04-03 10:50:34');
INSERT INTO `sys_oper_log` VALUES (295, '', 1, 'cn.wolfcode.car.appointment.controller.BusStatementController.addItems()', 'POST', 1, 'admin', NULL, '/appointment/statement/items', '127.0.0.1', 'IP', '{\"discountAmount\":0,\"id\":4,\"items\":[{\"itemId\":2,\"itemName\":\"\",\"itemPrice\":88.00,\"itemQuantity\":1,\"params\":{},\"statementId\":4},{\"itemId\":6,\"itemName\":\"\",\"itemPrice\":399.00,\"itemQuantity\":1,\"params\":{},\"statementId\":4},{\"itemId\":8,\"itemName\":\"\",\"itemPrice\":1504.00,\"itemQuantity\":1,\"params\":{},\"statementId\":4}],\"params\":{}}', '{\"msg\":\"\",\"code\":200}', 0, NULL, '2023-04-03 14:09:38');
INSERT INTO `sys_oper_log` VALUES (296, '', 1, 'cn.wolfcode.car.appointment.controller.BusStatementController.addItems()', 'POST', 1, 'admin', NULL, '/appointment/statement/items', '127.0.0.1', 'IP', '{\"discountAmount\":0,\"id\":4,\"items\":[],\"params\":{}}', NULL, 1, '', '2023-04-03 14:09:43');
INSERT INTO `sys_oper_log` VALUES (297, '', 1, 'cn.wolfcode.car.appointment.controller.BusStatementController.addItems()', 'POST', 1, 'admin', NULL, '/appointment/statement/items', '127.0.0.1', 'IP', '{\"discountAmount\":0,\"id\":4,\"items\":[],\"params\":{}}', NULL, 1, '', '2023-04-03 18:33:04');
INSERT INTO `sys_oper_log` VALUES (298, '', 1, 'cn.wolfcode.car.appointment.controller.BusStatementController.addItems()', 'POST', 1, 'admin', NULL, '/appointment/statement/items', '127.0.0.1', 'IP', '{\"discountAmount\":0,\"id\":4,\"items\":[],\"params\":{}}', NULL, 1, '', '2023-04-03 18:33:05');
INSERT INTO `sys_oper_log` VALUES (299, '', 1, 'cn.wolfcode.car.appointment.controller.BusStatementController.addItems()', 'POST', 1, 'admin', NULL, '/appointment/statement/items', '127.0.0.1', 'IP', '{\"discountAmount\":90,\"id\":67,\"items\":[],\"params\":{}}', NULL, 1, '', '2023-04-03 18:33:56');
INSERT INTO `sys_oper_log` VALUES (300, '', 1, 'cn.wolfcode.car.appointment.controller.BusStatementController.addItems()', 'POST', 1, 'admin', NULL, '/appointment/statement/items', '127.0.0.1', 'IP', '{\"discountAmount\":90,\"id\":67,\"items\":[{\"id\":184,\"itemId\":6,\"itemName\":\"\",\"itemPrice\":399.00,\"itemQuantity\":2,\"params\":{},\"statementId\":67},{\"id\":185,\"itemId\":8,\"itemName\":\"\",\"itemPrice\":1504.00,\"itemQuantity\":2,\"params\":{},\"statementId\":67},{\"id\":186,\"itemId\":10,\"itemName\":\"\",\"itemPrice\":129.00,\"itemQuantity\":1,\"params\":{},\"statementId\":67}],\"params\":{}}', '{\"msg\":\"\",\"code\":200}', 0, NULL, '2023-04-03 18:34:46');
INSERT INTO `sys_oper_log` VALUES (301, '', 1, 'cn.wolfcode.car.appointment.controller.BusStatementController.addItems()', 'POST', 1, 'admin', NULL, '/appointment/statement/items', '127.0.0.1', 'IP', '{\"discountAmount\":90,\"id\":67,\"items\":[],\"params\":{}}', NULL, 1, '', '2023-04-03 18:34:53');
INSERT INTO `sys_oper_log` VALUES (302, '', 1, 'cn.wolfcode.car.appointment.controller.BusStatementController.addItems()', 'POST', 1, 'admin', NULL, '/appointment/statement/items', '127.0.0.1', 'IP', '{\"discountAmount\":90,\"id\":67,\"items\":[{\"itemId\":2,\"itemName\":\"\",\"itemPrice\":88.00,\"itemQuantity\":1,\"params\":{},\"statementId\":67}],\"params\":{}}', '{\"msg\":\"\",\"code\":200}', 0, NULL, '2023-04-03 18:34:57');
INSERT INTO `sys_oper_log` VALUES (303, '', 1, 'cn.wolfcode.car.appointment.controller.BusStatementController.addItems()', 'POST', 1, 'admin', NULL, '/appointment/statement/items', '127.0.0.1', 'IP', '{\"discountAmount\":0,\"id\":67,\"items\":[{\"itemId\":2,\"itemName\":\"\",\"itemPrice\":88.00,\"itemQuantity\":3,\"params\":{},\"statementId\":67}],\"params\":{}}', '{\"msg\":\"\",\"code\":200}', 0, NULL, '2023-04-03 18:35:25');
INSERT INTO `sys_oper_log` VALUES (304, '', 2, 'cn.wolfcode.car.appointment.controller.BusAppointmentController.edit()', 'PUT', 1, 'admin', NULL, '/appointment/info', '127.0.0.1', 'IP', '{\"appointmentTime\":\"2021-10-28 16:05:00\",\"carSeries\":\"\",\"customerName\":\"\",\"customerPhone\":\"13099996666\",\"id\":9,\"info\":\"\",\"licensePlate\":\"A88888\",\"params\":{},\"serviceType\":0}', NULL, 1, '', '2023-04-03 18:35:45');
INSERT INTO `sys_oper_log` VALUES (305, '', 2, 'cn.wolfcode.car.appointment.controller.BusAppointmentController.edit()', 'PUT', 1, 'admin', NULL, '/appointment/info', '127.0.0.1', 'IP', '{\"appointmentTime\":\"2021-10-28 16:05:00\",\"carSeries\":\"\",\"customerName\":\"\",\"customerPhone\":\"13099996666\",\"id\":9,\"info\":\"\",\"licensePlate\":\"A88888\",\"params\":{},\"serviceType\":0}', NULL, 1, '', '2023-04-03 18:35:46');
INSERT INTO `sys_oper_log` VALUES (306, '', 2, 'cn.wolfcode.car.appointment.controller.BusAppointmentController.edit()', 'PUT', 1, 'admin', NULL, '/appointment/info', '127.0.0.1', 'IP', '{\"appointmentTime\":\"2022-09-21 00:00:00\",\"carSeries\":\"\",\"customerName\":\"\",\"customerPhone\":\"13066668888\",\"id\":7,\"info\":\"ddd\",\"licensePlate\":\"AB8899\",\"params\":{},\"serviceType\":1}', NULL, 1, '', '2023-04-03 18:35:57');
INSERT INTO `sys_oper_log` VALUES (307, '', 2, 'cn.wolfcode.car.appointment.controller.BusAppointmentController.edit()', 'PUT', 1, 'admin', NULL, '/appointment/info', '127.0.0.1', 'IP', '{\"appointmentTime\":\"2021-10-28 16:05:00\",\"carSeries\":\"\",\"customerName\":\"\",\"customerPhone\":\"13099996666\",\"id\":9,\"info\":\"\",\"licensePlate\":\"A88888\",\"params\":{},\"serviceType\":0}', NULL, 1, '', '2023-04-03 18:36:06');
INSERT INTO `sys_oper_log` VALUES (308, '', 1, 'cn.wolfcode.car.appointment.controller.BusStatementController.addItems()', 'POST', 1, 'admin', NULL, '/appointment/statement/items', '127.0.0.1', 'IP', '{\"discountAmount\":0,\"id\":67,\"items\":[{\"id\":194,\"itemId\":2,\"itemName\":\"\",\"itemPrice\":88.00,\"itemQuantity\":3,\"params\":{},\"statementId\":67},{\"itemId\":6,\"itemName\":\"\",\"itemPrice\":399.00,\"itemQuantity\":2,\"params\":{},\"statementId\":67}],\"params\":{}}', '{\"msg\":\"\",\"code\":200}', 0, NULL, '2023-04-04 10:07:55');
INSERT INTO `sys_oper_log` VALUES (309, '', 1, 'cn.wolfcode.car.appointment.controller.BusStatementController.addItems()', 'POST', 1, 'admin', NULL, '/appointment/statement/items', '127.0.0.1', 'IP', '{\"discountAmount\":0,\"id\":67,\"items\":[{\"id\":195,\"itemId\":2,\"itemName\":\"\",\"itemPrice\":88.00,\"itemQuantity\":3,\"params\":{},\"statementId\":67},{\"id\":196,\"itemId\":6,\"itemName\":\"\",\"itemPrice\":399.00,\"itemQuantity\":2,\"params\":{},\"statementId\":67}],\"params\":{}}', '{\"msg\":\"\",\"code\":200}', 0, NULL, '2023-04-04 10:10:55');
INSERT INTO `sys_oper_log` VALUES (310, '', 1, 'cn.wolfcode.car.web.controller.system.SysMenuController.add()', 'POST', 1, 'admin', NULL, '/system/menu', '127.0.0.1', 'IP', '{\"children\":[],\"createBy\":\"admin\",\"isCache\":\"0\",\"isFrame\":\"1\",\"menuName\":\"\",\"menuType\":\"M\",\"orderNum\":3,\"params\":{},\"parentId\":2001,\"path\":\"statement/details/:statementId(\\\\d)\",\"status\":\"0\",\"visible\":\"0\"}', '{\"msg\":\"\",\"code\":200}', 0, NULL, '2023-04-04 10:24:35');
INSERT INTO `sys_oper_log` VALUES (311, '', 1, 'cn.wolfcode.car.web.controller.system.SysMenuController.add()', 'POST', 1, 'admin', NULL, '/system/menu', '127.0.0.1', 'IP', '{\"children\":[],\"component\":\"business/appointment/statement/item/details\",\"isCache\":\"0\",\"isFrame\":\"1\",\"menuName\":\"\",\"menuType\":\"C\",\"orderNum\":3,\"params\":{},\"parentId\":2000,\"path\":\"statement/details/:statementId(\\\\d+)\",\"status\":\"0\",\"visible\":\"1\"}', '{\"msg\":\"\'\'\",\"code\":500}', 0, NULL, '2023-04-04 10:26:38');
INSERT INTO `sys_oper_log` VALUES (312, '', 1, 'cn.wolfcode.car.web.controller.system.SysMenuController.add()', 'POST', 1, 'admin', NULL, '/system/menu', '127.0.0.1', 'IP', '{\"children\":[],\"component\":\"business/appointment/statement/item/details\",\"createBy\":\"admin\",\"isCache\":\"0\",\"isFrame\":\"1\",\"menuName\":\"\",\"menuType\":\"C\",\"orderNum\":3,\"params\":{},\"parentId\":2000,\"path\":\"statement/details/:statementId(\\\\d+)\",\"status\":\"0\",\"visible\":\"1\"}', '{\"msg\":\"\",\"code\":200}', 0, NULL, '2023-04-04 10:27:00');
INSERT INTO `sys_oper_log` VALUES (313, '', 2, 'cn.wolfcode.car.web.controller.system.SysMenuController.edit()', 'PUT', 1, 'admin', NULL, '/system/menu', '127.0.0.1', 'IP', '{\"children\":[],\"component\":\"business/appointment/statement/item/details\",\"createTime\":\"2023-04-04 10:27:00\",\"icon\":\"#\",\"isCache\":\"0\",\"isFrame\":\"1\",\"menuId\":2021,\"menuName\":\"\",\"menuType\":\"C\",\"orderNum\":3,\"params\":{},\"parentId\":2000,\"path\":\"statement/details/:statementId(\\\\d+)\",\"perms\":\"\",\"status\":\"0\",\"updateBy\":\"admin\",\"visible\":\"1\"}', '{\"msg\":\"\",\"code\":200}', 0, NULL, '2023-04-04 10:31:23');
INSERT INTO `sys_oper_log` VALUES (314, '', 1, 'cn.wolfcode.car.appointment.controller.BusStatementController.addItems()', 'POST', 1, 'admin', NULL, '/appointment/statement/items', '127.0.0.1', 'IP', '{\"discountAmount\":0,\"id\":67,\"items\":[{\"id\":197,\"itemId\":2,\"itemName\":\"\",\"itemPrice\":88,\"itemQuantity\":3,\"params\":{},\"statementId\":67},{\"id\":198,\"itemId\":6,\"itemName\":\"\",\"itemPrice\":399,\"itemQuantity\":2,\"params\":{},\"statementId\":67}],\"params\":{}}', NULL, 1, '', '2023-04-04 10:55:09');
INSERT INTO `sys_oper_log` VALUES (315, '', 2, 'cn.wolfcode.car.web.controller.system.SysMenuController.edit()', 'PUT', 1, 'admin', NULL, '/system/menu', '192.168.20.72', 'IP', '{\"children\":[],\"component\":\"business/statement/item/pay\",\"createTime\":\"2023-04-04 10:27:00\",\"icon\":\"#\",\"isCache\":\"0\",\"isFrame\":\"1\",\"menuId\":2021,\"menuName\":\"\",\"menuType\":\"C\",\"orderNum\":3,\"params\":{},\"parentId\":2000,\"path\":\"statement/details/:statementId(\\\\d+)\",\"perms\":\"\",\"status\":\"0\",\"updateBy\":\"admin\",\"visible\":\"1\"}', '{\"msg\":\"\",\"code\":200}', 0, NULL, '2023-04-04 11:39:08');
INSERT INTO `sys_oper_log` VALUES (316, '', 2, 'cn.wolfcode.car.web.controller.system.SysMenuController.edit()', 'PUT', 1, 'admin', NULL, '/system/menu', '192.168.20.72', 'IP', '{\"children\":[],\"component\":\"business/appointment/statement/item/details\",\"createTime\":\"2023-04-04 10:27:00\",\"icon\":\"#\",\"isCache\":\"0\",\"isFrame\":\"1\",\"menuId\":2021,\"menuName\":\"\",\"menuType\":\"C\",\"orderNum\":3,\"params\":{},\"parentId\":2000,\"path\":\"statement/details/:statementId(\\\\d+)\",\"perms\":\"\",\"status\":\"0\",\"updateBy\":\"admin\",\"visible\":\"1\"}', '{\"msg\":\"\",\"code\":200}', 0, NULL, '2023-04-04 11:40:19');
INSERT INTO `sys_oper_log` VALUES (317, '', 2, 'cn.wolfcode.car.appointment.controller.BusAppointmentController.edit()', 'PUT', 1, 'admin', NULL, '/appointment/info/9/statements', '127.0.0.1', 'IP', '9', '{\"msg\":\"\",\"code\":200,\"data\":{\"actualArrivalTime\":\"2021-10-27 16:06:17\",\"appointmentId\":9,\"carSeries\":\"\",\"createTime\":\"2021-10-27 16:23:57\",\"customerName\":\"\",\"customerPhone\":\"13099996666\",\"discountAmount\":0.00,\"id\":1,\"isDelete\":0,\"licensePlate\":\"A88888\",\"params\":{},\"payTime\":\"2021-10-27 16:24:10\",\"payeeId\":1,\"serviceType\":0,\"status\":1,\"totalAmount\":256.00,\"totalQuantity\":2.00}}', 0, NULL, '2023-04-04 15:48:38');
INSERT INTO `sys_oper_log` VALUES (318, '', 1, 'cn.wolfcode.car.appointment.controller.BusAppointmentController.add()', 'POST', 1, 'admin', NULL, '/appointment/info', '127.0.0.1', 'IP', '{\"appointmentTime\":\"2023-04-13 00:00:00\",\"carSeries\":\"\",\"customerName\":\"\",\"customerPhone\":\"13545644564\",\"info\":\"111\",\"licensePlate\":\"A12345\",\"params\":{},\"serviceType\":0}', '{\"msg\":\"\",\"code\":200}', 0, NULL, '2023-04-04 15:49:46');
INSERT INTO `sys_oper_log` VALUES (319, '', 2, 'cn.wolfcode.car.appointment.controller.BusAppointmentController.arrivalInfo()', 'PUT', 1, 'admin', NULL, '/appointment/info/arrival/68', '127.0.0.1', 'IP', '68', '{\"msg\":\"\",\"code\":200}', 0, NULL, '2023-04-04 15:49:55');
INSERT INTO `sys_oper_log` VALUES (320, '', 2, 'cn.wolfcode.car.appointment.controller.BusAppointmentController.edit()', 'PUT', 1, 'admin', NULL, '/appointment/info/9/statements', '127.0.0.1', 'IP', '9', '{\"msg\":\"\",\"code\":200,\"data\":{\"actualArrivalTime\":\"2021-10-27 16:06:17\",\"appointmentId\":9,\"carSeries\":\"\",\"createTime\":\"2021-10-27 16:23:57\",\"customerName\":\"\",\"customerPhone\":\"13099996666\",\"discountAmount\":0.00,\"id\":1,\"isDelete\":0,\"licensePlate\":\"A88888\",\"params\":{},\"payTime\":\"2021-10-27 16:24:10\",\"payeeId\":1,\"serviceType\":0,\"status\":1,\"totalAmount\":256.00,\"totalQuantity\":2.00}}', 0, NULL, '2023-04-04 15:49:59');
INSERT INTO `sys_oper_log` VALUES (321, '', 2, 'cn.wolfcode.car.appointment.controller.BusAppointmentController.edit()', 'PUT', 1, 'admin', NULL, '/appointment/info/68/statements', '127.0.0.1', 'IP', '68', '{\"msg\":\"\",\"code\":200,\"data\":{\"actualArrivalTime\":\"2023-04-04 15:49:55\",\"appointmentId\":68,\"carSeries\":\"\",\"createTime\":\"2023-04-04 15:50:07.858\",\"customerName\":\"\",\"customerPhone\":\"13545644564\",\"discountAmount\":0,\"id\":68,\"info\":\"111\",\"isDelete\":0,\"licensePlate\":\"A12345\",\"params\":{},\"serviceType\":0,\"status\":0,\"totalAmount\":0,\"totalQuantity\":0}}', 0, NULL, '2023-04-04 15:50:07');
INSERT INTO `sys_oper_log` VALUES (322, '', 1, 'cn.wolfcode.car.appointment.controller.BusStatementController.addItems()', 'POST', 1, 'admin', NULL, '/appointment/statement/items', '127.0.0.1', 'IP', '{\"discountAmount\":0,\"id\":68,\"items\":[{\"itemId\":2,\"itemName\":\"\",\"itemPrice\":88.00,\"itemQuantity\":2,\"params\":{},\"statementId\":68},{\"itemId\":6,\"itemName\":\"\",\"itemPrice\":399.00,\"itemQuantity\":1,\"params\":{},\"statementId\":68}],\"params\":{}}', '{\"msg\":\"\",\"code\":200}', 0, NULL, '2023-04-04 15:50:18');
INSERT INTO `sys_oper_log` VALUES (323, '', 2, 'cn.wolfcode.car.appointment.controller.BusAppointmentController.edit()', 'PUT', 1, 'admin', NULL, '/appointment/info/68/statements', '127.0.0.1', 'IP', '68', '{\"msg\":\"\",\"code\":200,\"data\":{\"actualArrivalTime\":\"2023-04-04 15:49:55\",\"appointmentId\":68,\"carSeries\":\"\",\"createTime\":\"2023-04-04 15:50:08\",\"customerName\":\"\",\"customerPhone\":\"13545644564\",\"discountAmount\":0.00,\"id\":68,\"info\":\"111\",\"isDelete\":0,\"licensePlate\":\"A12345\",\"params\":{},\"serviceType\":0,\"status\":0,\"totalAmount\":575.00,\"totalQuantity\":3.00}}', 0, NULL, '2023-04-04 15:50:31');
INSERT INTO `sys_oper_log` VALUES (324, '', 2, 'cn.wolfcode.car.appointment.controller.BusAppointmentController.edit()', 'PUT', 1, 'admin', NULL, '/appointment/info/68/statements', '127.0.0.1', 'IP', '68', '{\"msg\":\"\",\"code\":200,\"data\":{\"actualArrivalTime\":\"2023-04-04 15:49:55\",\"appointmentId\":68,\"carSeries\":\"\",\"createTime\":\"2023-04-04 15:50:08\",\"customerName\":\"\",\"customerPhone\":\"13545644564\",\"discountAmount\":0.00,\"id\":68,\"info\":\"111\",\"isDelete\":0,\"licensePlate\":\"A12345\",\"params\":{},\"payTime\":\"2023-04-04 15:50:37\",\"payeeId\":1,\"serviceType\":0,\"status\":1,\"totalAmount\":575.00,\"totalQuantity\":3.00}}', 0, NULL, '2023-04-04 15:51:00');
INSERT INTO `sys_oper_log` VALUES (325, '', 2, 'cn.wolfcode.car.appointment.controller.BusAppointmentController.edit()', 'PUT', 1, 'admin', NULL, '/appointment/info/68/statements', '127.0.0.1', 'IP', '68', '{\"msg\":\"\",\"code\":200,\"data\":{\"actualArrivalTime\":\"2023-04-04 15:49:55\",\"appointmentId\":68,\"carSeries\":\"\",\"createTime\":\"2023-04-04 15:50:08\",\"customerName\":\"\",\"customerPhone\":\"13545644564\",\"discountAmount\":0.00,\"id\":68,\"info\":\"111\",\"isDelete\":0,\"licensePlate\":\"A12345\",\"params\":{},\"payTime\":\"2023-04-04 15:50:37\",\"payeeId\":1,\"serviceType\":0,\"status\":0,\"totalAmount\":575.00,\"totalQuantity\":3.00}}', 0, NULL, '2023-04-04 15:56:25');
INSERT INTO `sys_oper_log` VALUES (326, '', 6, 'cn.wolfcode.car.generator.controller.GenController.importTableSave()', 'POST', 1, 'admin', NULL, '/tool/gen/importTable', '127.0.0.1', 'IP', '\"bus_bpmn_info\"', '{\"msg\":\"\",\"code\":200}', 0, NULL, '2023-04-04 17:01:33');
INSERT INTO `sys_oper_log` VALUES (327, '', 1, 'cn.wolfcode.car.web.controller.system.SysDictTypeController.add()', 'POST', 1, 'admin', NULL, '/system/dict/type', '127.0.0.1', 'IP', '{\"createBy\":\"admin\",\"dictName\":\"-\",\"dictType\":\"bus_flow_audit_type\",\"params\":{},\"remark\":\"\",\"status\":\"0\"}', '{\"msg\":\"\",\"code\":200}', 0, NULL, '2023-04-04 17:02:17');
INSERT INTO `sys_oper_log` VALUES (328, '', 1, 'cn.wolfcode.car.web.controller.system.SysDictDataController.add()', 'POST', 1, 'admin', NULL, '/system/dict/data', '127.0.0.1', 'IP', '{\"createBy\":\"admin\",\"default\":false,\"dictLabel\":\"\",\"dictSort\":0,\"dictType\":\"bus_flow_audit_type\",\"dictValue\":\"0\",\"listClass\":\"default\",\"params\":{},\"status\":\"0\"}', '{\"msg\":\"\",\"code\":200}', 0, NULL, '2023-04-04 17:04:19');
INSERT INTO `sys_oper_log` VALUES (329, '', 2, 'cn.wolfcode.car.generator.controller.GenController.editSave()', 'PUT', 1, 'admin', NULL, '/tool/gen', '127.0.0.1', 'IP', '{\"businessName\":\"info\",\"className\":\"BusBpmnInfo\",\"columns\":[{\"capJavaField\":\"Id\",\"columnComment\":\"\",\"columnId\":56,\"columnName\":\"id\",\"columnType\":\"bigint(20)\",\"createBy\":\"admin\",\"createTime\":\"2023-04-04 17:01:33\",\"dictType\":\"\",\"edit\":false,\"htmlType\":\"input\",\"increment\":true,\"insert\":false,\"isIncrement\":\"1\",\"isInsert\":\"0\",\"isPk\":\"1\",\"javaField\":\"id\",\"javaType\":\"Long\",\"list\":false,\"params\":{},\"pk\":true,\"query\":false,\"queryType\":\"EQ\",\"required\":false,\"sort\":1,\"superColumn\":false,\"tableId\":6,\"updateBy\":\"\",\"usableColumn\":false},{\"capJavaField\":\"BpmnLabel\",\"columnComment\":\"\",\"columnId\":57,\"columnName\":\"bpmn_label\",\"columnType\":\"varchar(255)\",\"createBy\":\"admin\",\"createTime\":\"2023-04-04 17:01:33\",\"dictType\":\"\",\"edit\":false,\"htmlType\":\"input\",\"increment\":false,\"insert\":false,\"isEdit\":\"0\",\"isIncrement\":\"0\",\"isInsert\":\"0\",\"isList\":\"1\",\"isPk\":\"0\",\"isQuery\":\"0\",\"javaField\":\"bpmnLabel\",\"javaType\":\"String\",\"list\":true,\"params\":{},\"pk\":false,\"query\":false,\"queryType\":\"EQ\",\"required\":false,\"sort\":2,\"superColumn\":false,\"tableId\":6,\"updateBy\":\"\",\"usableColumn\":false},{\"capJavaField\":\"BpmnType\",\"columnComment\":\"\",\"columnId\":58,\"columnName\":\"bpmn_type\",\"columnType\":\"int(1)\",\"createBy\":\"admin\",\"createTime\":\"2023-04-04 17:01:33\",\"dictType\":\"bus_flow_audit_type\",\"edit\":false,\"htmlType\":\"select\",\"increment\":false,\"insert\":true,\"isEdit\":\"0\",\"isIncrement\":\"0\",\"isInsert\":\"1\",\"isList\":\"1\",\"isPk\":\"0\",\"isQuery\":\"1\",\"javaField\":\"bpmnType\",\"javaType\":\"Integer\",\"list\":true,\"params\":{},\"pk\":false,\"query\":true,\"queryType\":\"EQ\",\"required\":false,\"sort\":3,\"superColumn\":false,\"tableId\":6,\"updateBy\":\"\",\"usableColumn\":false},{\"capJavaField\":\"ProcessDefinitionKey\",\"columnComment\":\"key\",\"columnId\":59,\"columnName\":\"process_definition_key\",\"columnType\":\"varchar(255)\",\"createBy\":\"admin\",\"createTime\":\"2023-04-04 17:01:33\",\"dictType\":\"\",\"edit\":false,\"htmlType\":\"input\",\"increment\":false,\"insert\":false,\"isEdit\":\"0\",\"isIncrement\":\"0\",\"isInsert\":\"0\",\"isList\":\"1\",\"isPk\":\"0\",\"isQuery\":\"0\",\"javaField\":\"proc', '{\"msg\":\"\",\"code\":200}', 0, NULL, '2023-04-04 17:06:21');
INSERT INTO `sys_oper_log` VALUES (330, '', 8, 'cn.wolfcode.car.generator.controller.GenController.batchGenCode()', 'GET', 1, 'admin', NULL, '/tool/gen/batchGenCode', '127.0.0.1', 'IP', '{\"tables\":\"bus_bpmn_info\"}', NULL, 0, NULL, '2023-04-04 17:06:25');
INSERT INTO `sys_oper_log` VALUES (331, '', 1, 'cn.wolfcode.car.web.controller.system.SysMenuController.add()', 'POST', 1, 'admin', NULL, '/system/menu', '127.0.0.1', 'IP', '{\"children\":[],\"createBy\":\"admin\",\"icon\":\"component\",\"isCache\":\"0\",\"isFrame\":\"1\",\"menuName\":\"\",\"menuType\":\"M\",\"orderNum\":2,\"params\":{},\"parentId\":0,\"path\":\"flow\",\"status\":\"0\",\"visible\":\"0\"}', '{\"msg\":\"\",\"code\":200}', 0, NULL, '2023-04-04 17:07:37');
INSERT INTO `sys_oper_log` VALUES (332, '', 2, 'cn.wolfcode.car.web.controller.system.SysMenuController.edit()', 'PUT', 1, 'admin', NULL, '/system/menu', '127.0.0.1', 'IP', '{\"children\":[],\"createTime\":\"2023-03-27 10:35:43\",\"icon\":\"monitor\",\"isCache\":\"0\",\"isFrame\":\"1\",\"menuId\":2,\"menuName\":\"\",\"menuType\":\"M\",\"orderNum\":5,\"params\":{},\"parentId\":0,\"path\":\"monitor\",\"perms\":\"\",\"query\":\"\",\"status\":\"0\",\"updateBy\":\"admin\",\"visible\":\"0\"}', '{\"msg\":\"\",\"code\":200}', 0, NULL, '2023-04-04 17:07:54');
INSERT INTO `sys_oper_log` VALUES (333, '', 2, 'cn.wolfcode.car.web.controller.system.SysMenuController.edit()', 'PUT', 1, 'admin', NULL, '/system/menu', '127.0.0.1', 'IP', '{\"children\":[],\"createTime\":\"2023-03-27 10:35:43\",\"icon\":\"system\",\"isCache\":\"0\",\"isFrame\":\"1\",\"menuId\":1,\"menuName\":\"\",\"menuType\":\"M\",\"orderNum\":5,\"params\":{},\"parentId\":0,\"path\":\"system\",\"perms\":\"\",\"query\":\"\",\"status\":\"0\",\"updateBy\":\"admin\",\"visible\":\"0\"}', '{\"msg\":\"\",\"code\":200}', 0, NULL, '2023-04-04 17:07:59');
INSERT INTO `sys_oper_log` VALUES (334, '', 2, 'cn.wolfcode.car.web.controller.system.SysMenuController.edit()', 'PUT', 1, 'admin', NULL, '/system/menu', '127.0.0.1', 'IP', '{\"children\":[],\"createTime\":\"2023-03-27 10:35:43\",\"icon\":\"monitor\",\"isCache\":\"0\",\"isFrame\":\"1\",\"menuId\":2,\"menuName\":\"\",\"menuType\":\"M\",\"orderNum\":10,\"params\":{},\"parentId\":0,\"path\":\"monitor\",\"perms\":\"\",\"query\":\"\",\"status\":\"0\",\"updateBy\":\"admin\",\"visible\":\"0\"}', '{\"msg\":\"\",\"code\":200}', 0, NULL, '2023-04-04 17:08:04');
INSERT INTO `sys_oper_log` VALUES (335, '', 2, 'cn.wolfcode.car.web.controller.system.SysMenuController.edit()', 'PUT', 1, 'admin', NULL, '/system/menu', '127.0.0.1', 'IP', '{\"children\":[],\"createTime\":\"2023-03-27 10:35:43\",\"icon\":\"tool\",\"isCache\":\"0\",\"isFrame\":\"1\",\"menuId\":3,\"menuName\":\"\",\"menuType\":\"M\",\"orderNum\":15,\"params\":{},\"parentId\":0,\"path\":\"tool\",\"perms\":\"\",\"query\":\"\",\"status\":\"0\",\"updateBy\":\"admin\",\"visible\":\"0\"}', '{\"msg\":\"\",\"code\":200}', 0, NULL, '2023-04-04 17:08:11');
INSERT INTO `sys_oper_log` VALUES (336, '', 2, 'cn.wolfcode.car.web.controller.system.SysMenuController.edit()', 'PUT', 1, 'admin', NULL, '/system/menu', '127.0.0.1', 'IP', '{\"children\":[],\"createTime\":\"2023-03-27 10:35:43\",\"icon\":\"guide\",\"isCache\":\"0\",\"isFrame\":\"0\",\"menuId\":4,\"menuName\":\"e \",\"menuType\":\"M\",\"orderNum\":20,\"params\":{},\"parentId\":0,\"path\":\"http://xue.cnkdl.cn:23683/frontend/home.html\",\"perms\":\"\",\"query\":\"\",\"status\":\"0\",\"updateBy\":\"admin\",\"visible\":\"0\"}', '{\"msg\":\"\",\"code\":200}', 0, NULL, '2023-04-04 17:08:17');
INSERT INTO `sys_oper_log` VALUES (337, '', 1, 'cn.wolfcode.car.web.controller.system.SysMenuController.add()', 'POST', 1, 'admin', NULL, '/system/menu', '127.0.0.1', 'IP', '{\"children\":[],\"createBy\":\"admin\",\"icon\":\"druid\",\"isCache\":\"0\",\"isFrame\":\"1\",\"menuName\":\"\",\"menuType\":\"M\",\"orderNum\":1,\"params\":{},\"parentId\":0,\"path\":\"audit\",\"status\":\"0\",\"visible\":\"0\"}', '{\"msg\":\"\",\"code\":200}', 0, NULL, '2023-04-04 17:08:56');
INSERT INTO `sys_oper_log` VALUES (338, '', 2, 'cn.wolfcode.car.generator.controller.GenController.editSave()', 'PUT', 1, 'admin', NULL, '/tool/gen', '127.0.0.1', 'IP', '{\"businessName\":\"info\",\"className\":\"BusBpmnInfo\",\"columns\":[{\"capJavaField\":\"Id\",\"columnComment\":\"\",\"columnId\":56,\"columnName\":\"id\",\"columnType\":\"bigint(20)\",\"createBy\":\"admin\",\"createTime\":\"2023-04-04 17:01:33\",\"dictType\":\"\",\"edit\":false,\"htmlType\":\"input\",\"increment\":true,\"insert\":false,\"isIncrement\":\"1\",\"isInsert\":\"0\",\"isPk\":\"1\",\"javaField\":\"id\",\"javaType\":\"Long\",\"list\":false,\"params\":{},\"pk\":true,\"query\":false,\"queryType\":\"EQ\",\"required\":false,\"sort\":1,\"superColumn\":false,\"tableId\":6,\"updateBy\":\"\",\"updateTime\":\"2023-04-04 17:06:21\",\"usableColumn\":false},{\"capJavaField\":\"BpmnLabel\",\"columnComment\":\"\",\"columnId\":57,\"columnName\":\"bpmn_label\",\"columnType\":\"varchar(255)\",\"createBy\":\"admin\",\"createTime\":\"2023-04-04 17:01:33\",\"dictType\":\"\",\"edit\":false,\"htmlType\":\"input\",\"increment\":false,\"insert\":false,\"isEdit\":\"0\",\"isIncrement\":\"0\",\"isInsert\":\"0\",\"isList\":\"1\",\"isPk\":\"0\",\"isQuery\":\"0\",\"javaField\":\"bpmnLabel\",\"javaType\":\"String\",\"list\":true,\"params\":{},\"pk\":false,\"query\":false,\"queryType\":\"EQ\",\"required\":false,\"sort\":2,\"superColumn\":false,\"tableId\":6,\"updateBy\":\"\",\"updateTime\":\"2023-04-04 17:06:21\",\"usableColumn\":false},{\"capJavaField\":\"BpmnType\",\"columnComment\":\"\",\"columnId\":58,\"columnName\":\"bpmn_type\",\"columnType\":\"int(1)\",\"createBy\":\"admin\",\"createTime\":\"2023-04-04 17:01:33\",\"dictType\":\"bus_flow_audit_type\",\"edit\":false,\"htmlType\":\"select\",\"increment\":false,\"insert\":true,\"isEdit\":\"0\",\"isIncrement\":\"0\",\"isInsert\":\"1\",\"isList\":\"1\",\"isPk\":\"0\",\"isQuery\":\"1\",\"javaField\":\"bpmnType\",\"javaType\":\"Integer\",\"list\":true,\"params\":{},\"pk\":false,\"query\":true,\"queryType\":\"EQ\",\"required\":false,\"sort\":3,\"superColumn\":false,\"tableId\":6,\"updateBy\":\"\",\"updateTime\":\"2023-04-04 17:06:21\",\"usableColumn\":false},{\"capJavaField\":\"ProcessDefinitionKey\",\"columnComment\":\"key\",\"columnId\":59,\"columnName\":\"process_definition_key\",\"columnType\":\"varchar(255)\",\"createBy\":\"admin\",\"createTime\":\"2023-04-04 17:01:33\",\"dictType\":\"\",\"edit\":false,\"htmlType\":\"input\",\"increment\":false,\"insert\":fa', '{\"msg\":\"\",\"code\":200}', 0, NULL, '2023-04-04 17:09:23');
INSERT INTO `sys_oper_log` VALUES (339, '', 8, 'cn.wolfcode.car.generator.controller.GenController.batchGenCode()', 'GET', 1, 'admin', NULL, '/tool/gen/batchGenCode', '127.0.0.1', 'IP', '{\"tables\":\"bus_bpmn_info\"}', NULL, 0, NULL, '2023-04-04 17:09:27');
INSERT INTO `sys_oper_log` VALUES (340, '', 2, 'cn.wolfcode.car.generator.controller.GenController.editSave()', 'PUT', 1, 'admin', NULL, '/tool/gen', '127.0.0.1', 'IP', '{\"businessName\":\"bpmnInfo\",\"className\":\"BusBpmnInfo\",\"columns\":[{\"capJavaField\":\"Id\",\"columnComment\":\"\",\"columnId\":56,\"columnName\":\"id\",\"columnType\":\"bigint(20)\",\"createBy\":\"admin\",\"createTime\":\"2023-04-04 17:01:33\",\"dictType\":\"\",\"edit\":false,\"htmlType\":\"input\",\"increment\":true,\"insert\":false,\"isIncrement\":\"1\",\"isInsert\":\"0\",\"isPk\":\"1\",\"javaField\":\"id\",\"javaType\":\"Long\",\"list\":false,\"params\":{},\"pk\":true,\"query\":false,\"queryType\":\"EQ\",\"required\":false,\"sort\":1,\"superColumn\":false,\"tableId\":6,\"updateBy\":\"\",\"updateTime\":\"2023-04-04 17:09:23\",\"usableColumn\":false},{\"capJavaField\":\"BpmnLabel\",\"columnComment\":\"\",\"columnId\":57,\"columnName\":\"bpmn_label\",\"columnType\":\"varchar(255)\",\"createBy\":\"admin\",\"createTime\":\"2023-04-04 17:01:33\",\"dictType\":\"\",\"edit\":false,\"htmlType\":\"input\",\"increment\":false,\"insert\":false,\"isEdit\":\"0\",\"isIncrement\":\"0\",\"isInsert\":\"0\",\"isList\":\"1\",\"isPk\":\"0\",\"isQuery\":\"0\",\"javaField\":\"bpmnLabel\",\"javaType\":\"String\",\"list\":true,\"params\":{},\"pk\":false,\"query\":false,\"queryType\":\"EQ\",\"required\":false,\"sort\":2,\"superColumn\":false,\"tableId\":6,\"updateBy\":\"\",\"updateTime\":\"2023-04-04 17:09:23\",\"usableColumn\":false},{\"capJavaField\":\"BpmnType\",\"columnComment\":\"\",\"columnId\":58,\"columnName\":\"bpmn_type\",\"columnType\":\"int(1)\",\"createBy\":\"admin\",\"createTime\":\"2023-04-04 17:01:33\",\"dictType\":\"bus_flow_audit_type\",\"edit\":false,\"htmlType\":\"select\",\"increment\":false,\"insert\":true,\"isEdit\":\"0\",\"isIncrement\":\"0\",\"isInsert\":\"1\",\"isList\":\"1\",\"isPk\":\"0\",\"isQuery\":\"1\",\"javaField\":\"bpmnType\",\"javaType\":\"Integer\",\"list\":true,\"params\":{},\"pk\":false,\"query\":true,\"queryType\":\"EQ\",\"required\":false,\"sort\":3,\"superColumn\":false,\"tableId\":6,\"updateBy\":\"\",\"updateTime\":\"2023-04-04 17:09:23\",\"usableColumn\":false},{\"capJavaField\":\"ProcessDefinitionKey\",\"columnComment\":\"key\",\"columnId\":59,\"columnName\":\"process_definition_key\",\"columnType\":\"varchar(255)\",\"createBy\":\"admin\",\"createTime\":\"2023-04-04 17:01:33\",\"dictType\":\"\",\"edit\":false,\"htmlType\":\"input\",\"increment\":false,\"insert', '{\"msg\":\"\",\"code\":200}', 0, NULL, '2023-04-04 17:11:35');
INSERT INTO `sys_oper_log` VALUES (341, '', 8, 'cn.wolfcode.car.generator.controller.GenController.batchGenCode()', 'GET', 1, 'admin', NULL, '/tool/gen/batchGenCode', '127.0.0.1', 'IP', '{\"tables\":\"bus_bpmn_info\"}', NULL, 0, NULL, '2023-04-04 17:11:38');
INSERT INTO `sys_oper_log` VALUES (342, '', 8, 'cn.wolfcode.car.generator.controller.GenController.batchGenCode()', 'GET', 1, 'admin', NULL, '/tool/gen/batchGenCode', '127.0.0.1', 'IP', '{\"tables\":\"bus_bpmn_info\"}', NULL, 0, NULL, '2023-04-04 17:11:46');
INSERT INTO `sys_oper_log` VALUES (343, '', 2, 'cn.wolfcode.car.web.controller.system.SysMenuController.edit()', 'PUT', 1, 'admin', NULL, '/system/menu', '127.0.0.1', 'IP', '{\"children\":[],\"component\":\"business/flow/bpmnInfo/index\",\"createTime\":\"2023-04-04 17:13:32\",\"icon\":\"#\",\"isCache\":\"0\",\"isFrame\":\"1\",\"menuId\":2030,\"menuName\":\"\",\"menuType\":\"C\",\"orderNum\":1,\"params\":{},\"parentId\":2022,\"path\":\"bpmnInfo\",\"perms\":\"flow:bpmnInfo:list\",\"status\":\"0\",\"updateBy\":\"admin\",\"visible\":\"0\"}', '{\"msg\":\"\",\"code\":200}', 0, NULL, '2023-04-04 17:17:17');
INSERT INTO `sys_oper_log` VALUES (344, '', 2, 'cn.wolfcode.car.web.controller.system.SysMenuController.edit()', 'PUT', 1, 'admin', NULL, '/system/menu', '127.0.0.1', 'IP', '{\"children\":[],\"component\":\"business/appointment/statement/item/details\",\"createTime\":\"2023-04-04 10:27:00\",\"icon\":\"#\",\"isCache\":\"0\",\"isFrame\":\"1\",\"menuId\":2021,\"menuName\":\"\",\"menuType\":\"C\",\"orderNum\":3,\"params\":{},\"parentId\":2000,\"path\":\"statement/details/:statementId(\\\\d+)\",\"perms\":\"\",\"status\":\"0\",\"updateBy\":\"admin\",\"visible\":\"1\"}', '{\"msg\":\"\",\"code\":200}', 0, NULL, '2023-04-06 13:53:55');
INSERT INTO `sys_oper_log` VALUES (345, '', 2, 'cn.wolfcode.car.web.controller.system.SysMenuController.edit()', 'PUT', 1, 'admin', NULL, '/system/menu', '127.0.0.1', 'IP', '{\"children\":[],\"component\":\"business/flow/bpmnInfo/index\",\"createTime\":\"2023-04-04 17:13:32\",\"icon\":\"#\",\"isCache\":\"0\",\"isFrame\":\"1\",\"menuId\":2030,\"menuName\":\"\",\"menuType\":\"C\",\"orderNum\":1,\"params\":{},\"parentId\":2022,\"path\":\"bpmnInfo\",\"perms\":\"flow:bpmnInfo:list\",\"status\":\"0\",\"updateBy\":\"admin\",\"visible\":\"0\"}', '{\"msg\":\"\",\"code\":200}', 0, NULL, '2023-04-06 18:02:44');
INSERT INTO `sys_oper_log` VALUES (346, '', 2, 'cn.wolfcode.car.appointment.controller.BusAppointmentController.edit()', 'PUT', 1, 'admin', NULL, '/appointment/info/3/statements', '192.168.20.72', 'IP', '3', '{\"msg\":\"\",\"code\":200,\"data\":{\"actualArrivalTime\":\"2022-09-20 11:30:10\",\"appointmentId\":3,\"carSeries\":\"Model3\",\"createTime\":\"2023-04-07 00:17:07.42\",\"customerName\":\"\",\"customerPhone\":\"13088886666\",\"discountAmount\":0,\"id\":69,\"info\":\"\",\"isDelete\":0,\"licensePlate\":\"A55588\",\"params\":{},\"serviceType\":1,\"status\":0,\"totalAmount\":0,\"totalQuantity\":0}}', 0, NULL, '2023-04-07 00:17:07');
INSERT INTO `sys_oper_log` VALUES (347, '', 2, 'cn.wolfcode.car.appointment.controller.BusAppointmentController.edit()', 'PUT', 1, 'admin', NULL, '/appointment/info/3/statements', '192.168.20.72', 'IP', '3', '{\"msg\":\"\",\"code\":200,\"data\":{\"actualArrivalTime\":\"2022-09-20 11:30:10\",\"appointmentId\":3,\"carSeries\":\"Model3\",\"createTime\":\"2023-04-07 00:17:07\",\"customerName\":\"\",\"customerPhone\":\"13088886666\",\"discountAmount\":0.00,\"id\":69,\"info\":\"\",\"isDelete\":0,\"licensePlate\":\"A55588\",\"params\":{},\"serviceType\":1,\"status\":0,\"totalAmount\":0.00,\"totalQuantity\":0.00}}', 0, NULL, '2023-04-07 00:28:51');
INSERT INTO `sys_oper_log` VALUES (348, '', 2, 'cn.wolfcode.car.appointment.controller.BusAppointmentController.edit()', 'PUT', 1, 'admin', NULL, '/appointment/info/3/statements', '192.168.20.72', 'IP', '3', '{\"msg\":\"\",\"code\":200,\"data\":{\"actualArrivalTime\":\"2022-09-20 11:30:10\",\"appointmentId\":3,\"carSeries\":\"Model3\",\"createTime\":\"2023-04-07 00:17:07\",\"customerName\":\"\",\"customerPhone\":\"13088886666\",\"discountAmount\":0.00,\"id\":69,\"info\":\"\",\"isDelete\":0,\"licensePlate\":\"A55588\",\"params\":{},\"serviceType\":1,\"status\":0,\"totalAmount\":0.00,\"totalQuantity\":0.00}}', 0, NULL, '2023-04-07 00:29:06');
INSERT INTO `sys_oper_log` VALUES (349, '', 2, 'cn.wolfcode.car.appointment.controller.BusAppointmentController.edit()', 'PUT', 1, 'admin', NULL, '/appointment/info/9/statements', '192.168.20.72', 'IP', '9', '{\"msg\":\"\",\"code\":200,\"data\":{\"actualArrivalTime\":\"2021-10-27 16:06:17\",\"appointmentId\":9,\"carSeries\":\"\",\"createTime\":\"2021-10-27 16:23:57\",\"customerName\":\"\",\"customerPhone\":\"13099996666\",\"discountAmount\":0.00,\"id\":1,\"isDelete\":0,\"licensePlate\":\"A88888\",\"params\":{},\"payTime\":\"2021-10-27 16:24:10\",\"payeeId\":1,\"serviceType\":0,\"status\":1,\"totalAmount\":256.00,\"totalQuantity\":2.00}}', 0, NULL, '2023-04-07 00:29:20');
INSERT INTO `sys_oper_log` VALUES (350, '', 1, 'cn.wolfcode.car.flow.controller.BusBpmnInfoController.add()', 'POST', 1, 'admin', NULL, '/flow/bpmnInfo', '127.0.0.1', 'IP', '{\"bpmnType\":0,\"id\":1,\"info\":\"23123\",\"params\":{}}', '{\"msg\":\"\",\"code\":200}', 0, NULL, '2023-04-07 10:45:12');
INSERT INTO `sys_oper_log` VALUES (351, '', 1, 'cn.wolfcode.car.flow.controller.BusBpmnInfoController.add()', 'POST', 1, 'admin', NULL, '/flow/bpmnInfo', '127.0.0.1', 'IP', '{\"bpmnType\":0,\"id\":2,\"info\":\"123123\",\"params\":{}}', '{\"msg\":\"\",\"code\":200}', 0, NULL, '2023-04-07 11:05:05');
INSERT INTO `sys_oper_log` VALUES (352, '', 1, 'cn.wolfcode.car.flow.controller.BusBpmnInfoController.add()', 'POST', 1, 'admin', NULL, '/flow/bpmnInfo', '127.0.0.1', 'IP', '{\"bpmnType\":0,\"id\":3,\"info\":\"1231\",\"params\":{}}', '{\"msg\":\"\",\"code\":200}', 0, NULL, '2023-04-07 11:06:38');
INSERT INTO `sys_oper_log` VALUES (353, '', 3, 'cn.wolfcode.car.flow.controller.BusBpmnInfoController.remove()', 'DELETE', 1, 'admin', NULL, '/flow/bpmnInfo/1', '127.0.0.1', 'IP', '{}', '{\"msg\":\"\",\"code\":200}', 0, NULL, '2023-04-07 14:41:51');
INSERT INTO `sys_oper_log` VALUES (354, '', 3, 'cn.wolfcode.car.flow.controller.BusBpmnInfoController.remove()', 'DELETE', 1, 'admin', NULL, '/flow/bpmnInfo/2', '127.0.0.1', 'IP', '{}', '{\"msg\":\"\",\"code\":200}', 0, NULL, '2023-04-07 14:41:52');
INSERT INTO `sys_oper_log` VALUES (355, '', 3, 'cn.wolfcode.car.flow.controller.BusBpmnInfoController.remove()', 'DELETE', 1, 'admin', NULL, '/flow/bpmnInfo/3', '127.0.0.1', 'IP', '{}', '{\"msg\":\"\",\"code\":200}', 0, NULL, '2023-04-07 14:41:54');
INSERT INTO `sys_oper_log` VALUES (356, '', 1, 'cn.wolfcode.car.flow.controller.BusBpmnInfoController.deploy()', 'POST', 1, 'admin', NULL, '/flow/bpmnInfo/deploy', '127.0.0.1', 'IP', '', '{\"msg\":\"\",\"code\":200}', 0, NULL, '2023-04-08 09:14:32');
INSERT INTO `sys_oper_log` VALUES (357, '', 1, 'cn.wolfcode.car.flow.controller.BusBpmnInfoController.deploy()', 'POST', 1, 'admin', NULL, '/flow/bpmnInfo/deploy', '127.0.0.1', 'IP', '', '{\"msg\":\"\",\"code\":200}', 0, NULL, '2023-04-08 09:48:18');
INSERT INTO `sys_oper_log` VALUES (358, '', 3, 'cn.wolfcode.car.flow.controller.BusBpmnInfoController.remove()', 'DELETE', 1, 'admin', NULL, '/flow/bpmnInfo/5', '127.0.0.1', 'IP', '{}', '{\"msg\":\"\",\"code\":200}', 0, NULL, '2023-04-08 10:30:42');
INSERT INTO `sys_oper_log` VALUES (359, '', 1, 'cn.wolfcode.car.flow.controller.BusBpmnInfoController.deploy()', 'POST', 1, 'admin', NULL, '/flow/bpmnInfo/deploy', '127.0.0.1', 'IP', '', '{\"msg\":\"\",\"code\":200}', 0, NULL, '2023-04-08 10:40:49');
INSERT INTO `sys_oper_log` VALUES (360, '', 6, 'cn.wolfcode.car.generator.controller.GenController.importTableSave()', 'POST', 1, 'admin', NULL, '/tool/gen/importTable', '127.0.0.1', 'IP', '\"bus_car_package_audit\"', '{\"msg\":\"\",\"code\":200}', 0, NULL, '2023-04-08 11:29:34');
INSERT INTO `sys_oper_log` VALUES (361, '', 2, 'cn.wolfcode.car.generator.controller.GenController.editSave()', 'PUT', 1, 'admin', NULL, '/tool/gen', '127.0.0.1', 'IP', '{\"businessName\":\"info\",\"className\":\"BusCarPackageAudit\",\"columns\":[{\"capJavaField\":\"Id\",\"columnComment\":\"\",\"columnId\":63,\"columnName\":\"id\",\"columnType\":\"bigint(20)\",\"createBy\":\"admin\",\"createTime\":\"2023-04-08 11:29:34\",\"dictType\":\"\",\"edit\":false,\"htmlType\":\"input\",\"increment\":true,\"insert\":false,\"isIncrement\":\"1\",\"isInsert\":\"0\",\"isPk\":\"1\",\"javaField\":\"id\",\"javaType\":\"Long\",\"list\":false,\"params\":{},\"pk\":true,\"query\":false,\"queryType\":\"EQ\",\"required\":false,\"sort\":1,\"superColumn\":false,\"tableId\":7,\"updateBy\":\"\",\"usableColumn\":false},{\"capJavaField\":\"ServiceItemId\",\"columnComment\":\" id\",\"columnId\":64,\"columnName\":\"service_item_id\",\"columnType\":\"bigint(20)\",\"createBy\":\"admin\",\"createTime\":\"2023-04-08 11:29:34\",\"dictType\":\"\",\"edit\":false,\"htmlType\":\"input\",\"increment\":false,\"insert\":false,\"isEdit\":\"0\",\"isIncrement\":\"0\",\"isInsert\":\"0\",\"isList\":\"0\",\"isPk\":\"0\",\"isQuery\":\"0\",\"javaField\":\"serviceItemId\",\"javaType\":\"Long\",\"list\":false,\"params\":{},\"pk\":false,\"query\":false,\"queryType\":\"EQ\",\"required\":false,\"sort\":2,\"superColumn\":false,\"tableId\":7,\"updateBy\":\"\",\"usableColumn\":false},{\"capJavaField\":\"ServiceItemName\",\"columnComment\":\"\",\"columnId\":65,\"columnName\":\"service_item_name\",\"columnType\":\"varchar(100)\",\"createBy\":\"admin\",\"createTime\":\"2023-04-08 11:29:34\",\"dictType\":\"\",\"edit\":false,\"htmlType\":\"input\",\"increment\":false,\"insert\":false,\"isEdit\":\"0\",\"isIncrement\":\"0\",\"isInsert\":\"0\",\"isList\":\"1\",\"isPk\":\"0\",\"isQuery\":\"0\",\"javaField\":\"serviceItemName\",\"javaType\":\"String\",\"list\":true,\"params\":{},\"pk\":false,\"query\":false,\"queryType\":\"LIKE\",\"required\":false,\"sort\":3,\"superColumn\":false,\"tableId\":7,\"updateBy\":\"\",\"usableColumn\":false},{\"capJavaField\":\"ServiceItemInfo\",\"columnComment\":\"\",\"columnId\":66,\"columnName\":\"service_item_info\",\"columnType\":\"varchar(255)\",\"createBy\":\"admin\",\"createTime\":\"2023-04-08 11:29:34\",\"dictType\":\"\",\"edit\":false,\"htmlType\":\"input\",\"increment\":false,\"insert\":false,\"isEdit\":\"0\",\"isIncrement\":\"0\",\"isInsert\":\"0\",\"isList\":\"1\",\"isPk\":\"0\",\"isQuery\":\"0\",\"', '{\"msg\":\"\",\"code\":200}', 0, NULL, '2023-04-08 11:33:25');
INSERT INTO `sys_oper_log` VALUES (362, '', 1, 'cn.wolfcode.car.web.controller.system.SysDictTypeController.add()', 'POST', 1, 'admin', NULL, '/system/dict/type', '127.0.0.1', 'IP', '{\"createBy\":\"admin\",\"dictName\":\"\",\"dictType\":\"bus_audit_status\",\"params\":{},\"remark\":\"\",\"status\":\"0\"}', '{\"msg\":\"\",\"code\":200}', 0, NULL, '2023-04-08 11:33:57');
INSERT INTO `sys_oper_log` VALUES (363, '', 1, 'cn.wolfcode.car.web.controller.system.SysDictDataController.add()', 'POST', 1, 'admin', NULL, '/system/dict/data', '127.0.0.1', 'IP', '{\"createBy\":\"admin\",\"default\":false,\"dictLabel\":\"\",\"dictSort\":0,\"dictType\":\"bus_audit_status\",\"dictValue\":\"0\",\"listClass\":\"default\",\"params\":{},\"status\":\"0\"}', '{\"msg\":\"\",\"code\":200}', 0, NULL, '2023-04-08 11:34:21');
INSERT INTO `sys_oper_log` VALUES (364, '', 1, 'cn.wolfcode.car.web.controller.system.SysDictDataController.add()', 'POST', 1, 'admin', NULL, '/system/dict/data', '127.0.0.1', 'IP', '{\"createBy\":\"admin\",\"default\":false,\"dictLabel\":\"\",\"dictSort\":1,\"dictType\":\"bus_audit_status\",\"dictValue\":\"1\",\"listClass\":\"default\",\"params\":{},\"status\":\"0\"}', '{\"msg\":\"\",\"code\":200}', 0, NULL, '2023-04-08 11:34:29');
INSERT INTO `sys_oper_log` VALUES (365, '', 1, 'cn.wolfcode.car.web.controller.system.SysDictDataController.add()', 'POST', 1, 'admin', NULL, '/system/dict/data', '127.0.0.1', 'IP', '{\"createBy\":\"admin\",\"default\":false,\"dictLabel\":\"\",\"dictSort\":2,\"dictType\":\"bus_audit_status\",\"dictValue\":\"2\",\"listClass\":\"default\",\"params\":{},\"status\":\"0\"}', '{\"msg\":\"\",\"code\":200}', 0, NULL, '2023-04-08 11:34:36');
INSERT INTO `sys_oper_log` VALUES (366, '', 1, 'cn.wolfcode.car.web.controller.system.SysDictDataController.add()', 'POST', 1, 'admin', NULL, '/system/dict/data', '127.0.0.1', 'IP', '{\"createBy\":\"admin\",\"default\":false,\"dictLabel\":\"\",\"dictSort\":3,\"dictType\":\"bus_audit_status\",\"dictValue\":\"3\",\"listClass\":\"default\",\"params\":{},\"status\":\"0\"}', '{\"msg\":\"\",\"code\":200}', 0, NULL, '2023-04-08 11:34:45');
INSERT INTO `sys_oper_log` VALUES (367, '', 2, 'cn.wolfcode.car.generator.controller.GenController.editSave()', 'PUT', 1, 'admin', NULL, '/tool/gen', '127.0.0.1', 'IP', '{\"businessName\":\"info\",\"className\":\"BusCarPackageAudit\",\"columns\":[{\"capJavaField\":\"Id\",\"columnComment\":\"\",\"columnId\":63,\"columnName\":\"id\",\"columnType\":\"bigint(20)\",\"createBy\":\"admin\",\"createTime\":\"2023-04-08 11:29:34\",\"dictType\":\"\",\"edit\":false,\"htmlType\":\"input\",\"increment\":true,\"insert\":false,\"isIncrement\":\"1\",\"isInsert\":\"0\",\"isPk\":\"1\",\"javaField\":\"id\",\"javaType\":\"Long\",\"list\":false,\"params\":{},\"pk\":true,\"query\":false,\"queryType\":\"EQ\",\"required\":false,\"sort\":1,\"superColumn\":false,\"tableId\":7,\"updateBy\":\"\",\"updateTime\":\"2023-04-08 11:33:25\",\"usableColumn\":false},{\"capJavaField\":\"ServiceItemId\",\"columnComment\":\" id\",\"columnId\":64,\"columnName\":\"service_item_id\",\"columnType\":\"bigint(20)\",\"createBy\":\"admin\",\"createTime\":\"2023-04-08 11:29:34\",\"dictType\":\"\",\"edit\":false,\"htmlType\":\"input\",\"increment\":false,\"insert\":false,\"isEdit\":\"0\",\"isIncrement\":\"0\",\"isInsert\":\"0\",\"isList\":\"0\",\"isPk\":\"0\",\"isQuery\":\"0\",\"javaField\":\"serviceItemId\",\"javaType\":\"Long\",\"list\":false,\"params\":{},\"pk\":false,\"query\":false,\"queryType\":\"EQ\",\"required\":false,\"sort\":2,\"superColumn\":false,\"tableId\":7,\"updateBy\":\"\",\"updateTime\":\"2023-04-08 11:33:25\",\"usableColumn\":false},{\"capJavaField\":\"ServiceItemName\",\"columnComment\":\"\",\"columnId\":65,\"columnName\":\"service_item_name\",\"columnType\":\"varchar(100)\",\"createBy\":\"admin\",\"createTime\":\"2023-04-08 11:29:34\",\"dictType\":\"\",\"edit\":false,\"htmlType\":\"input\",\"increment\":false,\"insert\":false,\"isEdit\":\"0\",\"isIncrement\":\"0\",\"isInsert\":\"0\",\"isList\":\"1\",\"isPk\":\"0\",\"isQuery\":\"0\",\"javaField\":\"serviceItemName\",\"javaType\":\"String\",\"list\":true,\"params\":{},\"pk\":false,\"query\":false,\"queryType\":\"LIKE\",\"required\":false,\"sort\":3,\"superColumn\":false,\"tableId\":7,\"updateBy\":\"\",\"updateTime\":\"2023-04-08 11:33:25\",\"usableColumn\":false},{\"capJavaField\":\"ServiceItemInfo\",\"columnComment\":\"\",\"columnId\":66,\"columnName\":\"service_item_info\",\"columnType\":\"varchar(255)\",\"createBy\":\"admin\",\"createTime\":\"2023-04-08 11:29:34\",\"dictType\":\"\",\"edit\":false,\"htmlType\":\"input\",\"increment\":f', '{\"msg\":\"\",\"code\":200}', 0, NULL, '2023-04-08 11:35:18');
INSERT INTO `sys_oper_log` VALUES (368, '', 8, 'cn.wolfcode.car.generator.controller.GenController.batchGenCode()', 'GET', 1, 'admin', NULL, '/tool/gen/batchGenCode', '127.0.0.1', 'IP', '{\"tables\":\"bus_car_package_audit\"}', NULL, 0, NULL, '2023-04-08 11:35:23');
INSERT INTO `sys_oper_log` VALUES (369, '', 2, 'cn.wolfcode.car.web.controller.system.SysMenuController.edit()', 'PUT', 1, 'admin', NULL, '/system/menu', '127.0.0.1', 'IP', '{\"children\":[],\"component\":\"business/audit/info/index\",\"createTime\":\"2023-04-08 11:35:40\",\"icon\":\"#\",\"isCache\":\"0\",\"isFrame\":\"1\",\"menuId\":2036,\"menuName\":\"\",\"menuType\":\"C\",\"orderNum\":1,\"params\":{},\"parentId\":2023,\"path\":\"info\",\"perms\":\"audit:info:list\",\"status\":\"0\",\"updateBy\":\"admin\",\"visible\":\"0\"}', '{\"msg\":\"\",\"code\":200}', 0, NULL, '2023-04-08 11:38:26');
INSERT INTO `sys_oper_log` VALUES (370, '', 2, 'cn.wolfcode.car.web.controller.system.SysMenuController.edit()', 'PUT', 1, 'admin', NULL, '/system/menu', '127.0.0.1', 'IP', '{\"children\":[],\"component\":\"business/audit/info/index\",\"createTime\":\"2023-04-08 11:35:40\",\"icon\":\"#\",\"isCache\":\"0\",\"isFrame\":\"1\",\"menuId\":2036,\"menuName\":\"\",\"menuType\":\"C\",\"orderNum\":1,\"params\":{},\"parentId\":2023,\"path\":\"packageInfo\",\"perms\":\"audit:info:list\",\"status\":\"0\",\"updateBy\":\"admin\",\"visible\":\"0\"}', '{\"msg\":\"\",\"code\":200}', 0, NULL, '2023-04-08 11:44:04');
INSERT INTO `sys_oper_log` VALUES (374, '', 3, 'cn.wolfcode.car.web.controller.monitor.SysOperlogController.remove()', 'DELETE', 1, 'admin', NULL, '/monitor/operlog/373', '192.168.20.93', 'IP', '{}', '{\"msg\":\"\",\"code\":200}', 0, NULL, '2023-04-08 14:44:21');
INSERT INTO `sys_oper_log` VALUES (375, '', 3, 'cn.wolfcode.car.flow.controller.BusBpmnInfoController.remove()', 'DELETE', 1, 'admin', NULL, '/flow/bpmnInfo/6', '127.0.0.1', 'IP', '{}', '{\"msg\":\"\",\"code\":200}', 0, NULL, '2023-04-08 14:54:36');
INSERT INTO `sys_oper_log` VALUES (376, '', 3, 'cn.wolfcode.car.flow.controller.BusBpmnInfoController.remove()', 'DELETE', 1, 'admin', NULL, '/flow/bpmnInfo/4', '127.0.0.1', 'IP', '{}', '{\"msg\":\"\",\"code\":200}', 0, NULL, '2023-04-08 14:54:39');
INSERT INTO `sys_oper_log` VALUES (377, '', 1, 'cn.wolfcode.car.flow.controller.BusBpmnInfoController.deploy()', 'POST', 1, 'admin', NULL, '/flow/bpmnInfo/deploy', '127.0.0.1', 'IP', '', '{\"msg\":\"\",\"code\":200}', 0, NULL, '2023-04-08 15:08:05');
INSERT INTO `sys_oper_log` VALUES (378, '', 1, 'cn.wolfcode.car.web.controller.system.SysRoleController.add()', 'POST', 1, 'admin', NULL, '/system/role', '127.0.0.1', 'IP', '{\"admin\":false,\"createBy\":\"admin\",\"deptCheckStrictly\":true,\"deptIds\":[],\"flag\":false,\"menuCheckStrictly\":true,\"menuIds\":[2000,2001,2004,2005,2006,2020,2007,2008,2002,2009,2010,2011,2012,2013,2003,2014,2015,2016,2017,2018,2021,2019,2023,2036,2037,2038,2039,2040,2041,2022,2030,2031,2032,2033,2034,2035],\"params\":{},\"roleId\":3,\"roleKey\":\"shopOwner\",\"roleName\":\"\",\"roleSort\":0,\"status\":\"0\"}', '{\"msg\":\"\",\"code\":200}', 0, NULL, '2023-04-08 16:02:34');
INSERT INTO `sys_oper_log` VALUES (379, '', 2, 'cn.wolfcode.car.web.controller.system.SysRoleController.edit()', 'PUT', 1, 'admin', NULL, '/system/role', '127.0.0.1', 'IP', '{\"admin\":false,\"createTime\":\"2023-04-08 16:02:34\",\"dataScope\":\"1\",\"delFlag\":\"0\",\"deptCheckStrictly\":true,\"flag\":false,\"menuCheckStrictly\":true,\"menuIds\":[2000,2001,2004,2005,2006,2020,2007,2008,2002,2009,2010,2011,2012,2013,2003,2014,2015,2016,2017,2018,2021,2019,2023,2036,2037,2038,2039,2040,2041,2022,2030,2031,2032,2033,2034,2035],\"params\":{},\"roleId\":3,\"roleKey\":\"shopOwner\",\"roleName\":\"\",\"roleSort\":3,\"status\":\"0\",\"updateBy\":\"admin\"}', '{\"msg\":\"\",\"code\":200}', 0, NULL, '2023-04-08 16:02:41');
INSERT INTO `sys_oper_log` VALUES (380, '', 1, 'cn.wolfcode.car.web.controller.system.SysRoleController.add()', 'POST', 1, 'admin', NULL, '/system/role', '127.0.0.1', 'IP', '{\"admin\":false,\"createBy\":\"admin\",\"deptCheckStrictly\":true,\"deptIds\":[],\"flag\":false,\"menuCheckStrictly\":true,\"menuIds\":[2023,2036,2037,2038,2039,2040,2041],\"params\":{},\"roleId\":4,\"roleKey\":\"financial\",\"roleName\":\"\",\"roleSort\":4,\"status\":\"0\"}', '{\"msg\":\"\",\"code\":200}', 0, NULL, '2023-04-08 16:03:13');
INSERT INTO `sys_oper_log` VALUES (381, '', 1, 'cn.wolfcode.car.web.controller.system.SysUserController.add()', 'POST', 1, 'admin', NULL, '/system/user', '127.0.0.1', 'IP', '{\"admin\":false,\"createBy\":\"admin\",\"deptId\":100,\"nickName\":\"\",\"params\":{},\"postIds\":[1],\"roleIds\":[3],\"sex\":\"0\",\"status\":\"0\",\"userId\":3,\"userName\":\"xiaoliu\"}', '{\"msg\":\"\",\"code\":200}', 0, NULL, '2023-04-08 16:03:50');
INSERT INTO `sys_oper_log` VALUES (382, '', 1, 'cn.wolfcode.car.web.controller.system.SysUserController.add()', 'POST', 1, 'admin', NULL, '/system/user', '127.0.0.1', 'IP', '{\"admin\":false,\"createBy\":\"admin\",\"deptId\":101,\"nickName\":\"\",\"params\":{},\"postIds\":[4],\"roleIds\":[4],\"sex\":\"0\",\"status\":\"0\",\"userId\":4,\"userName\":\"laoliu\"}', '{\"msg\":\"\",\"code\":200}', 0, NULL, '2023-04-08 16:04:17');
INSERT INTO `sys_oper_log` VALUES (383, '', 1, 'cn.wolfcode.car.web.controller.system.SysUserController.add()', 'POST', 1, 'admin', NULL, '/system/user', '127.0.0.1', 'IP', '{\"admin\":false,\"createBy\":\"admin\",\"deptId\":102,\"nickName\":\"\",\"params\":{},\"postIds\":[2],\"roleIds\":[3],\"status\":\"0\",\"userId\":5,\"userName\":\"xiaohei\"}', '{\"msg\":\"\",\"code\":200}', 0, NULL, '2023-04-08 16:04:44');
INSERT INTO `sys_oper_log` VALUES (384, '', 1, 'cn.wolfcode.car.web.controller.system.SysUserController.add()', 'POST', 1, 'admin', NULL, '/system/user', '127.0.0.1', 'IP', '{\"admin\":false,\"createBy\":\"admin\",\"deptId\":108,\"nickName\":\"\",\"params\":{},\"postIds\":[3],\"roleIds\":[4],\"status\":\"0\",\"userId\":6,\"userName\":\"xiaobai\"}', '{\"msg\":\"\",\"code\":200}', 0, NULL, '2023-04-08 16:05:05');
INSERT INTO `sys_oper_log` VALUES (385, '', 2, 'cn.wolfcode.car.web.controller.system.SysUserController.edit()', 'PUT', 1, 'admin', NULL, '/system/user', '192.168.20.93', 'IP', '{\"admin\":false,\"avatar\":\"\",\"createBy\":\"admin\",\"createTime\":\"2023-04-08 16:04:44\",\"delFlag\":\"0\",\"dept\":{\"ancestors\":\"0,100\",\"children\":[],\"deptId\":102,\"deptName\":\"\",\"leader\":\"\",\"orderNum\":2,\"params\":{},\"parentId\":100,\"status\":\"0\"},\"deptId\":102,\"email\":\"\",\"loginIp\":\"\",\"nickName\":\"\",\"params\":{},\"phonenumber\":\"\",\"postIds\":[2],\"roleIds\":[3],\"roles\":[{\"admin\":false,\"dataScope\":\"1\",\"deptCheckStrictly\":false,\"flag\":false,\"menuCheckStrictly\":false,\"params\":{},\"roleId\":3,\"roleKey\":\"shopOwner\",\"roleName\":\"\",\"roleSort\":3,\"status\":\"0\"}],\"sex\":\"0\",\"status\":\"0\",\"updateBy\":\"admin\",\"userId\":5,\"userName\":\"xiaohei\"}', '{\"msg\":\"\",\"code\":200}', 0, NULL, '2023-04-08 16:05:22');
INSERT INTO `sys_oper_log` VALUES (386, '', 2, 'cn.wolfcode.car.appointment.controller.BusServiceItemController.updateSaleStatus()', 'PUT', 1, 'admin', NULL, '/appointment/serviceItem/saleStatus/10', '127.0.0.1', 'IP', '10', '{\"msg\":\"\",\"code\":200}', 0, NULL, '2023-04-08 16:19:02');
INSERT INTO `sys_oper_log` VALUES (387, '', 2, 'cn.wolfcode.car.appointment.controller.BusServiceItemController.edit()', 'PUT', 1, 'admin', NULL, '/appointment/serviceItem', '127.0.0.1', 'IP', '{\"carPackage\":1,\"createTime\":\"2021-06-15 15:47:54\",\"discountPrice\":3500,\"id\":10,\"info\":\"\",\"name\":\"\",\"originalPrice\":19900,\"params\":{},\"serviceCatalog\":1}', '{\"msg\":\"\",\"code\":200}', 0, NULL, '2023-04-08 16:19:15');
INSERT INTO `sys_oper_log` VALUES (388, '', 1, 'cn.wolfcode.car.flow.controller.BusBpmnInfoController.deploy()', 'POST', 1, 'admin', NULL, '/flow/bpmnInfo/deploy', '127.0.0.1', 'IP', '', '{\"msg\":\"\",\"code\":200}', 0, NULL, '2023-04-08 17:17:59');
INSERT INTO `sys_oper_log` VALUES (389, '', 3, 'cn.wolfcode.car.flow.controller.BusBpmnInfoController.remove()', 'DELETE', 1, 'admin', NULL, '/flow/bpmnInfo/8', '127.0.0.1', 'IP', '{}', '{\"msg\":\"\",\"code\":200}', 0, NULL, '2023-04-08 17:18:50');
INSERT INTO `sys_oper_log` VALUES (390, '', 1, 'cn.wolfcode.car.flow.controller.BusBpmnInfoController.deploy()', 'POST', 1, 'admin', NULL, '/flow/bpmnInfo/deploy', '127.0.0.1', 'IP', '', '{\"msg\":\"\",\"code\":200}', 0, NULL, '2023-04-08 17:18:59');
INSERT INTO `sys_oper_log` VALUES (391, '', 7, 'cn.wolfcode.car.web.controller.monitor.SysUserOnlineController.forceLogout()', 'DELETE', 1, 'admin', NULL, '/monitor/online/77065c3f-d134-4534-871e-69934be4be87', '192.168.20.91', 'IP', '{}', '{\"msg\":\"\",\"code\":200}', 0, NULL, '2023-04-08 21:17:41');
INSERT INTO `sys_oper_log` VALUES (392, '', 2, 'cn.wolfcode.car.appointment.controller.BusServiceItemController.updateSaleStatus()', 'PUT', 1, 'admin', NULL, '/appointment/serviceItem/saleStatus/6', '192.168.20.91', 'IP', '6', '{\"msg\":\"\",\"code\":200}', 0, NULL, '2023-04-09 10:37:35');
INSERT INTO `sys_oper_log` VALUES (393, '', 2, 'cn.wolfcode.car.appointment.controller.BusServiceItemController.updateSaleStatus()', 'PUT', 1, 'admin', NULL, '/appointment/serviceItem/saleStatus/6', '192.168.20.91', 'IP', '6', '{\"msg\":\"\",\"code\":200}', 0, NULL, '2023-04-09 10:37:41');
INSERT INTO `sys_oper_log` VALUES (394, '', 2, 'cn.wolfcode.car.appointment.controller.BusServiceItemController.updateSaleStatus()', 'PUT', 1, 'admin', NULL, '/appointment/serviceItem/saleStatus/11', '192.168.20.91', 'IP', '11', '{\"msg\":\"\",\"code\":200}', 0, NULL, '2023-04-09 10:37:52');
INSERT INTO `sys_oper_log` VALUES (395, '', 2, 'cn.wolfcode.car.appointment.controller.BusServiceItemController.updateSaleStatus()', 'PUT', 1, 'admin', NULL, '/appointment/serviceItem/saleStatus/11', '192.168.20.91', 'IP', '11', '{\"msg\":\"\",\"code\":200}', 0, NULL, '2023-04-09 10:37:55');
INSERT INTO `sys_oper_log` VALUES (396, '', 2, 'cn.wolfcode.car.appointment.controller.BusServiceItemController.updateSaleStatus()', 'PUT', 1, 'admin', NULL, '/appointment/serviceItem/saleStatus/4', '192.168.20.91', 'IP', '4', NULL, 1, '', '2023-04-09 10:38:14');
INSERT INTO `sys_oper_log` VALUES (397, '', 2, 'cn.wolfcode.car.appointment.controller.BusServiceItemController.updateSaleStatus()', 'PUT', 1, 'admin', NULL, '/appointment/serviceItem/saleStatus/10', '192.168.20.91', 'IP', '10', NULL, 1, '', '2023-04-09 10:38:18');
INSERT INTO `sys_oper_log` VALUES (398, '', 2, 'cn.wolfcode.car.appointment.controller.BusServiceItemController.updateSaleStatus()', 'PUT', 1, 'admin', NULL, '/appointment/serviceItem/saleStatus/9', '192.168.20.91', 'IP', '9', NULL, 1, '', '2023-04-09 10:38:23');
INSERT INTO `sys_oper_log` VALUES (399, '', 1, 'cn.wolfcode.car.appointment.controller.BusAppointmentController.add()', 'POST', 1, 'admin', NULL, '/appointment/info', '192.168.20.72', 'IP', '{\"appointmentTime\":\"2023-04-09 14:59:07\",\"carSeries\":\"11\",\"customerName\":\"11\",\"customerPhone\":\"18111111111\",\"info\":\"11\",\"licensePlate\":\"A12345\",\"params\":{},\"serviceType\":0}', NULL, 1, '', '2023-04-09 14:59:22');
INSERT INTO `sys_oper_log` VALUES (400, '', 1, 'cn.wolfcode.car.appointment.controller.BusAppointmentController.add()', 'POST', 1, 'admin', NULL, '/appointment/info', '192.168.20.72', 'IP', '{\"appointmentTime\":\"2023-04-28 14:59:26\",\"carSeries\":\"11\",\"customerName\":\"11\",\"customerPhone\":\"18111111111\",\"info\":\"11\",\"licensePlate\":\"A12345\",\"params\":{},\"serviceType\":0}', '{\"msg\":\"\",\"code\":200}', 0, NULL, '2023-04-09 14:59:33');
INSERT INTO `sys_oper_log` VALUES (401, '', 2, 'cn.wolfcode.car.appointment.controller.BusAppointmentController.arrivalInfo()', 'PUT', 1, 'admin', NULL, '/appointment/info/arrival/69', '192.168.20.72', 'IP', '69', '{\"msg\":\"\",\"code\":200}', 0, NULL, '2023-04-09 14:59:37');
INSERT INTO `sys_oper_log` VALUES (402, '', 1, 'cn.wolfcode.car.appointment.controller.BusAppointmentController.add()', 'POST', 1, 'admin', NULL, '/appointment/info', '192.168.20.72', 'IP', '{\"appointmentTime\":\"2023-04-21 00:00:00\",\"carSeries\":\"\",\"customerName\":\"\",\"customerPhone\":\"18161331465\",\"info\":\"11\",\"licensePlate\":\"A12345\",\"params\":{},\"serviceType\":0}', '{\"msg\":\"\",\"code\":200}', 0, NULL, '2023-04-09 15:00:31');
INSERT INTO `sys_oper_log` VALUES (403, '', 2, 'cn.wolfcode.car.appointment.controller.BusAppointmentController.arrivalInfo()', 'PUT', 1, 'admin', NULL, '/appointment/info/arrival/70', '192.168.20.72', 'IP', '70', '{\"msg\":\"\",\"code\":200}', 0, NULL, '2023-04-09 15:00:42');
INSERT INTO `sys_oper_log` VALUES (404, '', 2, 'cn.wolfcode.car.appointment.controller.BusAppointmentController.edit()', 'PUT', 1, 'admin', NULL, '/appointment/info/70/statements', '192.168.20.72', 'IP', '70', '{\"msg\":\"\",\"code\":200,\"data\":{\"actualArrivalTime\":\"2023-04-09 15:00:42\",\"appointmentId\":70,\"carSeries\":\"\",\"createTime\":\"2023-04-09 15:00:50.052\",\"customerName\":\"\",\"customerPhone\":\"18161331465\",\"discountAmount\":0,\"id\":70,\"info\":\"11\",\"isDelete\":0,\"licensePlate\":\"A12345\",\"params\":{},\"serviceType\":0,\"status\":0,\"totalAmount\":0,\"totalQuantity\":0}}', 0, NULL, '2023-04-09 15:00:50');
INSERT INTO `sys_oper_log` VALUES (405, '', 1, 'cn.wolfcode.car.audit.controller.BusCarPackageAuditController.startAudit()', 'POST', 1, 'admin', NULL, '/audit/info', '127.0.0.1', 'IP', '{\"info\":\"\",\"serviceItemId\":9,\"shopOwnerId\":3}', '{\"msg\":\"\",\"code\":200}', 0, NULL, '2023-04-10 11:20:48');
INSERT INTO `sys_oper_log` VALUES (406, '', 3, 'cn.wolfcode.car.audit.controller.BusCarPackageAuditController.remove()', 'DELETE', 1, 'admin', NULL, '/audit/info/1', '127.0.0.1', 'IP', '{}', NULL, 1, 'nested exception is org.apache.ibatis.binding.BindingException: Parameter \'status\' not found. Available parameters are [arg1, arg0, param1, param2]', '2023-04-10 11:41:13');
INSERT INTO `sys_oper_log` VALUES (407, '', 3, 'cn.wolfcode.car.audit.controller.BusCarPackageAuditController.remove()', 'DELETE', 1, 'admin', NULL, '/audit/info/1', '127.0.0.1', 'IP', '{}', '{\"msg\":\"\",\"code\":200}', 0, NULL, '2023-04-10 11:41:58');
INSERT INTO `sys_oper_log` VALUES (408, '', 1, 'cn.wolfcode.car.audit.controller.BusCarPackageAuditController.startAudit()', 'POST', 1, 'admin', NULL, '/audit/info', '127.0.0.1', 'IP', '{\"info\":\"123\",\"serviceItemId\":9,\"shopOwnerId\":3}', '{\"msg\":\"\",\"code\":200}', 0, NULL, '2023-04-10 11:48:51');
INSERT INTO `sys_oper_log` VALUES (409, '', 1, 'cn.wolfcode.car.web.controller.system.SysMenuController.add()', 'POST', 1, 'admin', NULL, '/system/menu', '127.0.0.1', 'IP', '{\"children\":[],\"createBy\":\"admin\",\"isCache\":\"0\",\"isFrame\":\"1\",\"menuName\":\"\",\"menuType\":\"C\",\"orderNum\":2,\"params\":{},\"parentId\":2023,\"path\":\"/audit/todo\",\"status\":\"0\",\"visible\":\"0\"}', '{\"msg\":\"\",\"code\":200}', 0, NULL, '2023-04-10 15:54:24');
INSERT INTO `sys_oper_log` VALUES (410, '', 2, 'cn.wolfcode.car.web.controller.system.SysMenuController.edit()', 'PUT', 1, 'admin', NULL, '/system/menu', '127.0.0.1', 'IP', '{\"children\":[],\"component\":\"business/audit/todo/index\",\"createTime\":\"2023-04-10 15:54:24\",\"icon\":\"#\",\"isCache\":\"0\",\"isFrame\":\"1\",\"menuId\":2042,\"menuName\":\"\",\"menuType\":\"C\",\"orderNum\":2,\"params\":{},\"parentId\":2023,\"path\":\"todo\",\"perms\":\"audit:todo:list\",\"status\":\"0\",\"updateBy\":\"admin\",\"visible\":\"0\"}', '{\"msg\":\"\",\"code\":200}', 0, NULL, '2023-04-10 15:55:32');
INSERT INTO `sys_oper_log` VALUES (411, '', 2, 'cn.wolfcode.car.web.controller.system.SysRoleController.edit()', 'PUT', 1, 'admin', NULL, '/system/role', '127.0.0.1', 'IP', '{\"admin\":false,\"createTime\":\"2023-04-08 16:02:34\",\"dataScope\":\"1\",\"delFlag\":\"0\",\"deptCheckStrictly\":true,\"flag\":false,\"menuCheckStrictly\":true,\"menuIds\":[2000,2001,2004,2005,2006,2020,2007,2008,2002,2009,2010,2011,2012,2013,2003,2014,2015,2016,2017,2018,2021,2019,2023,2036,2037,2038,2039,2040,2041,2042,2022,2030,2031,2032,2033,2034,2035],\"params\":{},\"roleId\":3,\"roleKey\":\"shopOwner\",\"roleName\":\"\",\"roleSort\":3,\"status\":\"0\",\"updateBy\":\"admin\"}', '{\"msg\":\"\",\"code\":200}', 0, NULL, '2023-04-10 16:07:10');
INSERT INTO `sys_oper_log` VALUES (412, '', 2, 'cn.wolfcode.car.web.controller.system.SysRoleController.edit()', 'PUT', 1, 'admin', NULL, '/system/role', '127.0.0.1', 'IP', '{\"admin\":false,\"createTime\":\"2023-04-08 16:03:13\",\"dataScope\":\"1\",\"delFlag\":\"0\",\"deptCheckStrictly\":true,\"flag\":false,\"menuCheckStrictly\":true,\"menuIds\":[2023,2036,2037,2038,2039,2040,2041,2042],\"params\":{},\"roleId\":4,\"roleKey\":\"financial\",\"roleName\":\"\",\"roleSort\":4,\"status\":\"0\",\"updateBy\":\"admin\"}', '{\"msg\":\"\",\"code\":200}', 0, NULL, '2023-04-10 16:07:16');
INSERT INTO `sys_oper_log` VALUES (413, '', 1, 'cn.wolfcode.car.web.controller.system.SysMenuController.add()', 'POST', 1, 'admin', NULL, '/system/menu', '127.0.0.1', 'IP', '{\"children\":[],\"createBy\":\"admin\",\"isCache\":\"0\",\"isFrame\":\"1\",\"menuName\":\"\",\"menuType\":\"F\",\"orderNum\":1,\"params\":{},\"parentId\":2042,\"perms\":\"audit:todo:handle\",\"status\":\"0\",\"visible\":\"0\"}', '{\"msg\":\"\",\"code\":200}', 0, NULL, '2023-04-10 17:19:01');
INSERT INTO `sys_oper_log` VALUES (414, '', 2, 'cn.wolfcode.car.web.controller.system.SysRoleController.edit()', 'PUT', 1, 'admin', NULL, '/system/role', '127.0.0.1', 'IP', '{\"admin\":false,\"createTime\":\"2023-04-08 16:02:34\",\"dataScope\":\"1\",\"delFlag\":\"0\",\"deptCheckStrictly\":true,\"flag\":false,\"menuCheckStrictly\":true,\"menuIds\":[2000,2001,2004,2005,2006,2020,2007,2008,2002,2009,2010,2011,2012,2013,2003,2014,2015,2016,2017,2018,2021,2019,2023,2036,2037,2038,2039,2040,2041,2042,2043,2022,2030,2031,2032,2033,2034,2035],\"params\":{},\"roleId\":3,\"roleKey\":\"shopOwner\",\"roleName\":\"\",\"roleSort\":3,\"status\":\"0\",\"updateBy\":\"admin\"}', '{\"msg\":\"\",\"code\":200}', 0, NULL, '2023-04-10 17:19:17');
INSERT INTO `sys_oper_log` VALUES (415, '', 2, 'cn.wolfcode.car.web.controller.system.SysRoleController.edit()', 'PUT', 1, 'admin', NULL, '/system/role', '127.0.0.1', 'IP', '{\"admin\":false,\"createTime\":\"2023-04-08 16:03:13\",\"dataScope\":\"1\",\"delFlag\":\"0\",\"deptCheckStrictly\":true,\"flag\":false,\"menuCheckStrictly\":true,\"menuIds\":[2023,2036,2037,2038,2039,2040,2041,2042,2043],\"params\":{},\"roleId\":4,\"roleKey\":\"financial\",\"roleName\":\"\",\"roleSort\":4,\"status\":\"0\",\"updateBy\":\"admin\"}', '{\"msg\":\"\",\"code\":200}', 0, NULL, '2023-04-10 17:19:23');
INSERT INTO `sys_oper_log` VALUES (416, '', 3, 'cn.wolfcode.car.audit.controller.BusCarPackageAuditController.remove()', 'DELETE', 1, 'xiaoliu', NULL, '/audit/info/2', '127.0.0.1', 'IP', '{}', '{\"msg\":\"\",\"code\":200}', 0, NULL, '2023-04-10 17:25:20');
INSERT INTO `sys_oper_log` VALUES (417, '', 1, 'cn.wolfcode.car.audit.controller.BusCarPackageAuditController.startAudit()', 'POST', 1, 'admin', NULL, '/audit/info', '127.0.0.1', 'IP', '{\"info\":\"123\",\"serviceItemId\":9,\"shopOwnerId\":3}', '{\"msg\":\"\",\"code\":200}', 0, NULL, '2023-04-10 17:26:26');
INSERT INTO `sys_oper_log` VALUES (418, '', 2, 'cn.wolfcode.car.appointment.controller.BusServiceItemController.edit()', 'PUT', 1, 'admin', NULL, '/appointment/serviceItem', '127.0.0.1', 'IP', '{\"carPackage\":1,\"createTime\":\"2021-06-15 15:47:54\",\"discountPrice\":5100,\"id\":10,\"info\":\"\",\"name\":\"\",\"originalPrice\":19900,\"params\":{},\"serviceCatalog\":1}', '{\"msg\":\"\",\"code\":200}', 0, NULL, '2023-04-10 17:28:18');
INSERT INTO `sys_oper_log` VALUES (419, '', 1, 'cn.wolfcode.car.audit.controller.BusCarPackageAuditController.startAudit()', 'POST', 1, 'admin', NULL, '/audit/info', '127.0.0.1', 'IP', '{\"financialId\":4,\"info\":\"123\",\"serviceItemId\":10,\"shopOwnerId\":3}', '{\"msg\":\"\",\"code\":200}', 0, NULL, '2023-04-10 17:28:28');
INSERT INTO `sys_oper_log` VALUES (420, '', 2, 'cn.wolfcode.car.appointment.controller.BusServiceItemController.edit()', 'PUT', 1, 'admin', NULL, '/appointment/serviceItem', '127.0.0.1', 'IP', '{\"carPackage\":0,\"createTime\":\"2021-05-18 00:00:00\",\"discountPrice\":68,\"id\":5,\"info\":\"\",\"name\":\"\",\"originalPrice\":99,\"params\":{},\"serviceCatalog\":0}', '{\"msg\":\"\",\"code\":200}', 0, NULL, '2023-04-10 17:58:32');
INSERT INTO `sys_oper_log` VALUES (421, '', 2, 'cn.wolfcode.car.appointment.controller.BusServiceItemController.edit()', 'PUT', 1, 'admin', NULL, '/appointment/serviceItem', '127.0.0.1', 'IP', '{\"carPackage\":0,\"createTime\":\"2021-06-15 15:48:37\",\"discountPrice\":69,\"id\":11,\"info\":\"\",\"name\":\"\",\"originalPrice\":99,\"params\":{},\"serviceCatalog\":1}', '{\"msg\":\"\",\"code\":200}', 0, NULL, '2023-04-10 17:58:45');
INSERT INTO `sys_oper_log` VALUES (422, '', 1, 'cn.wolfcode.car.audit.controller.BusCarPackageAuditController.startAudit()', 'POST', 1, 'admin', NULL, '/audit/info', '127.0.0.1', 'IP', '{\"info\":\"123\",\"serviceItemId\":36,\"shopOwnerId\":5}', '{\"msg\":\"\",\"code\":200}', 0, NULL, '2023-04-10 21:09:44');
INSERT INTO `sys_oper_log` VALUES (423, '', 3, 'cn.wolfcode.car.audit.controller.BusCarPackageAuditController.remove()', 'DELETE', 1, 'admin', NULL, '/audit/info/5', '127.0.0.1', 'IP', '{}', '{\"msg\":\"\",\"code\":200}', 0, NULL, '2023-04-10 21:10:14');
INSERT INTO `sys_oper_log` VALUES (424, '', 2, 'cn.wolfcode.car.appointment.controller.BusServiceItemController.edit()', 'PUT', 1, 'admin', NULL, '/appointment/serviceItem', '127.0.0.1', 'IP', '{\"carPackage\":1,\"createTime\":\"2021-06-15 15:48:37\",\"discountPrice\":69,\"id\":11,\"info\":\"\",\"name\":\"\",\"originalPrice\":99,\"params\":{},\"serviceCatalog\":1}', '{\"msg\":\"\",\"code\":200}', 0, NULL, '2023-04-10 22:02:53');
INSERT INTO `sys_oper_log` VALUES (425, '', 1, 'cn.wolfcode.car.audit.controller.BusCarPackageAuditController.startAudit()', 'POST', 1, 'admin', NULL, '/audit/info', '127.0.0.1', 'IP', '{\"info\":\"\",\"serviceItemId\":11,\"shopOwnerId\":3}', '{\"msg\":\"\",\"code\":200}', 0, NULL, '2023-04-10 22:03:03');
INSERT INTO `sys_oper_log` VALUES (426, '', 2, 'cn.wolfcode.car.appointment.controller.BusServiceItemController.edit()', 'PUT', 1, 'xiaoliu', NULL, '/appointment/serviceItem', '127.0.0.1', 'IP', '{\"carPackage\":0,\"createTime\":\"2021-06-15 15:48:37\",\"discountPrice\":69,\"id\":11,\"info\":\"\",\"name\":\"\",\"originalPrice\":99,\"params\":{},\"serviceCatalog\":1}', '{\"msg\":\"\",\"code\":200}', 0, NULL, '2023-04-10 22:03:51');
INSERT INTO `sys_oper_log` VALUES (427, '', 2, 'cn.wolfcode.car.appointment.controller.BusServiceItemController.edit()', 'PUT', 1, 'xiaoliu', NULL, '/appointment/serviceItem', '127.0.0.1', 'IP', '{\"carPackage\":1,\"createTime\":\"2021-06-15 15:48:37\",\"discountPrice\":99999,\"id\":11,\"info\":\"\",\"name\":\"\",\"originalPrice\":1000000,\"params\":{},\"serviceCatalog\":1}', '{\"msg\":\"\",\"code\":200}', 0, NULL, '2023-04-10 22:04:04');
INSERT INTO `sys_oper_log` VALUES (428, '', 1, 'cn.wolfcode.car.audit.controller.BusCarPackageAuditController.startAudit()', 'POST', 1, 'admin', NULL, '/audit/info', '127.0.0.1', 'IP', '{\"financialId\":4,\"info\":\"\",\"serviceItemId\":11,\"shopOwnerId\":3}', '{\"msg\":\"\",\"code\":200}', 0, NULL, '2023-04-10 22:04:43');
INSERT INTO `sys_oper_log` VALUES (429, '', 3, 'cn.wolfcode.car.audit.controller.BusCarPackageAuditController.remove()', 'DELETE', 1, 'xiaoliu', NULL, '/audit/info/7', '127.0.0.1', 'IP', '{}', '{\"msg\":\"\",\"code\":200}', 0, NULL, '2023-04-10 22:09:47');
INSERT INTO `sys_oper_log` VALUES (430, '', 7, 'cn.wolfcode.car.web.controller.monitor.SysUserOnlineController.forceLogout()', 'DELETE', 1, 'admin', NULL, '/monitor/online/9b59859d-146d-47ea-b537-9ca08fb980ea', '192.168.20.172', 'IP', '{}', '{\"msg\":\"\",\"code\":200}', 0, NULL, '2023-04-11 09:43:51');
INSERT INTO `sys_oper_log` VALUES (431, '', 1, 'cn.wolfcode.car.web.controller.system.SysMenuController.add()', 'POST', 1, 'admin', NULL, '/system/menu', '127.0.0.1', 'IP', '{\"children\":[],\"component\":\"business/audit/done/index\",\"createBy\":\"admin\",\"isCache\":\"0\",\"isFrame\":\"1\",\"menuName\":\"\",\"menuType\":\"C\",\"orderNum\":3,\"params\":{},\"parentId\":2023,\"path\":\"done\",\"perms\":\"audit:done:list\",\"status\":\"0\",\"visible\":\"0\"}', '{\"msg\":\"\",\"code\":200}', 0, NULL, '2023-04-11 10:27:28');
INSERT INTO `sys_oper_log` VALUES (432, '', 2, 'cn.wolfcode.car.web.controller.system.SysRoleController.edit()', 'PUT', 1, 'admin', NULL, '/system/role', '127.0.0.1', 'IP', '{\"admin\":false,\"createTime\":\"2023-04-08 16:02:34\",\"dataScope\":\"1\",\"delFlag\":\"0\",\"deptCheckStrictly\":true,\"flag\":false,\"menuCheckStrictly\":true,\"menuIds\":[2000,2001,2004,2005,2006,2020,2007,2008,2002,2009,2010,2011,2012,2013,2003,2014,2015,2016,2017,2018,2021,2019,2023,2036,2037,2038,2039,2040,2041,2042,2043,2044,2022,2030,2031,2032,2033,2034,2035],\"params\":{},\"roleId\":3,\"roleKey\":\"shopOwner\",\"roleName\":\"\",\"roleSort\":3,\"status\":\"0\",\"updateBy\":\"admin\"}', '{\"msg\":\"\",\"code\":200}', 0, NULL, '2023-04-11 10:27:59');
INSERT INTO `sys_oper_log` VALUES (433, '', 2, 'cn.wolfcode.car.web.controller.system.SysRoleController.edit()', 'PUT', 1, 'admin', NULL, '/system/role', '127.0.0.1', 'IP', '{\"admin\":false,\"createTime\":\"2023-04-08 16:03:13\",\"dataScope\":\"1\",\"delFlag\":\"0\",\"deptCheckStrictly\":true,\"flag\":false,\"menuCheckStrictly\":true,\"menuIds\":[2023,2036,2037,2038,2039,2040,2041,2042,2043,2044],\"params\":{},\"roleId\":4,\"roleKey\":\"financial\",\"roleName\":\"\",\"roleSort\":4,\"status\":\"0\",\"updateBy\":\"admin\"}', '{\"msg\":\"\",\"code\":200}', 0, NULL, '2023-04-11 10:28:05');
INSERT INTO `sys_oper_log` VALUES (434, '', 2, 'cn.wolfcode.car.web.controller.system.SysProfileController.updatePwd()', 'PUT', 1, 'admin', NULL, '/system/user/profile/updatePwd', '127.0.0.1', 'IP', '\"admin123\" \"111111\"', '{\"msg\":\"\",\"code\":200}', 0, NULL, '2023-04-11 10:39:41');
INSERT INTO `sys_oper_log` VALUES (435, '', 1, 'cn.wolfcode.car.audit.controller.BusCarPackageAuditController.startAudit()', 'POST', 1, 'admin', NULL, '/audit/info', '127.0.0.1', 'IP', '{\"financialId\":4,\"info\":\"\",\"serviceItemId\":11,\"shopOwnerId\":3}', '{\"msg\":\"\",\"code\":200}', 0, NULL, '2023-04-11 10:40:15');
INSERT INTO `sys_oper_log` VALUES (436, '', 1, 'cn.wolfcode.car.web.controller.system.SysMenuController.add()', 'POST', 1, 'admin', NULL, '/system/menu', '127.0.0.1', 'IP', '{\"children\":[],\"createBy\":\"admin\",\"isCache\":\"0\",\"isFrame\":\"1\",\"menuName\":\"\",\"menuType\":\"F\",\"orderNum\":6,\"params\":{},\"parentId\":2036,\"perms\":\"audit:info:history\",\"status\":\"0\",\"visible\":\"0\"}', '{\"msg\":\"\",\"code\":200}', 0, NULL, '2023-04-11 14:18:38');
INSERT INTO `sys_oper_log` VALUES (437, '', 2, 'cn.wolfcode.car.web.controller.system.SysRoleController.edit()', 'PUT', 1, 'admin', NULL, '/system/role', '127.0.0.1', 'IP', '{\"admin\":false,\"createTime\":\"2023-04-08 16:02:34\",\"dataScope\":\"1\",\"delFlag\":\"0\",\"deptCheckStrictly\":true,\"flag\":false,\"menuCheckStrictly\":true,\"menuIds\":[2000,2001,2004,2005,2006,2020,2007,2008,2002,2009,2010,2011,2012,2013,2003,2014,2015,2016,2017,2018,2021,2019,2023,2036,2037,2038,2039,2040,2041,2045,2042,2043,2044,2022,2030,2031,2032,2033,2034,2035],\"params\":{},\"roleId\":3,\"roleKey\":\"shopOwner\",\"roleName\":\"\",\"roleSort\":3,\"status\":\"0\",\"updateBy\":\"admin\"}', '{\"msg\":\"\",\"code\":200}', 0, NULL, '2023-04-11 14:18:52');
INSERT INTO `sys_oper_log` VALUES (438, '', 2, 'cn.wolfcode.car.web.controller.system.SysRoleController.edit()', 'PUT', 1, 'admin', NULL, '/system/role', '127.0.0.1', 'IP', '{\"admin\":false,\"createTime\":\"2023-04-08 16:03:13\",\"dataScope\":\"1\",\"delFlag\":\"0\",\"deptCheckStrictly\":true,\"flag\":false,\"menuCheckStrictly\":true,\"menuIds\":[2023,2036,2037,2038,2039,2040,2041,2045,2042,2043,2044],\"params\":{},\"roleId\":4,\"roleKey\":\"financial\",\"roleName\":\"\",\"roleSort\":4,\"status\":\"0\",\"updateBy\":\"admin\"}', '{\"msg\":\"\",\"code\":200}', 0, NULL, '2023-04-11 14:18:57');
INSERT INTO `sys_oper_log` VALUES (439, '', 2, 'cn.wolfcode.car.appointment.controller.BusServiceItemController.edit()', 'PUT', 1, 'admin', NULL, '/appointment/serviceItem', '127.0.0.1', 'IP', '{\"carPackage\":1,\"createTime\":\"2021-05-28 00:00:00\",\"discountPrice\":199,\"id\":9,\"info\":\"\",\"name\":\"\",\"originalPrice\":288,\"params\":{},\"serviceCatalog\":1}', '{\"msg\":\"\",\"code\":200}', 0, NULL, '2023-04-11 16:00:07');
INSERT INTO `sys_oper_log` VALUES (440, '', 1, 'cn.wolfcode.car.audit.controller.BusCarPackageAuditController.startAudit()', 'POST', 1, 'admin', NULL, '/audit/info', '127.0.0.1', 'IP', '{\"info\":\"199\",\"serviceItemId\":9,\"shopOwnerId\":3}', '{\"msg\":\"\",\"code\":200}', 0, NULL, '2023-04-11 16:00:17');
INSERT INTO `sys_oper_log` VALUES (441, '', 2, 'cn.wolfcode.car.web.controller.system.SysMenuController.edit()', 'PUT', 1, 'admin', NULL, '/system/menu', '127.0.0.1', 'IP', '{\"children\":[],\"component\":\"\",\"createTime\":\"2023-04-08 11:35:40\",\"icon\":\"#\",\"isCache\":\"0\",\"isFrame\":\"1\",\"menuId\":2039,\"menuName\":\"\",\"menuType\":\"F\",\"orderNum\":3,\"params\":{},\"parentId\":2036,\"path\":\"#\",\"perms\":\"audit:info:processing\",\"status\":\"0\",\"updateBy\":\"admin\",\"visible\":\"0\"}', '{\"msg\":\"\",\"code\":200}', 0, NULL, '2023-04-11 16:29:34');
INSERT INTO `sys_oper_log` VALUES (442, '', 2, 'cn.wolfcode.car.web.controller.system.SysProfileController.updatePwd()', 'PUT', 1, 'admin', NULL, '/system/user/profile/updatePwd', '127.0.0.1', 'IP', '\"123456\" \"YUNjing\"', '{\"msg\":\"\",\"code\":500}', 0, NULL, '2023-11-17 13:35:48');
INSERT INTO `sys_oper_log` VALUES (443, '', 2, 'cn.wolfcode.car.web.controller.system.SysProfileController.updatePwd()', 'PUT', 1, 'admin', NULL, '/system/user/profile/updatePwd', '127.0.0.1', 'IP', '\"admin\" \"YUNjing\"', '{\"msg\":\"\",\"code\":500}', 0, NULL, '2023-11-17 13:35:54');
INSERT INTO `sys_oper_log` VALUES (444, '', 2, 'cn.wolfcode.car.web.controller.system.SysProfileController.updatePwd()', 'PUT', 1, 'admin', NULL, '/system/user/profile/updatePwd', '127.0.0.1', 'IP', '\"suoyi\" \"YUNjing\"', '{\"msg\":\"\",\"code\":500}', 0, NULL, '2023-11-17 13:36:01');
INSERT INTO `sys_oper_log` VALUES (445, '', 2, 'cn.wolfcode.car.web.controller.system.SysProfileController.updatePwd()', 'PUT', 1, 'admin', NULL, '/system/user/profile/updatePwd', '127.0.0.1', 'IP', '\"admin123\" \"YUNjing\"', '{\"msg\":\"\",\"code\":200}', 0, NULL, '2023-11-17 13:36:52');
INSERT INTO `sys_oper_log` VALUES (446, '', 2, 'cn.wolfcode.car.appointment.controller.BusAppointmentController.edit()', 'PUT', 1, 'admin', NULL, '/appointment/info/9/statements', '127.0.0.1', 'IP', '9', '{\"msg\":\"\",\"code\":200,\"data\":{\"actualArrivalTime\":\"2021-10-27 16:06:17\",\"appointmentId\":9,\"carSeries\":\"\",\"createTime\":\"2021-10-27 16:23:57\",\"customerName\":\"\",\"customerPhone\":\"13099996666\",\"discountAmount\":0.00,\"id\":1,\"isDelete\":0,\"licensePlate\":\"A88888\",\"params\":{},\"payTime\":\"2021-10-27 16:24:10\",\"payeeId\":1,\"serviceType\":0,\"status\":1,\"totalAmount\":256.00,\"totalQuantity\":2.00}}', 0, NULL, '2023-11-17 13:37:38');
INSERT INTO `sys_oper_log` VALUES (447, '', 2, 'cn.wolfcode.car.web.controller.system.SysMenuController.edit()', 'PUT', 1, 'admin', NULL, '/system/menu', '127.0.0.1', 'IP', '{\"children\":[],\"createTime\":\"2023-03-27 10:35:43\",\"icon\":\"guide\",\"isCache\":\"0\",\"isFrame\":\"0\",\"menuId\":4,\"menuName\":\"e \",\"menuType\":\"M\",\"orderNum\":20,\"params\":{},\"parentId\":0,\"path\":\"https://mirrorseek.com\",\"perms\":\"\",\"query\":\"\",\"status\":\"0\",\"updateBy\":\"admin\",\"visible\":\"0\"}', '{\"msg\":\"\",\"code\":200}', 0, NULL, '2023-11-17 13:52:22');
INSERT INTO `sys_oper_log` VALUES (448, '', 2, 'cn.wolfcode.car.web.controller.system.SysMenuController.edit()', 'PUT', 1, 'admin', NULL, '/system/menu', '127.0.0.1', 'IP', '{\"children\":[],\"createTime\":\"2023-03-27 10:35:43\",\"icon\":\"guide\",\"isCache\":\"0\",\"isFrame\":\"0\",\"menuId\":4,\"menuName\":\"e \",\"menuType\":\"M\",\"orderNum\":20,\"params\":{},\"parentId\":0,\"path\":\"https://mirrorseek.com\",\"perms\":\"\",\"query\":\"\",\"status\":\"0\",\"updateBy\":\"admin\",\"visible\":\"0\"}', '{\"msg\":\"\",\"code\":200}', 0, NULL, '2023-11-17 13:52:38');
INSERT INTO `sys_oper_log` VALUES (449, '', 2, 'cn.ms.car.web.controller.system.SysProfileController.avatar()', 'POST', 1, 'admin', NULL, '/system/user/profile/avatar', '127.0.0.1', 'IP', '', '{\"msg\":\"\",\"imgUrl\":\"/profile/avatar/2023/11/17/blob_20231117192615A001.png\",\"code\":200}', 0, NULL, '2023-11-17 19:26:15');
INSERT INTO `sys_oper_log` VALUES (450, '', 2, 'cn.ms.car.web.controller.system.SysProfileController.updateProfile()', 'PUT', 1, 'admin', NULL, '/system/user/profile', '127.0.0.1', 'IP', '{\"admin\":true,\"createBy\":\"admin\",\"createTime\":\"2023-03-27 10:35:42\",\"delFlag\":\"0\",\"dept\":{\"ancestors\":\"0,100,101\",\"children\":[],\"deptId\":103,\"deptName\":\"\",\"leader\":\"\",\"orderNum\":1,\"params\":{},\"parentId\":101,\"status\":\"0\"},\"email\":\"ry@163.com\",\"loginDate\":\"2023-11-17 19:17:05\",\"loginIp\":\"127.0.0.1\",\"nickName\":\"\",\"params\":{},\"phonenumber\":\"15888888888\",\"remark\":\"\",\"roles\":[{\"admin\":true,\"dataScope\":\"1\",\"deptCheckStrictly\":false,\"flag\":false,\"menuCheckStrictly\":false,\"params\":{},\"roleId\":1,\"roleKey\":\"admin\",\"roleName\":\"\",\"roleSort\":1,\"status\":\"0\"}],\"sex\":\"1\",\"status\":\"0\",\"userId\":1,\"userName\":\"admin\"}', '{\"msg\":\"\",\"code\":200}', 0, NULL, '2023-11-17 19:26:16');
INSERT INTO `sys_oper_log` VALUES (451, '', 2, 'cn.ms.car.appointment.controller.BusAppointmentController.edit()', 'PUT', 1, 'admin', NULL, '/appointment/info/9/statements', '127.0.0.1', 'IP', '9', '{\"msg\":\"\",\"code\":200,\"data\":{\"actualArrivalTime\":\"2021-10-27 16:06:17\",\"appointmentId\":9,\"carSeries\":\"\",\"createTime\":\"2021-10-27 16:23:57\",\"customerName\":\"\",\"customerPhone\":\"13099996666\",\"discountAmount\":0.00,\"id\":1,\"isDelete\":0,\"licensePlate\":\"A88888\",\"params\":{},\"payTime\":\"2021-10-27 16:24:10\",\"payeeId\":1,\"serviceType\":0,\"status\":1,\"totalAmount\":256.00,\"totalQuantity\":2.00}}', 0, NULL, '2023-11-17 19:45:24');
INSERT INTO `sys_oper_log` VALUES (452, '', 1, 'cn.ms.car.appointment.controller.BusAppointmentController.add()', 'POST', 1, 'admin', NULL, '/appointment/info', '127.0.0.1', 'IP', '{\"appointmentTime\":\"2023-11-24 00:00:00\",\"carSeries\":\"-\",\"customerName\":\"\",\"customerPhone\":\"18888888888\",\"licensePlate\":\"A88888\",\"params\":{},\"serviceType\":1}', '{\"msg\":\"\",\"code\":200}', 0, NULL, '2023-11-17 19:53:31');
INSERT INTO `sys_oper_log` VALUES (453, '', 2, 'cn.ms.car.appointment.controller.BusStatementController.edit()', 'PUT', 1, 'admin', NULL, '/appointment/statement', '127.0.0.1', 'IP', '{\"actualArrivalTime\":\"2022-09-20 11:30:10\",\"carSeries\":\"Model3\",\"createTime\":\"2023-04-07 00:17:07\",\"customerName\":\"\",\"customerPhone\":\"13088886666\",\"discountAmount\":0,\"id\":69,\"info\":\"\",\"licensePlate\":\"A55588\",\"params\":{},\"serviceType\":1}', '{\"msg\":\"\",\"code\":200}', 0, NULL, '2023-11-17 19:54:01');
INSERT INTO `sys_oper_log` VALUES (454, '', 2, 'cn.ms.car.appointment.controller.BusAppointmentController.arrivalInfo()', 'PUT', 1, 'admin', NULL, '/appointment/info/arrival/71', '127.0.0.1', 'IP', '71', '{\"msg\":\"\",\"code\":200}', 0, NULL, '2023-11-17 19:54:15');
INSERT INTO `sys_oper_log` VALUES (455, '', 2, 'cn.ms.car.appointment.controller.BusAppointmentController.edit()', 'PUT', 1, 'admin', NULL, '/appointment/info/71/statements', '127.0.0.1', 'IP', '71', '{\"msg\":\"\",\"code\":200,\"data\":{\"actualArrivalTime\":\"2023-11-17 19:54:15\",\"appointmentId\":71,\"carSeries\":\"-\",\"createTime\":\"2023-11-17 19:54:28.716\",\"customerName\":\"\",\"customerPhone\":\"18888888888\",\"discountAmount\":0,\"id\":71,\"isDelete\":0,\"licensePlate\":\"A88888\",\"params\":{},\"serviceType\":1,\"status\":0,\"totalAmount\":0,\"totalQuantity\":0}}', 0, NULL, '2023-11-17 19:54:28');
INSERT INTO `sys_oper_log` VALUES (456, '', 2, 'cn.ms.car.appointment.controller.BusAppointmentController.edit()', 'PUT', 1, 'admin', NULL, '/appointment/info/9/statements', '127.0.0.1', 'IP', '9', '{\"msg\":\"\",\"code\":200,\"data\":{\"actualArrivalTime\":\"2021-10-27 16:06:17\",\"appointmentId\":9,\"carSeries\":\"\",\"createTime\":\"2021-10-27 16:23:57\",\"customerName\":\"\",\"customerPhone\":\"13099996666\",\"discountAmount\":0.00,\"id\":1,\"isDelete\":0,\"licensePlate\":\"A88888\",\"params\":{},\"payTime\":\"2021-10-27 16:24:10\",\"payeeId\":1,\"serviceType\":0,\"status\":1,\"totalAmount\":256.00,\"totalQuantity\":2.00}}', 0, NULL, '2023-11-17 20:36:48');
INSERT INTO `sys_oper_log` VALUES (457, '', 2, 'cn.ms.car.appointment.controller.BusAppointmentController.edit()', 'PUT', 1, 'admin', NULL, '/appointment/info/71/statements', '127.0.0.1', 'IP', '71', '{\"msg\":\"\",\"code\":200,\"data\":{\"actualArrivalTime\":\"2023-11-17 19:54:15\",\"appointmentId\":71,\"carSeries\":\"-\",\"createTime\":\"2023-11-17 19:54:29\",\"customerName\":\"\",\"customerPhone\":\"18888888888\",\"discountAmount\":0.00,\"id\":71,\"isDelete\":0,\"licensePlate\":\"A88888\",\"params\":{},\"payTime\":\"2023-11-17 19:54:40\",\"payeeId\":1,\"serviceType\":1,\"status\":1,\"totalAmount\":0.00,\"totalQuantity\":0.00}}', 0, NULL, '2023-11-17 20:44:27');
INSERT INTO `sys_oper_log` VALUES (458, '', 2, 'cn.ms.car.web.controller.system.SysMenuController.edit()', 'PUT', 1, 'admin', NULL, '/system/menu', '127.0.0.1', 'IP', '{\"children\":[],\"createTime\":\"2023-03-27 10:35:43\",\"icon\":\"peoples\",\"isCache\":\"0\",\"isFrame\":\"0\",\"menuId\":4,\"menuName\":\"\",\"menuType\":\"M\",\"orderNum\":20,\"params\":{},\"parentId\":0,\"path\":\"\",\"perms\":\"\",\"query\":\"\",\"status\":\"0\",\"visible\":\"0\"}', '{\"msg\":\"\'\'http(s)://\",\"code\":500}', 0, NULL, '2023-11-17 20:45:31');
INSERT INTO `sys_oper_log` VALUES (459, '', 2, 'cn.ms.car.web.controller.system.SysMenuController.edit()', 'PUT', 1, 'admin', NULL, '/system/menu', '127.0.0.1', 'IP', '{\"children\":[],\"createTime\":\"2023-03-27 10:35:43\",\"icon\":\"international\",\"isCache\":\"0\",\"isFrame\":\"0\",\"menuId\":4,\"menuName\":\"\",\"menuType\":\"M\",\"orderNum\":20,\"params\":{},\"parentId\":0,\"path\":\"https://mirrorseek.com\",\"perms\":\"\",\"query\":\"\",\"status\":\"0\",\"updateBy\":\"admin\",\"visible\":\"0\"}', '{\"msg\":\"\",\"code\":200}', 0, NULL, '2023-11-17 20:45:53');
INSERT INTO `sys_oper_log` VALUES (460, '', 2, 'cn.ms.car.appointment.controller.BusServiceItemController.updateSaleStatus()', 'PUT', 1, 'admin', NULL, '/appointment/serviceItem/saleStatus/3', '127.0.0.1', 'IP', '3', NULL, 1, '', '2023-11-17 22:26:21');
INSERT INTO `sys_oper_log` VALUES (461, '', 2, 'cn.ms.car.appointment.controller.BusServiceItemController.updateSaleStatus()', 'PUT', 1, 'admin', NULL, '/appointment/serviceItem/saleStatus/9', '127.0.0.1', 'IP', '9', NULL, 1, '', '2023-11-17 22:38:22');
INSERT INTO `sys_oper_log` VALUES (462, '', 2, 'cn.ms.car.appointment.controller.BusServiceItemController.updateSaleStatus()', 'PUT', 1, 'admin', NULL, '/appointment/serviceItem/saleStatus/8', '127.0.0.1', 'IP', '8', '{\"msg\":\"\",\"code\":200}', 0, NULL, '2023-11-17 22:38:26');
INSERT INTO `sys_oper_log` VALUES (463, '', 2, 'cn.ms.car.appointment.controller.BusServiceItemController.edit()', 'PUT', 1, 'admin', NULL, '/appointment/serviceItem', '127.0.0.1', 'IP', '{\"carPackage\":0,\"createTime\":\"2023-11-14 10:32:30\",\"discountPrice\":1504,\"id\":8,\"info\":\"\",\"name\":\"\",\"originalPrice\":6000,\"params\":{},\"serviceCatalog\":1}', '{\"msg\":\"\",\"code\":200}', 0, NULL, '2023-11-17 22:38:33');
INSERT INTO `sys_oper_log` VALUES (464, '', 2, 'cn.ms.car.appointment.controller.BusServiceItemController.updateSaleStatus()', 'PUT', 1, 'admin', NULL, '/appointment/serviceItem/saleStatus/8', '127.0.0.1', 'IP', '8', '{\"msg\":\"\",\"code\":200}', 0, NULL, '2023-11-17 22:38:35');
INSERT INTO `sys_oper_log` VALUES (465, '', 1, 'cn.ms.car.appointment.controller.BusServiceItemController.add()', 'POST', 1, 'admin', NULL, '/appointment/serviceItem', '127.0.0.1', 'IP', '{\"carPackage\":0,\"discountPrice\":9.9,\"info\":\"\",\"name\":\"\",\"originalPrice\":9999,\"params\":{},\"serviceCatalog\":1}', '{\"msg\":\"\",\"code\":200}', 0, NULL, '2023-11-17 22:39:50');
INSERT INTO `sys_oper_log` VALUES (466, '', 2, 'cn.ms.car.appointment.controller.BusServiceItemController.updateSaleStatus()', 'PUT', 1, 'admin', NULL, '/appointment/serviceItem/saleStatus/38', '127.0.0.1', 'IP', '38', '{\"msg\":\"\",\"code\":200}', 0, NULL, '2023-11-17 22:40:05');

-- ----------------------------
-- Table structure for sys_post
-- ----------------------------
DROP TABLE IF EXISTS `sys_post`;
CREATE TABLE `sys_post`  (
  `post_id` bigint(20) NOT NULL AUTO_INCREMENT COMMENT 'ID',
  `post_code` varchar(64) CHARACTER SET utf8 COLLATE utf8_general_ci NOT NULL COMMENT '',
  `post_name` varchar(50) CHARACTER SET utf8 COLLATE utf8_general_ci NOT NULL COMMENT '',
  `post_sort` int(4) NOT NULL COMMENT '',
  `status` char(1) CHARACTER SET utf8 COLLATE utf8_general_ci NOT NULL COMMENT '0 1',
  `create_by` varchar(64) CHARACTER SET utf8 COLLATE utf8_general_ci NULL DEFAULT '' COMMENT '',
  `create_time` datetime NULL DEFAULT NULL COMMENT '',
  `update_by` varchar(64) CHARACTER SET utf8 COLLATE utf8_general_ci NULL DEFAULT '' COMMENT '',
  `update_time` datetime NULL DEFAULT NULL COMMENT '',
  `remark` varchar(500) CHARACTER SET utf8 COLLATE utf8_general_ci NULL DEFAULT NULL COMMENT '',
  PRIMARY KEY (`post_id`) USING BTREE
) ENGINE = InnoDB AUTO_INCREMENT = 5 CHARACTER SET = utf8 COLLATE = utf8_general_ci COMMENT = '' ROW_FORMAT = Dynamic;

-- ----------------------------
-- Records of sys_post
-- ----------------------------
INSERT INTO `sys_post` VALUES (1, 'ceo', '', 1, '0', 'admin', '2023-03-27 10:35:43', '', NULL, '');
INSERT INTO `sys_post` VALUES (2, 'se', '', 2, '0', 'admin', '2023-03-27 10:35:43', '', NULL, '');
INSERT INTO `sys_post` VALUES (3, 'hr', '', 3, '0', 'admin', '2023-03-27 10:35:43', '', NULL, '');
INSERT INTO `sys_post` VALUES (4, 'user', '', 4, '0', 'admin', '2023-03-27 10:35:43', '', NULL, '');

-- ----------------------------
-- Table structure for sys_role
-- ----------------------------
DROP TABLE IF EXISTS `sys_role`;
CREATE TABLE `sys_role`  (
  `role_id` bigint(20) NOT NULL AUTO_INCREMENT COMMENT 'ID',
  `role_name` varchar(30) CHARACTER SET utf8 COLLATE utf8_general_ci NOT NULL COMMENT '',
  `role_key` varchar(100) CHARACTER SET utf8 COLLATE utf8_general_ci NOT NULL COMMENT '',
  `role_sort` int(4) NOT NULL COMMENT '',
  `data_scope` char(1) CHARACTER SET utf8 COLLATE utf8_general_ci NULL DEFAULT '1' COMMENT '1 2 3 4',
  `menu_check_strictly` tinyint(1) NULL DEFAULT 1 COMMENT '',
  `dept_check_strictly` tinyint(1) NULL DEFAULT 1 COMMENT '',
  `status` char(1) CHARACTER SET utf8 COLLATE utf8_general_ci NOT NULL COMMENT '0 1',
  `del_flag` char(1) CHARACTER SET utf8 COLLATE utf8_general_ci NULL DEFAULT '0' COMMENT '0 2',
  `create_by` varchar(64) CHARACTER SET utf8 COLLATE utf8_general_ci NULL DEFAULT '' COMMENT '',
  `create_time` datetime NULL DEFAULT NULL COMMENT '',
  `update_by` varchar(64) CHARACTER SET utf8 COLLATE utf8_general_ci NULL DEFAULT '' COMMENT '',
  `update_time` datetime NULL DEFAULT NULL COMMENT '',
  `remark` varchar(500) CHARACTER SET utf8 COLLATE utf8_general_ci NULL DEFAULT NULL COMMENT '',
  PRIMARY KEY (`role_id`) USING BTREE
) ENGINE = InnoDB AUTO_INCREMENT = 5 CHARACTER SET = utf8 COLLATE = utf8_general_ci COMMENT = '' ROW_FORMAT = Dynamic;

-- ----------------------------
-- Records of sys_role
-- ----------------------------
INSERT INTO `sys_role` VALUES (1, '', 'admin', 1, '1', 1, 1, '0', '0', 'admin', '2023-03-27 10:35:43', '', NULL, '');
INSERT INTO `sys_role` VALUES (2, '', 'common', 2, '2', 1, 1, '0', '0', 'admin', '2023-03-27 10:35:43', '', NULL, '');
INSERT INTO `sys_role` VALUES (3, '', 'shopOwner', 3, '1', 1, 1, '0', '0', 'admin', '2023-04-08 16:02:34', 'admin', '2023-04-11 14:18:52', NULL);
INSERT INTO `sys_role` VALUES (4, '', 'financial', 4, '1', 1, 1, '0', '0', 'admin', '2023-04-08 16:03:13', 'admin', '2023-04-11 14:18:57', NULL);

-- ----------------------------
-- Table structure for sys_role_dept
-- ----------------------------
DROP TABLE IF EXISTS `sys_role_dept`;
CREATE TABLE `sys_role_dept`  (
  `role_id` bigint(20) NOT NULL COMMENT 'ID',
  `dept_id` bigint(20) NOT NULL COMMENT 'ID',
  PRIMARY KEY (`role_id`, `dept_id`) USING BTREE
) ENGINE = InnoDB CHARACTER SET = utf8 COLLATE = utf8_general_ci COMMENT = '' ROW_FORMAT = Dynamic;

-- ----------------------------
-- Records of sys_role_dept
-- ----------------------------
INSERT INTO `sys_role_dept` VALUES (2, 100);
INSERT INTO `sys_role_dept` VALUES (2, 101);
INSERT INTO `sys_role_dept` VALUES (2, 105);

-- ----------------------------
-- Table structure for sys_role_menu
-- ----------------------------
DROP TABLE IF EXISTS `sys_role_menu`;
CREATE TABLE `sys_role_menu`  (
  `role_id` bigint(20) NOT NULL COMMENT 'ID',
  `menu_id` bigint(20) NOT NULL COMMENT 'ID',
  PRIMARY KEY (`role_id`, `menu_id`) USING BTREE
) ENGINE = InnoDB CHARACTER SET = utf8 COLLATE = utf8_general_ci COMMENT = '' ROW_FORMAT = Dynamic;

-- ----------------------------
-- Records of sys_role_menu
-- ----------------------------
INSERT INTO `sys_role_menu` VALUES (2, 1);
INSERT INTO `sys_role_menu` VALUES (2, 2);
INSERT INTO `sys_role_menu` VALUES (2, 3);
INSERT INTO `sys_role_menu` VALUES (2, 4);
INSERT INTO `sys_role_menu` VALUES (2, 100);
INSERT INTO `sys_role_menu` VALUES (2, 101);
INSERT INTO `sys_role_menu` VALUES (2, 102);
INSERT INTO `sys_role_menu` VALUES (2, 103);
INSERT INTO `sys_role_menu` VALUES (2, 104);
INSERT INTO `sys_role_menu` VALUES (2, 105);
INSERT INTO `sys_role_menu` VALUES (2, 106);
INSERT INTO `sys_role_menu` VALUES (2, 107);
INSERT INTO `sys_role_menu` VALUES (2, 108);
INSERT INTO `sys_role_menu` VALUES (2, 109);
INSERT INTO `sys_role_menu` VALUES (2, 110);
INSERT INTO `sys_role_menu` VALUES (2, 111);
INSERT INTO `sys_role_menu` VALUES (2, 112);
INSERT INTO `sys_role_menu` VALUES (2, 113);
INSERT INTO `sys_role_menu` VALUES (2, 114);
INSERT INTO `sys_role_menu` VALUES (2, 115);
INSERT INTO `sys_role_menu` VALUES (2, 116);
INSERT INTO `sys_role_menu` VALUES (2, 117);
INSERT INTO `sys_role_menu` VALUES (2, 500);
INSERT INTO `sys_role_menu` VALUES (2, 501);
INSERT INTO `sys_role_menu` VALUES (2, 1000);
INSERT INTO `sys_role_menu` VALUES (2, 1001);
INSERT INTO `sys_role_menu` VALUES (2, 1002);
INSERT INTO `sys_role_menu` VALUES (2, 1003);
INSERT INTO `sys_role_menu` VALUES (2, 1004);
INSERT INTO `sys_role_menu` VALUES (2, 1005);
INSERT INTO `sys_role_menu` VALUES (2, 1006);
INSERT INTO `sys_role_menu` VALUES (2, 1007);
INSERT INTO `sys_role_menu` VALUES (2, 1008);
INSERT INTO `sys_role_menu` VALUES (2, 1009);
INSERT INTO `sys_role_menu` VALUES (2, 1010);
INSERT INTO `sys_role_menu` VALUES (2, 1011);
INSERT INTO `sys_role_menu` VALUES (2, 1012);
INSERT INTO `sys_role_menu` VALUES (2, 1013);
INSERT INTO `sys_role_menu` VALUES (2, 1014);
INSERT INTO `sys_role_menu` VALUES (2, 1015);
INSERT INTO `sys_role_menu` VALUES (2, 1016);
INSERT INTO `sys_role_menu` VALUES (2, 1017);
INSERT INTO `sys_role_menu` VALUES (2, 1018);
INSERT INTO `sys_role_menu` VALUES (2, 1019);
INSERT INTO `sys_role_menu` VALUES (2, 1020);
INSERT INTO `sys_role_menu` VALUES (2, 1021);
INSERT INTO `sys_role_menu` VALUES (2, 1022);
INSERT INTO `sys_role_menu` VALUES (2, 1023);
INSERT INTO `sys_role_menu` VALUES (2, 1024);
INSERT INTO `sys_role_menu` VALUES (2, 1025);
INSERT INTO `sys_role_menu` VALUES (2, 1026);
INSERT INTO `sys_role_menu` VALUES (2, 1027);
INSERT INTO `sys_role_menu` VALUES (2, 1028);
INSERT INTO `sys_role_menu` VALUES (2, 1029);
INSERT INTO `sys_role_menu` VALUES (2, 1030);
INSERT INTO `sys_role_menu` VALUES (2, 1031);
INSERT INTO `sys_role_menu` VALUES (2, 1032);
INSERT INTO `sys_role_menu` VALUES (2, 1033);
INSERT INTO `sys_role_menu` VALUES (2, 1034);
INSERT INTO `sys_role_menu` VALUES (2, 1035);
INSERT INTO `sys_role_menu` VALUES (2, 1036);
INSERT INTO `sys_role_menu` VALUES (2, 1037);
INSERT INTO `sys_role_menu` VALUES (2, 1038);
INSERT INTO `sys_role_menu` VALUES (2, 1039);
INSERT INTO `sys_role_menu` VALUES (2, 1040);
INSERT INTO `sys_role_menu` VALUES (2, 1041);
INSERT INTO `sys_role_menu` VALUES (2, 1042);
INSERT INTO `sys_role_menu` VALUES (2, 1043);
INSERT INTO `sys_role_menu` VALUES (2, 1044);
INSERT INTO `sys_role_menu` VALUES (2, 1045);
INSERT INTO `sys_role_menu` VALUES (2, 1046);
INSERT INTO `sys_role_menu` VALUES (2, 1047);
INSERT INTO `sys_role_menu` VALUES (2, 1048);
INSERT INTO `sys_role_menu` VALUES (2, 1049);
INSERT INTO `sys_role_menu` VALUES (2, 1050);
INSERT INTO `sys_role_menu` VALUES (2, 1051);
INSERT INTO `sys_role_menu` VALUES (2, 1052);
INSERT INTO `sys_role_menu` VALUES (2, 1053);
INSERT INTO `sys_role_menu` VALUES (2, 1054);
INSERT INTO `sys_role_menu` VALUES (2, 1055);
INSERT INTO `sys_role_menu` VALUES (2, 1056);
INSERT INTO `sys_role_menu` VALUES (2, 1057);
INSERT INTO `sys_role_menu` VALUES (2, 1058);
INSERT INTO `sys_role_menu` VALUES (2, 1059);
INSERT INTO `sys_role_menu` VALUES (2, 1060);
INSERT INTO `sys_role_menu` VALUES (3, 2000);
INSERT INTO `sys_role_menu` VALUES (3, 2001);
INSERT INTO `sys_role_menu` VALUES (3, 2002);
INSERT INTO `sys_role_menu` VALUES (3, 2003);
INSERT INTO `sys_role_menu` VALUES (3, 2004);
INSERT INTO `sys_role_menu` VALUES (3, 2005);
INSERT INTO `sys_role_menu` VALUES (3, 2006);
INSERT INTO `sys_role_menu` VALUES (3, 2007);
INSERT INTO `sys_role_menu` VALUES (3, 2008);
INSERT INTO `sys_role_menu` VALUES (3, 2009);
INSERT INTO `sys_role_menu` VALUES (3, 2010);
INSERT INTO `sys_role_menu` VALUES (3, 2011);
INSERT INTO `sys_role_menu` VALUES (3, 2012);
INSERT INTO `sys_role_menu` VALUES (3, 2013);
INSERT INTO `sys_role_menu` VALUES (3, 2014);
INSERT INTO `sys_role_menu` VALUES (3, 2015);
INSERT INTO `sys_role_menu` VALUES (3, 2016);
INSERT INTO `sys_role_menu` VALUES (3, 2017);
INSERT INTO `sys_role_menu` VALUES (3, 2018);
INSERT INTO `sys_role_menu` VALUES (3, 2019);
INSERT INTO `sys_role_menu` VALUES (3, 2020);
INSERT INTO `sys_role_menu` VALUES (3, 2021);
INSERT INTO `sys_role_menu` VALUES (3, 2022);
INSERT INTO `sys_role_menu` VALUES (3, 2023);
INSERT INTO `sys_role_menu` VALUES (3, 2030);
INSERT INTO `sys_role_menu` VALUES (3, 2031);
INSERT INTO `sys_role_menu` VALUES (3, 2032);
INSERT INTO `sys_role_menu` VALUES (3, 2033);
INSERT INTO `sys_role_menu` VALUES (3, 2034);
INSERT INTO `sys_role_menu` VALUES (3, 2035);
INSERT INTO `sys_role_menu` VALUES (3, 2036);
INSERT INTO `sys_role_menu` VALUES (3, 2037);
INSERT INTO `sys_role_menu` VALUES (3, 2038);
INSERT INTO `sys_role_menu` VALUES (3, 2039);
INSERT INTO `sys_role_menu` VALUES (3, 2040);
INSERT INTO `sys_role_menu` VALUES (3, 2041);
INSERT INTO `sys_role_menu` VALUES (3, 2042);
INSERT INTO `sys_role_menu` VALUES (3, 2043);
INSERT INTO `sys_role_menu` VALUES (3, 2044);
INSERT INTO `sys_role_menu` VALUES (3, 2045);
INSERT INTO `sys_role_menu` VALUES (4, 2023);
INSERT INTO `sys_role_menu` VALUES (4, 2036);
INSERT INTO `sys_role_menu` VALUES (4, 2037);
INSERT INTO `sys_role_menu` VALUES (4, 2038);
INSERT INTO `sys_role_menu` VALUES (4, 2039);
INSERT INTO `sys_role_menu` VALUES (4, 2040);
INSERT INTO `sys_role_menu` VALUES (4, 2041);
INSERT INTO `sys_role_menu` VALUES (4, 2042);
INSERT INTO `sys_role_menu` VALUES (4, 2043);
INSERT INTO `sys_role_menu` VALUES (4, 2044);
INSERT INTO `sys_role_menu` VALUES (4, 2045);

-- ----------------------------
-- Table structure for sys_user
-- ----------------------------
DROP TABLE IF EXISTS `sys_user`;
CREATE TABLE `sys_user`  (
  `user_id` bigint(20) NOT NULL AUTO_INCREMENT COMMENT 'ID',
  `dept_id` bigint(20) NULL DEFAULT NULL COMMENT 'ID',
  `user_name` varchar(30) CHARACTER SET utf8 COLLATE utf8_general_ci NOT NULL COMMENT '',
  `nick_name` varchar(30) CHARACTER SET utf8 COLLATE utf8_general_ci NOT NULL COMMENT '',
  `user_type` varchar(2) CHARACTER SET utf8 COLLATE utf8_general_ci NULL DEFAULT '00' COMMENT '00',
  `email` varchar(50) CHARACTER SET utf8 COLLATE utf8_general_ci NULL DEFAULT '' COMMENT '',
  `phonenumber` varchar(11) CHARACTER SET utf8 COLLATE utf8_general_ci NULL DEFAULT '' COMMENT '',
  `sex` char(1) CHARACTER SET utf8 COLLATE utf8_general_ci NULL DEFAULT '0' COMMENT '0 1 2',
  `avatar` varchar(100) CHARACTER SET utf8 COLLATE utf8_general_ci NULL DEFAULT '' COMMENT '',
  `password` varchar(100) CHARACTER SET utf8 COLLATE utf8_general_ci NULL DEFAULT '' COMMENT '',
  `status` char(1) CHARACTER SET utf8 COLLATE utf8_general_ci NULL DEFAULT '0' COMMENT '0 1',
  `del_flag` char(1) CHARACTER SET utf8 COLLATE utf8_general_ci NULL DEFAULT '0' COMMENT '0 2',
  `login_ip` varchar(128) CHARACTER SET utf8 COLLATE utf8_general_ci NULL DEFAULT '' COMMENT 'IP',
  `login_date` datetime NULL DEFAULT NULL COMMENT '',
  `create_by` varchar(64) CHARACTER SET utf8 COLLATE utf8_general_ci NULL DEFAULT '' COMMENT '',
  `create_time` datetime NULL DEFAULT NULL COMMENT '',
  `update_by` varchar(64) CHARACTER SET utf8 COLLATE utf8_general_ci NULL DEFAULT '' COMMENT '',
  `update_time` datetime NULL DEFAULT NULL COMMENT '',
  `remark` varchar(500) CHARACTER SET utf8 COLLATE utf8_general_ci NULL DEFAULT NULL COMMENT '',
  PRIMARY KEY (`user_id`) USING BTREE
) ENGINE = InnoDB AUTO_INCREMENT = 7 CHARACTER SET = utf8 COLLATE = utf8_general_ci COMMENT = '' ROW_FORMAT = Dynamic;

-- ----------------------------
-- Records of sys_user
-- ----------------------------
INSERT INTO `sys_user` VALUES (1, 103, 'admin', '', '00', 'ry@163.com', '15888888888', '1', '/profile/avatar/2023/11/17/blob_20231117192615A001.png', '$2a$10$ugc9IiYuoPnu2dSaiTX/weDYM8qK9rTnQGHFplJ2aPvvXTYS3UgDO', '0', '0', '127.0.0.1', '2023-11-17 23:19:44', 'admin', '2023-03-27 10:35:42', '', '2023-11-17 23:19:43', '');
INSERT INTO `sys_user` VALUES (2, 105, 'ry', '', '00', 'ry@qq.com', '15666666666', '1', '', '$2a$10$7JB720yubVSZvUI0rEqK/.VqGOZTH.ulu33dHOiBE8ByOhJIrdAu2', '0', '0', '127.0.0.1', '2023-03-27 10:35:42', 'admin', '2023-03-27 10:35:42', '', NULL, '');
INSERT INTO `sys_user` VALUES (3, 100, 'xiaoliu', '', '00', '', '', '0', '', '$2a$10$f8Q31v/rVlSfb8QKJpSVsOtC1qfqzsIvnsCX8C/kt/ehyklsivaMS', '0', '0', '127.0.0.1', '2023-04-11 16:29:57', 'admin', '2023-04-08 16:03:50', '', '2023-04-11 16:29:57', NULL);
INSERT INTO `sys_user` VALUES (4, 101, 'laoliu', '', '00', '', '', '0', '', '$2a$10$6mMpnnf3a0kzrEAEh3Ri..IQtqSpajQAIJ3cIWCbXlZ8Jy8r/EbIa', '0', '0', '127.0.0.1', '2023-04-11 11:49:47', 'admin', '2023-04-08 16:04:17', '', '2023-04-11 11:49:47', NULL);
INSERT INTO `sys_user` VALUES (5, 102, 'xiaohei', '', '00', '', '', '0', '', '$2a$10$T1P2sJayFTPuFqYDLyBPsuwakkjO9VldaKexjET0ww9rLSq18CXKa', '0', '0', '', NULL, 'admin', '2023-04-08 16:04:44', 'admin', '2023-04-08 16:05:22', NULL);
INSERT INTO `sys_user` VALUES (6, 108, 'xiaobai', '', '00', '', '', '0', '', '$2a$10$U/UHsjEpnnBF5fNFXJRdgOnRIhxUkTSxf6AkIBe1Tj.iPi6ld9B2u', '0', '0', '', NULL, 'admin', '2023-04-08 16:05:05', '', NULL, NULL);

-- ----------------------------
-- Table structure for sys_user_post
-- ----------------------------
DROP TABLE IF EXISTS `sys_user_post`;
CREATE TABLE `sys_user_post`  (
  `user_id` bigint(20) NOT NULL COMMENT 'ID',
  `post_id` bigint(20) NOT NULL COMMENT 'ID',
  PRIMARY KEY (`user_id`, `post_id`) USING BTREE
) ENGINE = InnoDB CHARACTER SET = utf8 COLLATE = utf8_general_ci COMMENT = '' ROW_FORMAT = Dynamic;

-- ----------------------------
-- Records of sys_user_post
-- ----------------------------
INSERT INTO `sys_user_post` VALUES (1, 1);
INSERT INTO `sys_user_post` VALUES (2, 2);
INSERT INTO `sys_user_post` VALUES (3, 1);
INSERT INTO `sys_user_post` VALUES (4, 4);
INSERT INTO `sys_user_post` VALUES (5, 2);
INSERT INTO `sys_user_post` VALUES (6, 3);

-- ----------------------------
-- Table structure for sys_user_role
-- ----------------------------
DROP TABLE IF EXISTS `sys_user_role`;
CREATE TABLE `sys_user_role`  (
  `user_id` bigint(20) NOT NULL COMMENT 'ID',
  `role_id` bigint(20) NOT NULL COMMENT 'ID',
  PRIMARY KEY (`user_id`, `role_id`) USING BTREE
) ENGINE = InnoDB CHARACTER SET = utf8 COLLATE = utf8_general_ci COMMENT = '' ROW_FORMAT = Dynamic;

-- ----------------------------
-- Records of sys_user_role
-- ----------------------------
INSERT INTO `sys_user_role` VALUES (1, 1);
INSERT INTO `sys_user_role` VALUES (2, 2);
INSERT INTO `sys_user_role` VALUES (3, 3);
INSERT INTO `sys_user_role` VALUES (4, 4);
INSERT INTO `sys_user_role` VALUES (5, 3);
INSERT INTO `sys_user_role` VALUES (6, 4);

-- ----------------------------
-- Table structure for testa
-- ----------------------------
DROP TABLE IF EXISTS `testa`;
CREATE TABLE `testa`  (
  `name` varchar(255) CHARACTER SET utf8mb4 COLLATE utf8mb4_general_ci NULL DEFAULT NULL COMMENT '',
  `age` int(11) NULL DEFAULT NULL
) ENGINE = InnoDB CHARACTER SET = utf8mb4 COLLATE = utf8mb4_general_ci ROW_FORMAT = Dynamic;

-- ----------------------------
-- Records of testa
-- ----------------------------

SET FOREIGN_KEY_CHECKS = 1;
